ISO-10303-21;
HEADER;
FILE_DESCRIPTION (( 'STEP AP214' ),
    '1' );
FILE_NAME ('单口下21.3 带灯无弹平行脚8p.STEP',
    '2023-02-03T03:25:05',
    ( 'Windows 用户' ),
    ( 'Microsoft' ),
    'SwSTEP 2.0',
    'SolidWorks 2020',
    '' );
FILE_SCHEMA (( 'AUTOMOTIVE_DESIGN' ));
ENDSEC;

DATA;
#1 = CARTESIAN_POINT ( 'NONE',  ( 17.58046285723199986, 0.7899999978549999691, -14.14886898516100011 ) ) ;
#2 = CARTESIAN_POINT ( 'NONE',  ( 10.72117327426400024, 17.30000000000000071, -17.64999999999999858 ) ) ;
#3 = CIRCLE ( 'NONE', #1877, 0.1499999999999999667 ) ;
#4 = DIRECTION ( 'NONE',  ( -1.000000000000000000, 0.000000000000000000, 0.000000000000000000 ) ) ;
#5 = CARTESIAN_POINT ( 'NONE',  ( 8.855462857232000218, 0.000000000000000000, -19.86500000000000199 ) ) ;
#6 = CARTESIAN_POINT ( 'NONE',  ( 12.13370798800900019, 17.10000000000000142, -15.45000000000000107 ) ) ;
#7 = ORIENTED_EDGE ( 'NONE', *, *, #3757, .T. ) ;
#8 = DIRECTION ( 'NONE',  ( 0.06374322529214752897, 0.000000000000000000, -0.9979663327133607709 ) ) ;
#9 = SPHERICAL_SURFACE ( 'NONE', #2464, 0.1000000000000000056 ) ;
#10 = ORIENTED_EDGE ( 'NONE', *, *, #6208, .T. ) ;
#11 = VECTOR ( 'NONE', #4437, 1000.000000000000000 ) ;
#12 = CIRCLE ( 'NONE', #6593, 1.310040583881000753 ) ;
#13 = CARTESIAN_POINT ( 'NONE',  ( 3.900462857232000147, 0.5000000000000000000, -10.80000000000000071 ) ) ;
#14 = VERTEX_POINT ( 'NONE', #89 ) ;
#15 = CARTESIAN_POINT ( 'NONE',  ( 5.295462857231999720, 0.000000000000000000, -17.32499999999999929 ) ) ;
#16 = DIRECTION ( 'NONE',  ( 0.000000000000000000, -1.000000000000000000, 0.000000000000000000 ) ) ;
#17 = DIRECTION ( 'NONE',  ( -1.000000000000000000, 0.000000000000000000, 0.000000000000000000 ) ) ;
#18 = ORIENTED_EDGE ( 'NONE', *, *, #10347, .F. ) ;
#19 = LINE ( 'NONE', #898, #8989 ) ;
#20 = EDGE_CURVE ( 'NONE', #8950, #9439, #3796, .T. ) ;
#21 = DIRECTION ( 'NONE',  ( 0.000000000000000000, 1.000000000000000000, 0.000000000000000000 ) ) ;
#22 = ORIENTED_EDGE ( 'NONE', *, *, #10370, .F. ) ;
#23 = VECTOR ( 'NONE', #7952, 1000.000000000000000 ) ;
#24 = LINE ( 'NONE', #850, #9246 ) ;
#25 = CARTESIAN_POINT ( 'NONE',  ( 15.33046285723199986, 0.5000000000000000000, -10.80000000000000071 ) ) ;
#26 = ADVANCED_FACE ( 'NONE', ( #7187 ), #10874, .F. ) ;
#27 = CARTESIAN_POINT ( 'NONE',  ( 1.650462857231999925, 4.000000000000000000, -0.2300000000000000100 ) ) ;
#28 = EDGE_CURVE ( 'NONE', #150, #7751, #6374, .T. ) ;
#29 = VECTOR ( 'NONE', #2280, 1000.000000000000000 ) ;
#30 = ORIENTED_EDGE ( 'NONE', *, *, #6583, .T. ) ;
#31 = VECTOR ( 'NONE', #6879, 1000.000000000000000 ) ;
#32 = VERTEX_POINT ( 'NONE', #6313 ) ;
#33 = CIRCLE ( 'NONE', #4918, 0.2300000000000004541 ) ;
#34 = DIRECTION ( 'NONE',  ( -1.000000000000000000, 0.000000000000000000, 0.000000000000000000 ) ) ;
#35 = EDGE_CURVE ( 'NONE', #6266, #7796, #9880, .T. ) ;
#36 = CARTESIAN_POINT ( 'NONE',  ( 3.795273022127736429, 3.600000000000000089, -9.227546792653434693 ) ) ;
#37 = CARTESIAN_POINT ( 'NONE',  ( 15.33719037745900060, 17.30000000000000071, -17.14902513027200115 ) ) ;
#38 = CIRCLE ( 'NONE', #10710, 1.574999999999999289 ) ;
#39 = CARTESIAN_POINT ( 'NONE',  ( 15.66292367718299872, 4.000000000000000000, -12.26290869432999919 ) ) ;
#40 = EDGE_CURVE ( 'NONE', #2132, #6453, #1904, .T. ) ;
#41 = EDGE_CURVE ( 'NONE', #6151, #233, #2724, .T. ) ;
#42 = ORIENTED_EDGE ( 'NONE', *, *, #2061, .T. ) ;
#43 = TOROIDAL_SURFACE ( 'NONE', #9607, 1.310040583880999865, 0.1000000000000000056 ) ;
#44 = VECTOR ( 'NONE', #10402, 1000.000000000000000 ) ;
#45 = CARTESIAN_POINT ( 'NONE',  ( 13.49399962550600129, 17.30000000000000071, -17.56236614695500009 ) ) ;
#46 = ORIENTED_EDGE ( 'NONE', *, *, #6212, .F. ) ;
#47 = UNCERTAINTY_MEASURE_WITH_UNIT (LENGTH_MEASURE( 1.000000000000000082E-05 ), #5584, 'distance_accuracy_value', 'NONE');
#48 = ORIENTED_EDGE ( 'NONE', *, *, #1045, .T. ) ;
#49 = ORIENTED_EDGE ( 'NONE', *, *, #841, .T. ) ;
#50 = VERTEX_POINT ( 'NONE', #9072 ) ;
#51 = ADVANCED_FACE ( 'NONE', ( #7240 ), #7367, .T. ) ;
#52 = EDGE_CURVE ( 'NONE', #7771, #4163, #8490, .T. ) ;
#53 = VECTOR ( 'NONE', #1054, 1000.000000000000000 ) ;
#54 = EDGE_CURVE ( 'NONE', #8480, #1143, #5542, .T. ) ;
#55 = CIRCLE ( 'NONE', #6629, 0.1499999999999999667 ) ;
#56 = DIRECTION ( 'NONE',  ( 0.000000000000000000, 0.000000000000000000, -1.000000000000000000 ) ) ;
#57 = AXIS2_PLACEMENT_3D ( 'NONE', #1706, #3397, #6111 ) ;
#58 = CARTESIAN_POINT ( 'NONE',  ( 3.235462857232000111, 0.000000000000000000, -6.989999999999999325 ) ) ;
#59 = LINE ( 'NONE', #1003, #8467 ) ;
#60 = CARTESIAN_POINT ( 'NONE',  ( 6.215462857231999649, 4.000000000000000000, -19.86500000000000199 ) ) ;
#61 = ADVANCED_FACE ( 'NONE', ( #4660 ), #8309, .T. ) ;
#62 = ORIENTED_EDGE ( 'NONE', *, *, #7515, .F. ) ;
#63 = CARTESIAN_POINT ( 'NONE',  ( 10.47546285723199944, 0.5000000000000000000, -16.97500000000000142 ) ) ;
#64 = DIRECTION ( 'NONE',  ( -1.000000000000000000, 0.000000000000000000, 0.000000000000000000 ) ) ;
#65 = CARTESIAN_POINT ( 'NONE',  ( 6.565462857232000182, 0.000000000000000000, -19.86500000000000199 ) ) ;
#66 = CARTESIAN_POINT ( 'NONE',  ( 14.64471057628099970, 17.10000000000000142, -17.29456826448399909 ) ) ;
#67 = ORIENTED_EDGE ( 'NONE', *, *, #6795, .F. ) ;
#68 = EDGE_LOOP ( 'NONE', ( #5916, #4756, #8538, #2479 ) ) ;
#69 = CARTESIAN_POINT ( 'NONE',  ( 15.08202482738800043, 3.600000000000000089, -9.244717535199999503 ) ) ;
#70 = CARTESIAN_POINT ( 'NONE',  ( 6.665462857231999827, 4.000000000000000000, -19.86500000000000199 ) ) ;
#71 = FACE_OUTER_BOUND ( 'NONE', #6392, .T. ) ;
#72 = CARTESIAN_POINT ( 'NONE',  ( 7.385462857231999578, 5.689999999999999503, -0.2500000000000000000 ) ) ;
#73 = DIRECTION ( 'NONE',  ( 0.5773502691896257311, -0.5773502691896257311, -0.5773502691896257311 ) ) ;
#74 = ORIENTED_EDGE ( 'NONE', *, *, #10573, .F. ) ;
#75 = DIRECTION ( 'NONE',  ( 0.000000000000000000, 1.000000000000000000, 0.000000000000000000 ) ) ;
#76 = DIRECTION ( 'NONE',  ( 0.000000000000000000, 0.000000000000000000, 1.000000000000000000 ) ) ;
#77 = VERTEX_POINT ( 'NONE', #4961 ) ;
#78 = DIRECTION ( 'NONE',  ( 0.000000000000000000, 0.000000000000000000, 1.000000000000000000 ) ) ;
#79 = ORIENTED_EDGE ( 'NONE', *, *, #10622, .T. ) ;
#80 = DIRECTION ( 'NONE',  ( 0.000000000000000000, -1.000000000000000000, 0.000000000000000000 ) ) ;
#81 = DIRECTION ( 'NONE',  ( 0.000000000000000000, -1.000000000000000000, 0.000000000000000000 ) ) ;
#82 = CARTESIAN_POINT ( 'NONE',  ( 14.78046285723200093, 4.000000000000000000, -4.750000000000000000 ) ) ;
#83 = LINE ( 'NONE', #1726, #9519 ) ;
#84 = EDGE_LOOP ( 'NONE', ( #9134, #10807, #708, #924, #7470, #11572 ) ) ;
#85 = FACE_OUTER_BOUND ( 'NONE', #2782, .T. ) ;
#86 = CARTESIAN_POINT ( 'NONE',  ( 13.56546285723199929, 6.500000000000000000, -0.2000000000000000111 ) ) ;
#87 = ORIENTED_EDGE ( 'NONE', *, *, #2124, .F. ) ;
#88 = CARTESIAN_POINT ( 'NONE',  ( 3.750462857232000236, 4.000000000000000000, -4.750000000000000000 ) ) ;
#89 = CARTESIAN_POINT ( 'NONE',  ( 12.90278829310899944, 17.10000000000000142, -16.65417823791499785 ) ) ;
#90 = VERTEX_POINT ( 'NONE', #9306 ) ;
#91 = ORIENTED_EDGE ( 'NONE', *, *, #9243, .T. ) ;
#92 = CARTESIAN_POINT ( 'NONE',  ( 15.56546285723199929, 14.75000000000000000, 0.000000000000000000 ) ) ;
#93 = DIRECTION ( 'NONE',  ( 0.000000000000000000, 0.000000000000000000, -1.000000000000000000 ) ) ;
#94 = EDGE_CURVE ( 'NONE', #6325, #6694, #7650, .T. ) ;
#95 = DIRECTION ( 'NONE',  ( -0.7064465069689832566, 0.000000000000000000, 0.7077664394355827060 ) ) ;
#96 = ADVANCED_FACE ( 'NONE', ( #11219 ), #3191, .T. ) ;
#97 = CARTESIAN_POINT ( 'NONE',  ( 7.935462857231999401, 0.5000000000000000000, -16.97500000000000142 ) ) ;
#98 = EDGE_LOOP ( 'NONE', ( #4088, #1220, #634, #4518 ) ) ;
#99 = ADVANCED_FACE ( 'NONE', ( #2320, #6675 ), #5905, .T. ) ;
#100 = CARTESIAN_POINT ( 'NONE',  ( 14.16671680186699867, 17.30000000000000071, -17.64999999999999858 ) ) ;
#101 = ORIENTED_EDGE ( 'NONE', *, *, #8522, .T. ) ;
#102 = ORIENTED_EDGE ( 'NONE', *, *, #3540, .T. ) ;
#103 = ORIENTED_EDGE ( 'NONE', *, *, #8861, .T. ) ;
#104 = ORIENTED_EDGE ( 'NONE', *, *, #192, .F. ) ;
#105 = CARTESIAN_POINT ( 'NONE',  ( 4.133127043912000254, 0.5000000000000000000, -9.343465628199998818 ) ) ;
#106 = EDGE_LOOP ( 'NONE', ( #10769, #8376, #3263, #5604, #5573, #4100, #8612 ) ) ;
#107 = DIRECTION ( 'NONE',  ( 0.000000000000000000, -1.000000000000000000, 0.000000000000000000 ) ) ;
#108 = CARTESIAN_POINT ( 'NONE',  ( 4.232923677182999889, 3.600000000000000089, -9.337091305669998675 ) ) ;
#109 = LINE ( 'NONE', #7258, #10090 ) ;
#110 = ORIENTED_EDGE ( 'NONE', *, *, #10578, .T. ) ;
#111 = CARTESIAN_POINT ( 'NONE',  ( 13.86755416290199960, 0.5000000000000000000, -10.46753918005000017 ) ) ;
#112 = ADVANCED_FACE ( 'NONE', ( #6618 ), #8590, .F. ) ;
#113 = EDGE_CURVE ( 'NONE', #4801, #9109, #1326, .T. ) ;
#114 = CARTESIAN_POINT ( 'NONE',  ( 7.163791668162000192, 17.10000000000000142, -16.83955427408200123 ) ) ;
#115 = CARTESIAN_POINT ( 'NONE',  ( 7.585462857231999756, 4.750000000000000000, -9.799999999999998934 ) ) ;
#116 = LINE ( 'NONE', #872, #4159 ) ;
#117 = ORIENTED_EDGE ( 'NONE', *, *, #9640, .F. ) ;
#118 = ORIENTED_EDGE ( 'NONE', *, *, #7122, .T. ) ;
#119 = CARTESIAN_POINT ( 'NONE',  ( 17.58046285723199986, 0.5999999999999999778, -13.23000000000000043 ) ) ;
#120 = DIRECTION ( 'NONE',  ( 0.000000000000000000, 0.000000000000000000, -1.000000000000000000 ) ) ;
#121 = EDGE_CURVE ( 'NONE', #1101, #9113, #6784, .T. ) ;
#122 = EDGE_CURVE ( 'NONE', #5362, #7381, #10288, .T. ) ;
#123 = DIRECTION ( 'NONE',  ( 0.000000000000000000, 1.000000000000000000, 0.000000000000000000 ) ) ;
#124 = CARTESIAN_POINT ( 'NONE',  ( 17.38046285723200057, 4.000000000000000000, -14.61999999999999922 ) ) ;
#125 = DIRECTION ( 'NONE',  ( -0.06374322529215019351, 0.000000000000000000, -0.9979663327133607709 ) ) ;
#126 = VERTEX_POINT ( 'NONE', #7474 ) ;
#127 = DIRECTION ( 'NONE',  ( -0.7397541567183051336, 0.000000000000000000, -0.6728772455790055229 ) ) ;
#128 = CARTESIAN_POINT ( 'NONE',  ( 4.493457275375999593, 17.30000000000000071, -15.80389970838999858 ) ) ;
#129 = VERTEX_POINT ( 'NONE', #9474 ) ;
#130 = PLANE ( 'NONE',  #1527 ) ;
#131 = EDGE_LOOP ( 'NONE', ( #3903, #6245, #3615, #7185, #10721, #10890 ) ) ;
#132 = CARTESIAN_POINT ( 'NONE',  ( 15.57890088707599929, 0.5000000000000000000, -12.35528246480399872 ) ) ;
#133 = CARTESIAN_POINT ( 'NONE',  ( 5.356997229032999464, 0.5000000000000000000, -11.03266418667999993 ) ) ;
#134 = PLANE ( 'NONE',  #5588 ) ;
#135 = CARTESIAN_POINT ( 'NONE',  ( 4.615462857232000005, 11.67999999999999972, -9.799999999999998934 ) ) ;
#136 = ORIENTED_EDGE ( 'NONE', *, *, #5391, .T. ) ;
#137 = DIRECTION ( 'NONE',  ( 0.000000000000000000, -1.000000000000000000, 0.000000000000000000 ) ) ;
#138 = CARTESIAN_POINT ( 'NONE',  ( 14.98941835139700096, 17.30000000000000071, -17.29456826448399909 ) ) ;
#139 = ORIENTED_EDGE ( 'NONE', *, *, #2925, .T. ) ;
#140 = CARTESIAN_POINT ( 'NONE',  ( 17.35046285723199944, 17.30000000000000071, -0.2300000000000000100 ) ) ;
#141 = CARTESIAN_POINT ( 'NONE',  ( 6.565462857232000182, 0.000000000000000000, -19.51500000000000057 ) ) ;
#142 = CIRCLE ( 'NONE', #3322, 0.2000000000000002609 ) ;
#143 = ORIENTED_EDGE ( 'NONE', *, *, #4474, .F. ) ;
#144 = ORIENTED_EDGE ( 'NONE', *, *, #480, .F. ) ;
#145 = CARTESIAN_POINT ( 'NONE',  ( 13.83546285723200064, 4.000000000000000000, -19.51500000000000057 ) ) ;
#146 = CYLINDRICAL_SURFACE ( 'NONE', #11022, 0.1000000000000002692 ) ;
#147 = CARTESIAN_POINT ( 'NONE',  ( 17.66715801717101186, 0.3989761812900054494, -14.04418562008298821 ) ) ;
#148 = AXIS2_PLACEMENT_3D ( 'NONE', #10802, #2772, #8165 ) ;
#149 = CYLINDRICAL_SURFACE ( 'NONE', #5228, 0.1499999999999999667 ) ;
#150 = VERTEX_POINT ( 'NONE', #10230 ) ;
#151 = DIRECTION ( 'NONE',  ( 0.000000000000000000, -1.000000000000000000, 0.000000000000000000 ) ) ;
#152 = VERTEX_POINT ( 'NONE', #1440 ) ;
#153 = AXIS2_PLACEMENT_3D ( 'NONE', #8543, #2264, #6623 ) ;
#154 = EDGE_LOOP ( 'NONE', ( #1230, #9085, #3091, #896 ) ) ;
#155 = EDGE_LOOP ( 'NONE', ( #7343, #2794, #975, #7362, #4974, #6547 ) ) ;
#156 = VECTOR ( 'NONE', #1591, 1000.000000000000000 ) ;
#157 = ORIENTED_EDGE ( 'NONE', *, *, #4850, .F. ) ;
#158 = DIRECTION ( 'NONE',  ( -0.6212291052183880335, 0.000000000000000000, -0.7836289931016852117 ) ) ;
#159 = CARTESIAN_POINT ( 'NONE',  ( 1.850462857232000102, 3.850000000000000089, -14.47000000000000064 ) ) ;
#160 = CARTESIAN_POINT ( 'NONE',  ( 5.665462857231998939, 6.400000000000000355, -0.2000000000000000111 ) ) ;
#161 = VECTOR ( 'NONE', #8300, 1000.000000000000227 ) ;
#162 = LINE ( 'NONE', #1932, #8026 ) ;
#163 = ORIENTED_EDGE ( 'NONE', *, *, #6812, .T. ) ;
#164 = PLANE ( 'NONE',  #1854 ) ;
#165 = AXIS2_PLACEMENT_3D ( 'NONE', #2093, #2790, #1039 ) ;
#166 = AXIS2_PLACEMENT_3D ( 'NONE', #8693, #6766, #531 ) ;
#167 = CARTESIAN_POINT ( 'NONE',  ( 16.49546285723199901, 4.000000000000000000, -6.490000000000000213 ) ) ;
#168 = DIRECTION ( 'NONE',  ( 1.000000000000000000, 0.000000000000000000, 0.000000000000000000 ) ) ;
#169 = EDGE_CURVE ( 'NONE', #6833, #9268, #3247, .T. ) ;
#170 = DIRECTION ( 'NONE',  ( 0.000000000000000000, 1.000000000000000000, 0.000000000000000000 ) ) ;
#171 = EDGE_CURVE ( 'NONE', #3148, #4139, #5956, .T. ) ;
#172 = EDGE_LOOP ( 'NONE', ( #10557, #5373, #8910, #4384 ) ) ;
#173 = ORIENTED_EDGE ( 'NONE', *, *, #8915, .F. ) ;
#174 = CIRCLE ( 'NONE', #1863, 0.1000000000000002692 ) ;
#175 = TOROIDAL_SURFACE ( 'NONE', #6756, 1.474999999999999867, 0.1000000000000000056 ) ;
#176 = EDGE_CURVE ( 'NONE', #10990, #8758, #9424, .T. ) ;
#177 = ADVANCED_FACE ( 'NONE', ( #10181 ), #2150, .T. ) ;
#178 = CARTESIAN_POINT ( 'NONE',  ( 4.615462857232000005, 9.679999999999999716, -9.799999999999998934 ) ) ;
#179 = LINE ( 'NONE', #3867, #6355 ) ;
#180 = PLANE ( 'NONE',  #1871 ) ;
#181 = FACE_OUTER_BOUND ( 'NONE', #9621, .T. ) ;
#182 = DIRECTION ( 'NONE',  ( 0.000000000000000000, 0.000000000000000000, -1.000000000000000000 ) ) ;
#184 = ORIENTED_EDGE ( 'NONE', *, *, #5555, .T. ) ;
#183 = PRODUCT_RELATED_PRODUCT_CATEGORY ( 'part', '', ( #7834 ) ) ;
#185 = AXIS2_PLACEMENT_3D ( 'NONE', #10033, #2647, #4525 ) ;
#186 = AXIS2_PLACEMENT_3D ( 'NONE', #361, #8213, #11096 ) ;
#187 = FACE_OUTER_BOUND ( 'NONE', #6314, .T. ) ;
#188 = DIRECTION ( 'NONE',  ( 1.000000000000000000, 0.000000000000000000, 0.000000000000000000 ) ) ;
#189 = ORIENTED_EDGE ( 'NONE', *, *, #1890, .F. ) ;
#190 = ORIENTED_EDGE ( 'NONE', *, *, #9315, .F. ) ;
#191 = DIRECTION ( 'NONE',  ( 0.000000000000000000, -1.000000000000000000, 0.000000000000000000 ) ) ;
#192 = EDGE_CURVE ( 'NONE', #11535, #4503, #1266, .T. ) ;
#193 = EDGE_CURVE ( 'NONE', #4045, #4854, #382, .T. ) ;
#194 = ORIENTED_EDGE ( 'NONE', *, *, #20, .T. ) ;
#195 = LINE ( 'NONE', #9245, #5860 ) ;
#196 = CARTESIAN_POINT ( 'NONE',  ( 2.443928485430999942, 0.5000000000000000000, -10.56733581331999972 ) ) ;
#197 = AXIS2_PLACEMENT_3D ( 'NONE', #9535, #7660, #7722 ) ;
#198 = VECTOR ( 'NONE', #1182, 1000.000000000000000 ) ;
#199 = CARTESIAN_POINT ( 'NONE',  ( 1.880462857232000129, 17.06999999999999673, -21.01999999999999957 ) ) ;
#200 = DIRECTION ( 'NONE',  ( -0.06374322529214740407, 0.000000000000000000, -0.9979663327133608819 ) ) ;
#201 = ORIENTED_EDGE ( 'NONE', *, *, #495, .F. ) ;
#202 = CARTESIAN_POINT ( 'NONE',  ( 3.850462857231999880, 3.600000000000000089, -12.37420614914300110 ) ) ;
#203 = EDGE_CURVE ( 'NONE', #11134, #6856, #2485, .T. ) ;
#204 = CARTESIAN_POINT ( 'NONE',  ( 4.450462857231999081, 3.700000000000000178, -11.64432666501200053 ) ) ;
#205 = ORIENTED_EDGE ( 'NONE', *, *, #9514, .T. ) ;
#206 = LINE ( 'NONE', #6550, #5292 ) ;
#207 = CARTESIAN_POINT ( 'NONE',  ( 1.771416010388810136, 4.120986470581367023, -0.02737548698482597867 ) ) ;
#208 = VECTOR ( 'NONE', #6047, 1000.000000000000000 ) ;
#209 = ORIENTED_EDGE ( 'NONE', *, *, #4044, .T. ) ;
#210 = ORIENTED_EDGE ( 'NONE', *, *, #9453, .T. ) ;
#211 = DIRECTION ( 'NONE',  ( 0.000000000000000000, 0.000000000000000000, -1.000000000000000000 ) ) ;
#212 = FACE_OUTER_BOUND ( 'NONE', #9623, .T. ) ;
#213 = DIRECTION ( 'NONE',  ( 1.000000000000000000, 0.000000000000000000, 0.000000000000000000 ) ) ;
#214 = CARTESIAN_POINT ( 'NONE',  ( 6.215462857231999649, 4.000000000000000000, -19.86500000000000199 ) ) ;
#215 = VECTOR ( 'NONE', #6132, 1000.000000000000000 ) ;
#216 = CARTESIAN_POINT ( 'NONE',  ( 1.850462857232000102, 0.5999999999999999778, -13.23000000000000043 ) ) ;
#217 = ORIENTED_EDGE ( 'NONE', *, *, #9491, .F. ) ;
#218 = VECTOR ( 'NONE', #3823, 1000.000000000000000 ) ;
#219 = DIRECTION ( 'NONE',  ( 0.06374322529215131761, 0.000000000000000000, -0.9979663327133606598 ) ) ;
#220 = DIRECTION ( 'NONE',  ( 0.000000000000000000, -1.000000000000000000, 0.000000000000000000 ) ) ;
#221 = AXIS2_PLACEMENT_3D ( 'NONE', #4509, #11010, #1176 ) ;
#222 = ORIENTED_EDGE ( 'NONE', *, *, #3313, .F. ) ;
#223 = AXIS2_PLACEMENT_3D ( 'NONE', #9044, #8093, #1009 ) ;
#224 = EDGE_LOOP ( 'NONE', ( #8381, #3046, #665, #9023, #422, #9628 ) ) ;
#225 = ORIENTED_EDGE ( 'NONE', *, *, #877, .F. ) ;
#226 = ORIENTED_EDGE ( 'NONE', *, *, #1484, .F. ) ;
#227 = DIRECTION ( 'NONE',  ( 1.000000000000000000, 0.000000000000000000, 0.000000000000000000 ) ) ;
#229 = CARTESIAN_POINT ( 'NONE',  ( 16.22783201400199715, 4.750000000000000000, -0.2000000000000000111 ) ) ;
#228 = AXIS2_PLACEMENT_3D ( 'NONE', #10206, #5110, #10259 ) ;
#230 = DIRECTION ( 'NONE',  ( 0.000000000000000000, -0.7071067811865475727, 0.7071067811865475727 ) ) ;
#231 = VECTOR ( 'NONE', #9737, 1000.000000000000000 ) ;
#232 = PLANE ( 'NONE',  #7838 ) ;
#233 = VERTEX_POINT ( 'NONE', #7601 ) ;
#234 = SPHERICAL_SURFACE ( 'NONE', #1125, 0.2300000000000000100 ) ;
#235 = DIRECTION ( 'NONE',  ( -1.000000000000000000, 0.000000000000000000, 0.000000000000000000 ) ) ;
#236 = VECTOR ( 'NONE', #8569, 1000.000000000000000 ) ;
#237 = DIRECTION ( 'NONE',  ( 0.000000000000000000, -1.000000000000000000, 0.000000000000000000 ) ) ;
#238 = DIRECTION ( 'NONE',  ( -0.1577384316472046910, 0.000000000000000000, 0.9874809300343374563 ) ) ;
#239 = VECTOR ( 'NONE', #5955, 1000.000000000000000 ) ;
#240 = VERTEX_POINT ( 'NONE', #6725 ) ;
#241 = EDGE_LOOP ( 'NONE', ( #1164, #5419, #5426, #7145 ) ) ;
#242 = LINE ( 'NONE', #9912, #11269 ) ;
#243 = EDGE_CURVE ( 'NONE', #8741, #3918, #5424, .T. ) ;
#244 = CARTESIAN_POINT ( 'NONE',  ( 6.604599439844999864, 17.30000000000000071, -15.45000000000000107 ) ) ;
#245 = EDGE_CURVE ( 'NONE', #2783, #2915, #7053, .T. ) ;
#246 = PLANE ( 'NONE',  #384 ) ;
#247 = CARTESIAN_POINT ( 'NONE',  ( 12.61170228694399853, 17.10000000000000142, -17.29456826448399909 ) ) ;
#248 = CARTESIAN_POINT ( 'NONE',  ( 4.450462857231999081, 3.700000000000000178, -11.64432666501200053 ) ) ;
#249 = ORIENTED_EDGE ( 'NONE', *, *, #10496, .F. ) ;
#250 = EDGE_LOOP ( 'NONE', ( #6242, #8781, #4743, #2044 ) ) ;
#251 = LINE ( 'NONE', #4887, #442 ) ;
#252 = EDGE_CURVE ( 'NONE', #11387, #1966, #2432, .T. ) ;
#253 = CARTESIAN_POINT ( 'NONE',  ( 1.650462857231999925, 0.5999999999999999778, -13.87000000000000099 ) ) ;
#254 = EDGE_LOOP ( 'NONE', ( #815, #9882, #5350, #9377 ) ) ;
#255 = EDGE_LOOP ( 'NONE', ( #2965, #10291, #6753, #67 ) ) ;
#256 = FACE_OUTER_BOUND ( 'NONE', #10038, .T. ) ;
#257 = EDGE_CURVE ( 'NONE', #3801, #5933, #2661, .T. ) ;
#258 = ORIENTED_EDGE ( 'NONE', *, *, #6218, .F. ) ;
#259 = FACE_OUTER_BOUND ( 'NONE', #2921, .T. ) ;
#260 = LINE ( 'NONE', #10043, #6742 ) ;
#261 = FACE_OUTER_BOUND ( 'NONE', #853, .T. ) ;
#262 = CARTESIAN_POINT ( 'NONE',  ( 3.900462857232000147, 3.600000000000000089, -10.80000000000000071 ) ) ;
#263 = ORIENTED_EDGE ( 'NONE', *, *, #4251, .F. ) ;
#264 = FACE_OUTER_BOUND ( 'NONE', #3548, .T. ) ;
#265 = CARTESIAN_POINT ( 'NONE',  ( 14.93579763148800055, 17.10000000000000142, -16.65417823791499785 ) ) ;
#266 = ORIENTED_EDGE ( 'NONE', *, *, #7911, .F. ) ;
#267 = CARTESIAN_POINT ( 'NONE',  ( 15.84888881256440030, 17.30000000000000071, -17.11378834902880186 ) ) ;
#268 = EDGE_CURVE ( 'NONE', #8214, #9647, #4364, .T. ) ;
#269 = EDGE_CURVE ( 'NONE', #5969, #5310, #7111, .T. ) ;
#270 = EDGE_CURVE ( 'NONE', #8852, #6531, #11547, .T. ) ;
#271 = ORIENTED_EDGE ( 'NONE', *, *, #3045, .F. ) ;
#272 = ORIENTED_EDGE ( 'NONE', *, *, #3738, .T. ) ;
#273 = CARTESIAN_POINT ( 'NONE',  ( 12.13370798800900019, 17.30000000000000071, -15.45000000000000107 ) ) ;
#274 = DIRECTION ( 'NONE',  ( -5.582835155604999732E-14, -1.000000000000000000, 8.765051194300999607E-13 ) ) ;
#275 = CARTESIAN_POINT ( 'NONE',  ( 17.76079236082700064, 0.5132749212099937397, -13.99001639344401582 ) ) ;
#276 = FACE_OUTER_BOUND ( 'NONE', #2298, .T. ) ;
#277 = CARTESIAN_POINT ( 'NONE',  ( 8.957802808031898323, 17.30000000000000071, -15.45000000000000107 ) ) ;
#278 = VERTEX_POINT ( 'NONE', #7884 ) ;
#279 = CARTESIAN_POINT ( 'NONE',  ( 6.465462857231999649, 5.890000000000000568, -0.4500000000000000111 ) ) ;
#280 = EDGE_CURVE ( 'NONE', #8905, #1064, #5072, .T. ) ;
#281 = DIRECTION ( 'NONE',  ( 1.000000000000000000, 0.000000000000000000, 0.000000000000000000 ) ) ;
#282 = VERTEX_POINT ( 'NONE', #11330 ) ;
#283 = VERTEX_POINT ( 'NONE', #5300 ) ;
#284 = VERTEX_POINT ( 'NONE', #10575 ) ;
#285 = ORIENTED_EDGE ( 'NONE', *, *, #5644, .T. ) ;
#286 = DIRECTION ( 'NONE',  ( 0.000000000000000000, 1.000000000000000000, 0.000000000000000000 ) ) ;
#287 = CARTESIAN_POINT ( 'NONE',  ( 13.79042227335100002, 4.000000000000000000, -9.259959416120000952 ) ) ;
#288 = CARTESIAN_POINT ( 'NONE',  ( 7.585462857231999756, 5.890000000000000568, 0.000000000000000000 ) ) ;
#289 = DIRECTION ( 'NONE',  ( 0.000000000000000000, 0.000000000000000000, -1.000000000000000000 ) ) ;
#290 = VERTEX_POINT ( 'NONE', #619 ) ;
#291 = DIRECTION ( 'NONE',  ( -1.000000000000000000, 0.000000000000000000, 0.000000000000000000 ) ) ;
#292 = DIRECTION ( 'NONE',  ( -1.000000000000000000, 0.000000000000000000, 0.000000000000000000 ) ) ;
#293 = LINE ( 'NONE', #6519, #10334 ) ;
#294 = DIRECTION ( 'NONE',  ( 0.5773502691896257311, 0.5773502691896257311, -0.5773502691896257311 ) ) ;
#295 = VERTEX_POINT ( 'NONE', #6019 ) ;
#296 = ORIENTED_EDGE ( 'NONE', *, *, #7653, .F. ) ;
#297 = CARTESIAN_POINT ( 'NONE',  ( 12.13370798800900019, 17.30000000000000071, -15.45000000000000107 ) ) ;
#298 = DIRECTION ( 'NONE',  ( 0.000000000000000000, 1.000000000000000000, 0.000000000000000000 ) ) ;
#299 = LINE ( 'NONE', #2127, #1684 ) ;
#300 = CARTESIAN_POINT ( 'NONE',  ( 13.77518039242800185, 4.000000000000000000, -11.04843802984000156 ) ) ;
#301 = CARTESIAN_POINT ( 'NONE',  ( 4.350462857232000324, 3.600000000000000089, -4.750000000000000000 ) ) ;
#302 = ORIENTED_EDGE ( 'NONE', *, *, #2124, .T. ) ;
#303 = ORIENTED_EDGE ( 'NONE', *, *, #3825, .T. ) ;
#304 = DIRECTION ( 'NONE',  ( -1.000000000000000000, 0.000000000000000000, 0.000000000000000000 ) ) ;
#305 = CARTESIAN_POINT ( 'NONE',  ( 17.58046285723199986, 4.000000000000000000, -13.08000000000000007 ) ) ;
#306 = VERTEX_POINT ( 'NONE', #720 ) ;
#307 = ADVANCED_FACE ( 'NONE', ( #4302 ), #9591, .T. ) ;
#308 = ADVANCED_FACE ( 'NONE', ( #8653 ), #5239, .T. ) ;
#309 = CARTESIAN_POINT ( 'NONE',  ( 17.58046285723199986, 4.493779418384000302, -13.85886898516099919 ) ) ;
#310 = ORIENTED_EDGE ( 'NONE', *, *, #1431, .F. ) ;
#311 = CARTESIAN_POINT ( 'NONE',  ( 7.491425696684999913, 4.519622748046999483, -0.3559628394500004567 ) ) ;
#312 = LINE ( 'NONE', #1210, #3713 ) ;
#313 = DIRECTION ( 'NONE',  ( -1.000000000000000000, 0.000000000000000000, 0.000000000000000000 ) ) ;
#314 = ORIENTED_EDGE ( 'NONE', *, *, #10491, .F. ) ;
#315 = DIRECTION ( 'NONE',  ( -1.000000000000000000, 0.000000000000000000, 0.000000000000000000 ) ) ;
#316 = CYLINDRICAL_SURFACE ( 'NONE', #2068, 0.1999999999999996503 ) ;
#317 = ORIENTED_EDGE ( 'NONE', *, *, #4839, .F. ) ;
#318 = CARTESIAN_POINT ( 'NONE',  ( 9.105462857231998441, 0.000000000000000000, -19.51500000000000057 ) ) ;
#319 = DIRECTION ( 'NONE',  ( 0.000000000000000000, 0.000000000000000000, -1.000000000000000000 ) ) ;
#320 = ORIENTED_EDGE ( 'NONE', *, *, #6491, .F. ) ;
#321 = EDGE_CURVE ( 'NONE', #7727, #9540, #8818, .T. ) ;
#322 = EDGE_CURVE ( 'NONE', #2383, #8624, #7988, .T. ) ;
#323 = DIRECTION ( 'NONE',  ( -1.000000000000000000, 0.000000000000000000, 0.000000000000000000 ) ) ;
#324 = CARTESIAN_POINT ( 'NONE',  ( 13.45546285723199986, 4.000000000000000000, -6.989999999999999325 ) ) ;
#325 = ADVANCED_FACE ( 'NONE', ( #6952 ), #1658, .F. ) ;
#326 = EDGE_CURVE ( 'NONE', #8373, #14, #11385, .T. ) ;
#327 = DIRECTION ( 'NONE',  ( -0.1577384316472055792, 0.000000000000000000, 0.9874809300343374563 ) ) ;
#328 = DIRECTION ( 'NONE',  ( 0.000000000000000000, 1.000000000000000000, 0.000000000000000000 ) ) ;
#329 = DIRECTION ( 'NONE',  ( -0.6728772455790055229, 0.000000000000000000, -0.7397541567183051336 ) ) ;
#330 = ORIENTED_EDGE ( 'NONE', *, *, #5929, .T. ) ;
#331 = DIRECTION ( 'NONE',  ( 0.000000000000000000, -1.000000000000000000, 0.000000000000000000 ) ) ;
#332 = FACE_OUTER_BOUND ( 'NONE', #463, .T. ) ;
#333 = VERTEX_POINT ( 'NONE', #10618 ) ;
#334 = VERTEX_POINT ( 'NONE', #7769 ) ;
#335 = VERTEX_POINT ( 'NONE', #4410 ) ;
#336 = ORIENTED_EDGE ( 'NONE', *, *, #1183, .T. ) ;
#337 = CARTESIAN_POINT ( 'NONE',  ( 1.650462857231999925, 4.203779418383999378, -14.14886898516100011 ) ) ;
#338 = AXIS2_PLACEMENT_3D ( 'NONE', #10981, #3827, #10175 ) ;
#339 = ORIENTED_EDGE ( 'NONE', *, *, #5498, .F. ) ;
#340 = FACE_OUTER_BOUND ( 'NONE', #6261, .T. ) ;
#341 = EDGE_CURVE ( 'NONE', #4440, #10310, #2655, .T. ) ;
#342 = EDGE_CURVE ( 'NONE', #4027, #7749, #6891, .T. ) ;
#343 = CARTESIAN_POINT ( 'NONE',  ( 7.010588299974999771, 17.10000000000000142, -17.22869080305100198 ) ) ;
#344 = CARTESIAN_POINT ( 'NONE',  ( 6.465462857231999649, 7.649999999999999467, -0.4500000000000000111 ) ) ;
#345 = VERTEX_POINT ( 'NONE', #8707 ) ;
#346 = DIRECTION ( 'NONE',  ( 0.000000000000000000, -1.000000000000000000, 0.000000000000000000 ) ) ;
#347 = AXIS2_PLACEMENT_3D ( 'NONE', #3551, #9092, #4441 ) ;
#348 = CARTESIAN_POINT ( 'NONE',  ( 13.01546285723199858, 4.000000000000000000, -17.32499999999999929 ) ) ;
#349 = VECTOR ( 'NONE', #1333, 1000.000000000000000 ) ;
#350 = CARTESIAN_POINT ( 'NONE',  ( 15.33046285723199986, 4.000000000000000000, -10.80000000000000071 ) ) ;
#351 = EDGE_LOOP ( 'NONE', ( #7368, #3238, #2656, #10879 ) ) ;
#352 = ORIENTED_EDGE ( 'NONE', *, *, #8291, .T. ) ;
#353 = VERTEX_POINT ( 'NONE', #4243 ) ;
#354 = VECTOR ( 'NONE', #9363, 1000.000000000000000 ) ;
#355 = CARTESIAN_POINT ( 'NONE',  ( 17.58046285723199986, 0.7410306433000000137, -13.99886898516100153 ) ) ;
#356 = AXIS2_PLACEMENT_3D ( 'NONE', #199, #2662, #6430 ) ;
#357 = VECTOR ( 'NONE', #6224, 1000.000000000000000 ) ;
#358 = DIRECTION ( 'NONE',  ( 1.000000000000000000, 0.000000000000000000, 0.000000000000000000 ) ) ;
#359 = CARTESIAN_POINT ( 'NONE',  ( 10.72117327426400024, 17.10000000000000142, -17.64999999999999858 ) ) ;
#360 = DIRECTION ( 'NONE',  ( 0.000000000000000000, -1.000000000000000000, 0.000000000000000000 ) ) ;
#361 = CARTESIAN_POINT ( 'NONE',  ( 38.34681085723199345, 0.5999999999999999778, -13.83000000000000007 ) ) ;
#362 = VERTEX_POINT ( 'NONE', #1948 ) ;
#363 = DIRECTION ( 'NONE',  ( 0.6728772455790055229, 0.000000000000000000, 0.7397541567183051336 ) ) ;
#364 = AXIS2_PLACEMENT_3D ( 'NONE', #8814, #1712, #7880 ) ;
#365 = CARTESIAN_POINT ( 'NONE',  ( 3.235462857232000111, 4.000000000000000000, -6.989999999999999325 ) ) ;
#366 = VECTOR ( 'NONE', #6205, 1000.000000000000000 ) ;
#367 = VECTOR ( 'NONE', #2930, 1000.000000000000000 ) ;
#368 = ORIENTED_EDGE ( 'NONE', *, *, #8352, .T. ) ;
#369 = CARTESIAN_POINT ( 'NONE',  ( 8.519641148791000873, 17.10000000000000142, -17.64999999999999858 ) ) ;
#370 = VERTEX_POINT ( 'NONE', #2889 ) ;
#371 = DIRECTION ( 'NONE',  ( 1.000000000000000000, 0.000000000000000000, 0.000000000000000000 ) ) ;
#372 = CYLINDRICAL_SURFACE ( 'NONE', #4101, 0.5000000000000000000 ) ;
#373 = VECTOR ( 'NONE', #9950, 1000.000000000000000 ) ;
#374 = DIRECTION ( 'NONE',  ( 0.000000000000000000, -1.000000000000000000, 0.000000000000000000 ) ) ;
#375 = ORIENTED_EDGE ( 'NONE', *, *, #5729, .F. ) ;
#376 = AXIS2_PLACEMENT_3D ( 'NONE', #1213, #9251, #8536 ) ;
#377 = VECTOR ( 'NONE', #10283, 1000.000000000000114 ) ;
#378 = DIRECTION ( 'NONE',  ( 0.000000000000000000, 0.000000000000000000, -1.000000000000000000 ) ) ;
#379 = CARTESIAN_POINT ( 'NONE',  ( 14.64471057628099970, 17.30000000000000071, -15.45000000000000107 ) ) ;
#380 = ORIENTED_EDGE ( 'NONE', *, *, #3459, .T. ) ;
#381 = CARTESIAN_POINT ( 'NONE',  ( 7.966577160106000477, 17.30000000000000071, -16.20069637298600185 ) ) ;
#382 = LINE ( 'NONE', #11115, #10909 ) ;
#383 = EDGE_LOOP ( 'NONE', ( #8772, #11087, #9312, #2094, #4030, #6570 ) ) ;
#384 = AXIS2_PLACEMENT_3D ( 'NONE', #5394, #8155, #123 ) ;
#385 = VECTOR ( 'NONE', #9620, 1000.000000000000000 ) ;
#386 = DIRECTION ( 'NONE',  ( 1.000000000000000000, 0.000000000000000000, 0.000000000000000000 ) ) ;
#387 = CARTESIAN_POINT ( 'NONE',  ( 5.045462857231999720, 0.000000000000000000, -17.32499999999999929 ) ) ;
#388 = CARTESIAN_POINT ( 'NONE',  ( 4.450286698724858603, 3.669398614153382976, -11.64457734861447413 ) ) ;
#389 = DIRECTION ( 'NONE',  ( 1.000000000000000000, 0.000000000000000000, 0.000000000000000000 ) ) ;
#390 = DIRECTION ( 'NONE',  ( 0.000000000000000000, 0.000000000000000000, -1.000000000000000000 ) ) ;
#391 = ORIENTED_EDGE ( 'NONE', *, *, #2138, .F. ) ;
#392 = EDGE_CURVE ( 'NONE', #1243, #9946, #1190, .T. ) ;
#393 = EDGE_CURVE ( 'NONE', #8223, #8933, #3693, .T. ) ;
#394 = AXIS2_PLACEMENT_3D ( 'NONE', #7377, #2097, #6388 ) ;
#395 = DIRECTION ( 'NONE',  ( 1.000000000000000000, 0.000000000000000000, 0.000000000000000000 ) ) ;
#396 = DIRECTION ( 'NONE',  ( 0.000000000000000000, 1.000000000000000000, 0.000000000000000000 ) ) ;
#397 = ORIENTED_EDGE ( 'NONE', *, *, #193, .T. ) ;
#398 = EDGE_CURVE ( 'NONE', #4838, #8733, #3816, .T. ) ;
#399 = ORIENTED_EDGE ( 'NONE', *, *, #4556, .F. ) ;
#400 = ORIENTED_EDGE ( 'NONE', *, *, #5711, .F. ) ;
#401 = EDGE_LOOP ( 'NONE', ( #7701, #5208, #2806, #2555 ) ) ;
#402 = CARTESIAN_POINT ( 'NONE',  ( 15.09779867055200064, 39.85228000000000037, -12.25653437180100092 ) ) ;
#403 = ORIENTED_EDGE ( 'NONE', *, *, #8416, .T. ) ;
#404 = PLANE ( 'NONE',  #9219 ) ;
#405 = EDGE_CURVE ( 'NONE', #5310, #9992, #11076, .T. ) ;
#406 = EDGE_CURVE ( 'NONE', #1960, #4536, #7526, .T. ) ;
#407 = LINE ( 'NONE', #1408, #11441 ) ;
#408 = VECTOR ( 'NONE', #7618, 1000.000000000000000 ) ;
#409 = CARTESIAN_POINT ( 'NONE',  ( 1.691207820469998513, 0.6254923219400013723, -13.49401473660902617 ) ) ;
#410 = ORIENTED_EDGE ( 'NONE', *, *, #2197, .F. ) ;
#411 = VECTOR ( 'NONE', #1937, 1000.000000000000000 ) ;
#412 = DIRECTION ( 'NONE',  ( 0.000000000000000000, 0.000000000000000000, -1.000000000000000000 ) ) ;
#413 = VECTOR ( 'NONE', #10732, 1000.000000000000000 ) ;
#414 = PLANE ( 'NONE',  #8249 ) ;
#415 = ADVANCED_FACE ( 'NONE', ( #2711 ), #1882, .T. ) ;
#416 = EDGE_CURVE ( 'NONE', #4602, #6151, #2817, .T. ) ;
#417 = ADVANCED_FACE ( 'NONE', ( #5528 ), #9111, .T. ) ;
#418 = DIRECTION ( 'NONE',  ( -1.000000000000000000, 0.000000000000000000, 0.000000000000000000 ) ) ;
#419 = VERTEX_POINT ( 'NONE', #1819 ) ;
#420 = AXIS2_PLACEMENT_3D ( 'NONE', #7740, #11181, #1348 ) ;
#421 = AXIS2_PLACEMENT_3D ( 'NONE', #2158, #11123, #10241 ) ;
#422 = ORIENTED_EDGE ( 'NONE', *, *, #9007, .F. ) ;
#423 = VECTOR ( 'NONE', #5818, 1000.000000000000000 ) ;
#424 = ADVANCED_FACE ( 'NONE', ( #7347 ), #9, .T. ) ;
#425 = LINE ( 'NONE', #2300, #1731 ) ;
#426 = CARTESIAN_POINT ( 'NONE',  ( 13.49399962562866051, 17.30000000000000071, -17.56236614689375131 ) ) ;
#427 = AXIS2_PLACEMENT_3D ( 'NONE', #5643, #1193, #9978 ) ;
#428 = DIRECTION ( 'NONE',  ( 0.000000000000000000, -1.000000000000000000, 0.000000000000000000 ) ) ;
#429 = DIRECTION ( 'NONE',  ( 0.000000000000000000, -1.000000000000000000, 0.000000000000000000 ) ) ;
#430 = DIRECTION ( 'NONE',  ( 0.000000000000000000, 0.000000000000000000, -1.000000000000000000 ) ) ;
#431 = ORIENTED_EDGE ( 'NONE', *, *, #10622, .F. ) ;
#432 = AXIS2_PLACEMENT_3D ( 'NONE', #8000, #10698, #7830 ) ;
#433 = AXIS2_PLACEMENT_3D ( 'NONE', #3413, #10521, #7008 ) ;
#434 =( NAMED_UNIT ( * ) PLANE_ANGLE_UNIT ( ) SI_UNIT ( $, .RADIAN. ) );
#435 = CARTESIAN_POINT ( 'NONE',  ( 0.000000000000000000, 0.000000000000000000, 0.000000000000000000 ) ) ;
#436 = CARTESIAN_POINT ( 'NONE',  ( 3.465462857232000093, 7.450000000000000178, -0.2500000000000000000 ) ) ;
#437 = VERTEX_POINT ( 'NONE', #2942 ) ;
#438 = FACE_OUTER_BOUND ( 'NONE', #1730, .T. ) ;
#439 = VECTOR ( 'NONE', #213, 1000.000000000000000 ) ;
#440 = ORIENTED_EDGE ( 'NONE', *, *, #1468, .F. ) ;
#441 = CARTESIAN_POINT ( 'NONE',  ( 4.015462861701999842, 17.30000000000000071, -15.45000000000000107 ) ) ;
#442 = VECTOR ( 'NONE', #3068, 1000.000000000000000 ) ;
#443 = CARTESIAN_POINT ( 'NONE',  ( 15.56312704391199908, 39.85228000000000037, -12.25653437180100092 ) ) ;
#444 = VECTOR ( 'NONE', #2827, 1000.000000000000114 ) ;
#445 = LINE ( 'NONE', #2949, #9886 ) ;
#446 = VERTEX_POINT ( 'NONE', #4591 ) ;
#447 = DIRECTION ( 'NONE',  ( -1.000000000000000000, 0.000000000000000000, 0.000000000000000000 ) ) ;
#448 = CARTESIAN_POINT ( 'NONE',  ( 12.96546285723199965, 7.450000000000000178, -0.2500000000000000000 ) ) ;
#449 = ORIENTED_EDGE ( 'NONE', *, *, #10951, .F. ) ;
#450 = CARTESIAN_POINT ( 'NONE',  ( 12.95641006205999979, 17.30000000000000071, -17.29456826448399909 ) ) ;
#451 = CARTESIAN_POINT ( 'NONE',  ( 11.64546285723199937, 4.250000000000000000, -0.2500000000000000000 ) ) ;
#452 = ORIENTED_EDGE ( 'NONE', *, *, #1468, .T. ) ;
#453 = CARTESIAN_POINT ( 'NONE',  ( 17.38046285723200057, 3.850000000000000089, -13.23000000000000043 ) ) ;
#454 = FACE_OUTER_BOUND ( 'NONE', #7131, .T. ) ;
#455 = CYLINDRICAL_SURFACE ( 'NONE', #6150, 0.1499999999999999667 ) ;
#456 = CARTESIAN_POINT ( 'NONE',  ( 7.935462857231999401, 4.000000000000000000, -16.97500000000000142 ) ) ;
#457 = CARTESIAN_POINT ( 'NONE',  ( 3.465462857232000093, 7.450000000000000178, -0.2500000000000000000 ) ) ;
#458 = ORIENTED_EDGE ( 'NONE', *, *, #2628, .T. ) ;
#459 = CARTESIAN_POINT ( 'NONE',  ( 12.61170228694399853, 17.30000000000000071, -15.45000000000000107 ) ) ;
#460 = CARTESIAN_POINT ( 'NONE',  ( 13.45546285723199986, 0.000000000000000000, -6.490000000000000213 ) ) ;
#461 = ORIENTED_EDGE ( 'NONE', *, *, #3116, .T. ) ;
#462 = ORIENTED_EDGE ( 'NONE', *, *, #11146, .T. ) ;
#463 = EDGE_LOOP ( 'NONE', ( #8111, #3950, #709, #8941 ) ) ;
#464 = VERTEX_POINT ( 'NONE', #5401 ) ;
#465 = EDGE_CURVE ( 'NONE', #10380, #9707, #1139, .T. ) ;
#466 = CARTESIAN_POINT ( 'NONE',  ( 16.49546285723199901, 4.000000000000000000, -6.490000000000000213 ) ) ;
#467 = EDGE_CURVE ( 'NONE', #1738, #1287, #3755, .T. ) ;
#468 = ORIENTED_EDGE ( 'NONE', *, *, #7220, .F. ) ;
#469 = CARTESIAN_POINT ( 'NONE',  ( 7.585462857231999756, 4.750000000000000000, -9.799999999999998934 ) ) ;
#470 = CARTESIAN_POINT ( 'NONE',  ( 12.96546285723199965, 5.689999999999999503, -0.2500000000000000000 ) ) ;
#471 = ADVANCED_FACE ( 'NONE', ( #8993 ), #6477, .T. ) ;
#472 = LINE ( 'NONE', #10315, #7099 ) ;
#473 = ORIENTED_EDGE ( 'NONE', *, *, #2329, .F. ) ;
#474 = LINE ( 'NONE', #10201, #8036 ) ;
#475 = CARTESIAN_POINT ( 'NONE',  ( 16.22783201400199715, 7.115000000000000213, -0.2500000000000000000 ) ) ;
#476 = LINE ( 'NONE', #7623, #3575 ) ;
#477 = ORIENTED_EDGE ( 'NONE', *, *, #5985, .F. ) ;
#478 = ORIENTED_EDGE ( 'NONE', *, *, #10951, .T. ) ;
#479 = CARTESIAN_POINT ( 'NONE',  ( 15.76546285723199858, 14.55000000000000071, -0.2500000000000000000 ) ) ;
#480 = EDGE_CURVE ( 'NONE', #5657, #4813, #6319, .T. ) ;
#481 = ADVANCED_FACE ( 'NONE', ( #8159 ), #4465, .F. ) ;
#482 = CARTESIAN_POINT ( 'NONE',  ( 17.38046285723200057, 3.850000000000000089, -14.47000000000000064 ) ) ;
#483 = DIRECTION ( 'NONE',  ( 0.000000000000000000, -1.000000000000000000, 0.000000000000000000 ) ) ;
#484 = FACE_OUTER_BOUND ( 'NONE', #7378, .T. ) ;
#485 = DIRECTION ( 'NONE',  ( 0.000000000000000000, 0.000000000000000000, -1.000000000000000000 ) ) ;
#486 = DIRECTION ( 'NONE',  ( 0.000000000000000000, -1.000000000000000000, 0.000000000000000000 ) ) ;
#487 = ORIENTED_EDGE ( 'NONE', *, *, #6664, .T. ) ;
#488 = FACE_OUTER_BOUND ( 'NONE', #5763, .T. ) ;
#489 = CARTESIAN_POINT ( 'NONE',  ( 7.935462857231999401, 4.000000000000000000, -17.32499999999999929 ) ) ;
#490 = ORIENTED_EDGE ( 'NONE', *, *, #8857, .T. ) ;
#491 = ORIENTED_EDGE ( 'NONE', *, *, #2348, .F. ) ;
#492 = LINE ( 'NONE', #2480, #3785 ) ;
#493 = DIRECTION ( 'NONE',  ( 0.9979663327133607709, 0.000000000000000000, 0.06374322529214788979 ) ) ;
#494 = ADVANCED_FACE ( 'NONE', ( #950 ), #10857, .T. ) ;
#495 = EDGE_CURVE ( 'NONE', #10200, #7790, #10333, .T. ) ;
#496 = DIRECTION ( 'NONE',  ( -0.1961161351382035567, -0.9805806756909162258, 0.000000000000000000 ) ) ;
#497 = LINE ( 'NONE', #8357, #1677 ) ;
#498 = CARTESIAN_POINT ( 'NONE',  ( 17.38046285723200057, 4.000000000000000000, -14.47000000000000064 ) ) ;
#499 = ORIENTED_EDGE ( 'NONE', *, *, #1345, .F. ) ;
#500 = CARTESIAN_POINT ( 'NONE',  ( 10.90348519061599930, 17.30000000000000071, -15.45000000000000107 ) ) ;
#501 = CARTESIAN_POINT ( 'NONE',  ( 17.58046285723199986, 4.000000000000000000, -21.25000000000000000 ) ) ;
#502 = ORIENTED_EDGE ( 'NONE', *, *, #5711, .T. ) ;
#503 = CARTESIAN_POINT ( 'NONE',  ( 1.650462857231999925, 0.000000000000000000, -13.87000000000000099 ) ) ;
#504 = CARTESIAN_POINT ( 'NONE',  ( 15.47995998781411231, 3.644385162056509753, -9.232111016959416716 ) ) ;
#505 = CARTESIAN_POINT ( 'NONE',  ( 2.325462857231999969, 4.000000000000000000, -10.80000000000000071 ) ) ;
#506 = FACE_OUTER_BOUND ( 'NONE', #9271, .T. ) ;
#507 = CARTESIAN_POINT ( 'NONE',  ( 4.450462857231999081, 4.000000000000000000, -14.75000000000000000 ) ) ;
#508 = ORIENTED_EDGE ( 'NONE', *, *, #1258, .F. ) ;
#509 = DIRECTION ( 'NONE',  ( 0.000000000000000000, -1.000000000000000000, 0.000000000000000000 ) ) ;
#510 = CARTESIAN_POINT ( 'NONE',  ( 17.38046285723200057, 3.850000000000000089, -14.61999999999999922 ) ) ;
#511 = ORIENTED_EDGE ( 'NONE', *, *, #7707, .T. ) ;
#512 = ORIENTED_EDGE ( 'NONE', *, *, #7438, .F. ) ;
#513 = ORIENTED_EDGE ( 'NONE', *, *, #10878, .F. ) ;
#514 = ORIENTED_EDGE ( 'NONE', *, *, #11020, .T. ) ;
#515 = CYLINDRICAL_SURFACE ( 'NONE', #8402, 0.09999999999999968636 ) ;
#516 = ORIENTED_EDGE ( 'NONE', *, *, #5928, .T. ) ;
#517 = CARTESIAN_POINT ( 'NONE',  ( 5.775462857232000147, 4.000000000000000000, -6.490000000000000213 ) ) ;
#518 = CARTESIAN_POINT ( 'NONE',  ( 15.82284425471799949, 17.30000000000000071, -17.22409468889200213 ) ) ;
#519 = DIRECTION ( 'NONE',  ( 0.1961161351382035567, -0.9805806756909162258, 0.000000000000000000 ) ) ;
#520 = VERTEX_POINT ( 'NONE', #10268 ) ;
#521 = CARTESIAN_POINT ( 'NONE',  ( 5.765462857231999472, 6.400000000000000355, -0.2500000000000000000 ) ) ;
#522 = CARTESIAN_POINT ( 'NONE',  ( 13.79042227335100002, 0.5000000000000000000, -9.259959416120000952 ) ) ;
#523 = VERTEX_POINT ( 'NONE', #3011 ) ;
#524 = CARTESIAN_POINT ( 'NONE',  ( 15.56546285723199929, 7.649999999999999467, 0.000000000000000000 ) ) ;
#525 = AXIS2_PLACEMENT_3D ( 'NONE', #4237, #5064, #1549 ) ;
#526 = VERTEX_POINT ( 'NONE', #11152 ) ;
#527 = EDGE_LOOP ( 'NONE', ( #7760, #4940, #3249, #8502 ) ) ;
#528 = CARTESIAN_POINT ( 'NONE',  ( 7.025462857231999259, 5.790000000000000036, -0.3499999999999999778 ) ) ;
#529 = FACE_OUTER_BOUND ( 'NONE', #10445, .T. ) ;
#530 = EDGE_CURVE ( 'NONE', #2074, #10990, #9408, .T. ) ;
#531 = DIRECTION ( 'NONE',  ( 0.000000000000000000, 0.000000000000000000, -1.000000000000000000 ) ) ;
#532 = AXIS2_PLACEMENT_3D ( 'NONE', #10928, #1780, #4541 ) ;
#533 = DIRECTION ( 'NONE',  ( -1.000000000000000000, 0.000000000000000000, 0.000000000000000000 ) ) ;
#534 = CARTESIAN_POINT ( 'NONE',  ( 15.52700791484399900, 17.30000000000000071, -17.56236614695500009 ) ) ;
#535 = ADVANCED_FACE ( 'NONE', ( #3174 ), #5713, .F. ) ;
#536 = EDGE_CURVE ( 'NONE', #11529, #345, #2309, .T. ) ;
#537 = LINE ( 'NONE', #7697, #2098 ) ;
#538 = FACE_OUTER_BOUND ( 'NONE', #7761, .T. ) ;
#539 = EDGE_CURVE ( 'NONE', #1588, #5160, #2242, .T. ) ;
#540 = AXIS2_PLACEMENT_3D ( 'NONE', #10801, #9931, #7945 ) ;
#541 = ADVANCED_FACE ( 'NONE', ( #538 ), #5832, .F. ) ;
#542 = EDGE_LOOP ( 'NONE', ( #8692, #5689, #11312, #8061 ) ) ;
#543 = VECTOR ( 'NONE', #6515, 1000.000000000000000 ) ;
#544 = VECTOR ( 'NONE', #10665, 1000.000000000000114 ) ;
#545 = ORIENTED_EDGE ( 'NONE', *, *, #2535, .T. ) ;
#546 = CARTESIAN_POINT ( 'NONE',  ( 7.102942130646160201, 17.30000000000000071, -16.95927343396310150 ) ) ;
#547 = ADVANCED_FACE ( 'NONE', ( #3069 ), #637, .F. ) ;
#548 = LINE ( 'NONE', #4181, #7822 ) ;
#549 = VECTOR ( 'NONE', #10276, 1000.000000000000000 ) ;
#550 = FACE_OUTER_BOUND ( 'NONE', #6966, .T. ) ;
#551 = CARTESIAN_POINT ( 'NONE',  ( 17.45001004019534818, 4.130425787753430278, -0.02244517429202416009 ) ) ;
#552 = ORIENTED_EDGE ( 'NONE', *, *, #627, .T. ) ;
#553 = VECTOR ( 'NONE', #3375, 1000.000000000000000 ) ;
#554 = AXIS2_PLACEMENT_3D ( 'NONE', #6333, #4445, #3621 ) ;
#555 = CARTESIAN_POINT ( 'NONE',  ( 3.485878143769999937, 14.63827505982999888, -0.2617249401699989764 ) ) ;
#556 = DIRECTION ( 'NONE',  ( 0.000000000000000000, 1.000000000000000000, 0.000000000000000000 ) ) ;
#557 = EDGE_CURVE ( 'NONE', #3710, #8170, #9465, .T. ) ;
#558 = EDGE_CURVE ( 'NONE', #10910, #9647, #6773, .T. ) ;
#559 = EDGE_CURVE ( 'NONE', #2557, #8905, #4998, .T. ) ;
#560 = ORIENTED_EDGE ( 'NONE', *, *, #8291, .F. ) ;
#561 = CARTESIAN_POINT ( 'NONE',  ( 1.563767697292995917, 4.110726934833996538, -14.16538525908100077 ) ) ;
#562 = DIRECTION ( 'NONE',  ( -1.000000000000000000, 0.000000000000000000, 0.000000000000000000 ) ) ;
#563 = AXIS2_PLACEMENT_3D ( 'NONE', #2504, #730, #10582 ) ;
#564 = VECTOR ( 'NONE', #5813, 1000.000000000000000 ) ;
#565 = ADVANCED_FACE ( 'NONE', ( #4113 ), #7698, .T. ) ;
#566 = CARTESIAN_POINT ( 'NONE',  ( 17.58046285723199986, 17.06999999999999673, -0.2300000000000000100 ) ) ;
#567 = CARTESIAN_POINT ( 'NONE',  ( 7.491425696684999913, 4.519622748046999483, -0.3559628394500004567 ) ) ;
#568 = LINE ( 'NONE', #3897, #5055 ) ;
#569 = EDGE_LOOP ( 'NONE', ( #7332, #8518, #5193, #8323 ) ) ;
#570 = DIRECTION ( 'NONE',  ( -1.000000000000000000, 0.000000000000000000, 0.000000000000000000 ) ) ;
#571 = DIRECTION ( 'NONE',  ( 0.000000000000000000, 0.000000000000000000, 1.000000000000000000 ) ) ;
#572 = ORIENTED_EDGE ( 'NONE', *, *, #8185, .F. ) ;
#573 = VECTOR ( 'NONE', #5857, 1000.000000000000000 ) ;
#574 = AXIS2_PLACEMENT_3D ( 'NONE', #7224, #125, #10793 ) ;
#575 = EDGE_LOOP ( 'NONE', ( #2524, #5653, #7081, #7238, #6009, #1040 ) ) ;
#576 = ORIENTED_EDGE ( 'NONE', *, *, #7271, .F. ) ;
#577 = ORIENTED_EDGE ( 'NONE', *, *, #326, .F. ) ;
#578 = CARTESIAN_POINT ( 'NONE',  ( 14.78046285723200093, 4.000000000000000000, -11.64432666501200053 ) ) ;
#579 = VERTEX_POINT ( 'NONE', #10100 ) ;
#580 = CARTESIAN_POINT ( 'NONE',  ( 5.406549179301000763, 17.30000000000000071, -15.80389970838999858 ) ) ;
#581 = CARTESIAN_POINT ( 'NONE',  ( 9.615462857231998228, 0.000000000000000000, -21.25000000000000000 ) ) ;
#582 = AXIS2_PLACEMENT_3D ( 'NONE', #10581, #4248, #3422 ) ;
#583 = VECTOR ( 'NONE', #6474, 1000.000000000000000 ) ;
#584 = CARTESIAN_POINT ( 'NONE',  ( 17.35046285723199944, 17.06999999999999673, -0.2300000000000000100 ) ) ;
#585 = ORIENTED_EDGE ( 'NONE', *, *, #5714, .T. ) ;
#586 = DIRECTION ( 'NONE',  ( 1.000000000000000000, 0.000000000000000000, 0.000000000000000000 ) ) ;
#587 = LINE ( 'NONE', #1358, #5261 ) ;
#588 = ORIENTED_EDGE ( 'NONE', *, *, #3265, .T. ) ;
#589 = PLANE ( 'NONE',  #9415 ) ;
#590 = ORIENTED_EDGE ( 'NONE', *, *, #3925, .T. ) ;
#591 = AXIS2_PLACEMENT_3D ( 'NONE', #3377, #3607, #691 ) ;
#592 = VECTOR ( 'NONE', #9258, 1000.000000000000000 ) ;
#593 = VERTEX_POINT ( 'NONE', #2071 ) ;
#594 = DIRECTION ( 'NONE',  ( 0.000000000000000000, 1.000000000000000000, 0.000000000000000000 ) ) ;
#595 = DIRECTION ( 'NONE',  ( 1.000000000000000000, 0.000000000000000000, 0.000000000000000000 ) ) ;
#596 = CARTESIAN_POINT ( 'NONE',  ( 10.37546285723199979, 0.000000000000000000, -16.97500000000000142 ) ) ;
#597 = AXIS2_PLACEMENT_3D ( 'NONE', #13, #3579, #9345 ) ;
#598 = CARTESIAN_POINT ( 'NONE',  ( 6.166437780604000274, 17.10000000000000142, -15.45000000000000107 ) ) ;
#599 = CARTESIAN_POINT ( 'NONE',  ( 15.96546285723199965, 7.115000000000000213, 0.000000000000000000 ) ) ;
#600 = AXIS2_PLACEMENT_3D ( 'NONE', #4649, #5719, #3878 ) ;
#601 = CARTESIAN_POINT ( 'NONE',  ( 13.83546285723200064, 4.000000000000000000, -19.51500000000000057 ) ) ;
#602 = DIRECTION ( 'NONE',  ( 0.000000000000000000, -1.000000000000000000, 0.000000000000000000 ) ) ;
#603 = VECTOR ( 'NONE', #2699, 1000.000000000000000 ) ;
#604 = AXIS2_PLACEMENT_3D ( 'NONE', #10381, #7851, #5986 ) ;
#605 = ORIENTED_EDGE ( 'NONE', *, *, #5782, .F. ) ;
#606 = EDGE_CURVE ( 'NONE', #6930, #2935, #4007, .T. ) ;
#607 = ORIENTED_EDGE ( 'NONE', *, *, #8439, .F. ) ;
#608 = LINE ( 'NONE', #6884, #4524 ) ;
#609 = ADVANCED_FACE ( 'NONE', ( #6601 ), #10165, .T. ) ;
#610 = VECTOR ( 'NONE', #4892, 1000.000000000000000 ) ;
#611 = VECTOR ( 'NONE', #5796, 1000.000000000000000 ) ;
#612 = DIRECTION ( 'NONE',  ( 0.000000000000000000, 0.000000000000000000, 1.000000000000000000 ) ) ;
#613 = EDGE_CURVE ( 'NONE', #6197, #4801, #4822, .T. ) ;
#614 = DIRECTION ( 'NONE',  ( 0.000000000000000000, 0.000000000000000000, 1.000000000000000000 ) ) ;
#615 = DIRECTION ( 'NONE',  ( 0.000000000000000000, -1.000000000000000000, 0.000000000000000000 ) ) ;
#616 = CARTESIAN_POINT ( 'NONE',  ( 38.88789085723199435, 3.850000000000000089, -13.08000000000000007 ) ) ;
#617 = ORIENTED_EDGE ( 'NONE', *, *, #1200, .T. ) ;
#618 = CARTESIAN_POINT ( 'NONE',  ( 13.60905671101375880, 17.10000000000000142, -17.50445685317579958 ) ) ;
#619 = CARTESIAN_POINT ( 'NONE',  ( 4.493457275375999593, 17.10000000000000142, -17.64999999999999858 ) ) ;
#620 = ORIENTED_EDGE ( 'NONE', *, *, #4353, .F. ) ;
#621 = VECTOR ( 'NONE', #1606, 1000.000000000000114 ) ;
#622 = VECTOR ( 'NONE', #7928, 1000.000000000000000 ) ;
#623 = CARTESIAN_POINT ( 'NONE',  ( 1.563767697292994585, 4.389096053008004539, -14.24989280401000258 ) ) ;
#624 = DIRECTION ( 'NONE',  ( 0.000000000000000000, 0.000000000000000000, 1.000000000000000000 ) ) ;
#625 = CARTESIAN_POINT ( 'NONE',  ( 6.166437780604000274, 17.30000000000000071, -17.64999999999999858 ) ) ;
#626 = DIRECTION ( 'NONE',  ( 0.000000000000000000, -1.000000000000000000, 0.000000000000000000 ) ) ;
#627 = EDGE_CURVE ( 'NONE', #1249, #233, #7586, .T. ) ;
#628 = ADVANCED_FACE ( 'NONE', ( #9633 ), #1479, .T. ) ;
#629 = CARTESIAN_POINT ( 'NONE',  ( 3.667798670551999596, 0.5000000000000000000, -9.343465628199998818 ) ) ;
#630 = EDGE_CURVE ( 'NONE', #6965, #2163, #2529, .T. ) ;
#631 = ORIENTED_EDGE ( 'NONE', *, *, #8311, .T. ) ;
#632 = FACE_OUTER_BOUND ( 'NONE', #6223, .T. ) ;
#633 = LINE ( 'NONE', #8499, #1156 ) ;
#634 = ORIENTED_EDGE ( 'NONE', *, *, #3136, .T. ) ;
#635 = ORIENTED_EDGE ( 'NONE', *, *, #9913, .T. ) ;
#636 = ORIENTED_EDGE ( 'NONE', *, *, #4912, .T. ) ;
#637 = B_SPLINE_SURFACE_WITH_KNOTS ( 'NONE', 3, 1, ( 
 ( #4951, #9341 ),
 ( #4774, #8529 ),
 ( #6660, #3874 ),
 ( #9291, #7636 ) ),
 .UNSPECIFIED., .F., .F., .F.,
 ( 4, 4 ),
 ( 2, 2 ),
 ( 0.05102632724105050227, 0.9439706890604769862 ),
 ( 0.000000000000000000, 1.000000000000000000 ),
 .UNSPECIFIED. ) ;
#638 = VERTEX_POINT ( 'NONE', #10505 ) ;
#639 = DIRECTION ( 'NONE',  ( 1.000000000000000000, 0.000000000000000000, 0.000000000000000000 ) ) ;
#640 = ORIENTED_EDGE ( 'NONE', *, *, #8522, .F. ) ;
#641 = FACE_OUTER_BOUND ( 'NONE', #3639, .T. ) ;
#642 = EDGE_CURVE ( 'NONE', #7157, #11466, #6995, .T. ) ;
#643 = CARTESIAN_POINT ( 'NONE',  ( 1.563767697292994585, 0.6046833653799982278, -13.45010719598998605 ) ) ;
#644 = VERTEX_POINT ( 'NONE', #11432 ) ;
#645 = CARTESIAN_POINT ( 'NONE',  ( 4.133127043912000254, 39.85228000000000037, -12.25653437180100092 ) ) ;
#646 = ORIENTED_EDGE ( 'NONE', *, *, #3605, .T. ) ;
#647 = FACE_OUTER_BOUND ( 'NONE', #10778, .T. ) ;
#648 = ORIENTED_EDGE ( 'NONE', *, *, #7863, .T. ) ;
#649 = CARTESIAN_POINT ( 'NONE',  ( 1.500462857232000013, 0.7900000000000000355, -13.99886898516100153 ) ) ;
#650 = LINE ( 'NONE', #5992, #10534 ) ;
#651 = DIRECTION ( 'NONE',  ( 0.000000000000000000, -1.000000000000000000, 0.000000000000000000 ) ) ;
#652 = ORIENTED_EDGE ( 'NONE', *, *, #5511, .F. ) ;
#653 = CARTESIAN_POINT ( 'NONE',  ( 13.49399962562866051, 17.10000000000000142, -17.56236614689375131 ) ) ;
#654 = LINE ( 'NONE', #5166, #1723 ) ;
#655 = DIRECTION ( 'NONE',  ( 0.000000000000000000, -1.794541526872557203E-14, 1.000000000000000000 ) ) ;
#656 = DIRECTION ( 'NONE',  ( 0.7071067811865475727, 0.000000000000000000, 0.7071067811865475727 ) ) ;
#657 = DIRECTION ( 'NONE',  ( 1.390633484213999971E-13, -1.000000000000000000, -8.673695709936000046E-13 ) ) ;
#658 = ORIENTED_EDGE ( 'NONE', *, *, #827, .F. ) ;
#659 = ORIENTED_EDGE ( 'NONE', *, *, #3516, .F. ) ;
#660 = CARTESIAN_POINT ( 'NONE',  ( 7.870059025035000211, 17.10000000000000142, -15.45000000000000107 ) ) ;
#661 = CARTESIAN_POINT ( 'NONE',  ( 15.36017068599205082, 17.10000000000000142, -16.98816152254439871 ) ) ;
#662 = CARTESIAN_POINT ( 'NONE',  ( 15.78607533795620199, 17.30000000000000071, -16.61434546556229819 ) ) ;
#663 = DIRECTION ( 'NONE',  ( 0.000000000000000000, 0.000000000000000000, 1.000000000000000000 ) ) ;
#664 = CARTESIAN_POINT ( 'NONE',  ( 17.40954523028161560, 4.170915798418993958, -0.007060942074533033998 ) ) ;
#665 = ORIENTED_EDGE ( 'NONE', *, *, #5260, .T. ) ;
#666 = LINE ( 'NONE', #4242, #4356 ) ;
#667 = DIRECTION ( 'NONE',  ( 1.000000000000000000, 0.000000000000000000, 0.000000000000000000 ) ) ;
#668 = ORIENTED_EDGE ( 'NONE', *, *, #1897, .T. ) ;
#669 = LINE ( 'NONE', #10461, #4330 ) ;
#670 = CARTESIAN_POINT ( 'NONE',  ( 2.443928485430999942, 0.4000000000000000222, -11.03266418667999993 ) ) ;
#671 = CARTESIAN_POINT ( 'NONE',  ( 5.688443350538999965, 17.10000000000000142, -17.64999999999999858 ) ) ;
#672 = DIRECTION ( 'NONE',  ( 0.000000000000000000, -1.000000000000000000, 0.000000000000000000 ) ) ;
#673 = FACE_OUTER_BOUND ( 'NONE', #9875, .T. ) ;
#674 = ORIENTED_EDGE ( 'NONE', *, *, #6739, .T. ) ;
#675 = CARTESIAN_POINT ( 'NONE',  ( 11.64546285723199937, 4.250000000000000000, 0.000000000000000000 ) ) ;
#676 = LINE ( 'NONE', #3594, #7518 ) ;
#677 = ADVANCED_FACE ( 'NONE', ( #1647 ), #6936, .T. ) ;
#678 = VERTEX_POINT ( 'NONE', #7041 ) ;
#679 = EDGE_CURVE ( 'NONE', #6856, #4431, #7555, .T. ) ;
#680 = ORIENTED_EDGE ( 'NONE', *, *, #11309, .F. ) ;
#681 = ORIENTED_EDGE ( 'NONE', *, *, #3925, .F. ) ;
#682 = VERTEX_POINT ( 'NONE', #770 ) ;
#683 = EDGE_CURVE ( 'NONE', #6805, #10872, #5286, .T. ) ;
#684 = EDGE_CURVE ( 'NONE', #3179, #9545, #11488, .T. ) ;
#685 = FACE_OUTER_BOUND ( 'NONE', #7089, .T. ) ;
#686 = VERTEX_POINT ( 'NONE', #5945 ) ;
#687 = EDGE_CURVE ( 'NONE', #10310, #3727, #3447, .T. ) ;
#688 = DIRECTION ( 'NONE',  ( 0.000000000000000000, 0.000000000000000000, -1.000000000000000000 ) ) ;
#689 = DIRECTION ( 'NONE',  ( 0.000000000000000000, -1.000000000000000000, 0.000000000000000000 ) ) ;
#690 = ORIENTED_EDGE ( 'NONE', *, *, #4411, .F. ) ;
#691 = DIRECTION ( 'NONE',  ( 0.000000000000000000, -1.000000000000000000, 0.000000000000000000 ) ) ;
#692 = ORIENTED_EDGE ( 'NONE', *, *, #4706, .F. ) ;
#693 = FACE_OUTER_BOUND ( 'NONE', #8497, .T. ) ;
#694 = VERTEX_POINT ( 'NONE', #10609 ) ;
#695 = EDGE_CURVE ( 'NONE', #9841, #2083, #6162, .T. ) ;
#696 = EDGE_CURVE ( 'NONE', #2311, #2254, #9740, .T. ) ;
#697 = FACE_OUTER_BOUND ( 'NONE', #10826, .T. ) ;
#698 = LINE ( 'NONE', #4274, #11470 ) ;
#699 = DIRECTION ( 'NONE',  ( 0.000000000000000000, 1.000000000000000000, 0.000000000000000000 ) ) ;
#700 = EDGE_CURVE ( 'NONE', #3918, #5968, #6831, .T. ) ;
#701 = ORIENTED_EDGE ( 'NONE', *, *, #10213, .T. ) ;
#702 = DIRECTION ( 'NONE',  ( -0.000000000000000000, -0.7071067811865475727, -0.7071067811865475727 ) ) ;
#703 = CARTESIAN_POINT ( 'NONE',  ( 15.41072715261709902, 17.10000000000000142, -17.62089132192830121 ) ) ;
#704 = LINE ( 'NONE', #1537, #6579 ) ;
#705 = VECTOR ( 'NONE', #2250, 1000.000000000000000 ) ;
#706 = LINE ( 'NONE', #8801, #3028 ) ;
#707 = DIRECTION ( 'NONE',  ( 0.1961161351382035567, 0.9805806756909162258, 0.000000000000000000 ) ) ;
#708 = ORIENTED_EDGE ( 'NONE', *, *, #6509, .T. ) ;
#709 = ORIENTED_EDGE ( 'NONE', *, *, #8348, .F. ) ;
#710 = PLANE ( 'NONE',  #6800 ) ;
#711 = VECTOR ( 'NONE', #7372, 1000.000000000000000 ) ;
#712 = CARTESIAN_POINT ( 'NONE',  ( 6.665462857231999827, 0.5000000000000000000, -19.86500000000000199 ) ) ;
#713 = CARTESIAN_POINT ( 'NONE',  ( 5.688443350538999965, 17.10000000000000142, -15.45000000000000107 ) ) ;
#714 = DIRECTION ( 'NONE',  ( 0.000000000000000000, -1.000000000000000000, 0.000000000000000000 ) ) ;
#715 = FACE_OUTER_BOUND ( 'NONE', #8566, .T. ) ;
#716 = EDGE_LOOP ( 'NONE', ( #4599, #2929, #973 ) ) ;
#717 = B_SPLINE_SURFACE_WITH_KNOTS ( 'NONE', 3, 1, ( 
 ( #6159, #2526 ),
 ( #703, #4109 ),
 ( #8743, #8633 ),
 ( #764, #9630 ) ),
 .UNSPECIFIED., .F., .F., .F.,
 ( 4, 4 ),
 ( 2, 2 ),
 ( 0.07190133445825899750, 0.9648172079000039147 ),
 ( 0.000000000000000000, 1.000000000000000000 ),
 .UNSPECIFIED. ) ;
#718 = CARTESIAN_POINT ( 'NONE',  ( 13.69178623023975838, 17.30000000000000071, -17.42479105646210158 ) ) ;
#719 = AXIS2_PLACEMENT_3D ( 'NONE', #6263, #6317, #9884 ) ;
#720 = CARTESIAN_POINT ( 'NONE',  ( 8.755462857231998797, 0.5000000000000000000, -19.86500000000000199 ) ) ;
#721 = VECTOR ( 'NONE', #9845, 1000.000000000000000 ) ;
#722 = ORIENTED_EDGE ( 'NONE', *, *, #3553, .F. ) ;
#723 = DIRECTION ( 'NONE',  ( 0.000000000000000000, 0.000000000000000000, 1.000000000000000000 ) ) ;
#724 = DIRECTION ( 'NONE',  ( 0.000000000000000000, 1.000000000000000000, 0.000000000000000000 ) ) ;
#725 = AXIS2_PLACEMENT_3D ( 'NONE', #5524, #2885, #10792 ) ;
#726 = CARTESIAN_POINT ( 'NONE',  ( 14.61546285723200000, 9.679999999999999716, -9.799999999999998934 ) ) ;
#727 = DIRECTION ( 'NONE',  ( 0.06374322529215019351, 0.000000000000000000, -0.9979663327133607709 ) ) ;
#728 = AXIS2_PLACEMENT_3D ( 'NONE', #6500, #10818, #10057 ) ;
#729 = VECTOR ( 'NONE', #1369, 1000.000000000000000 ) ;
#730 = DIRECTION ( 'NONE',  ( 0.000000000000000000, -1.000000000000000000, 0.000000000000000000 ) ) ;
#731 = ORIENTED_EDGE ( 'NONE', *, *, #1761, .T. ) ;
#732 = DIRECTION ( 'NONE',  ( 1.000000000000000000, 0.000000000000000000, 0.000000000000000000 ) ) ;
#733 = ORIENTED_EDGE ( 'NONE', *, *, #7129, .T. ) ;
#734 = VECTOR ( 'NONE', #360, 1000.000000000000000 ) ;
#735 = ORIENTED_EDGE ( 'NONE', *, *, #4688, .T. ) ;
#736 = VERTEX_POINT ( 'NONE', #9575 ) ;
#737 = VECTOR ( 'NONE', #4249, 1000.000000000000000 ) ;
#738 = VERTEX_POINT ( 'NONE', #5120 ) ;
#739 = CIRCLE ( 'NONE', #5416, 1.210040583881000220 ) ;
#740 = PLANE ( 'NONE',  #2056 ) ;
#741 = EDGE_CURVE ( 'NONE', #6258, #2619, #3338, .T. ) ;
#742 = CARTESIAN_POINT ( 'NONE',  ( 4.148900887075999577, 0.5000000000000000000, -9.244717535199999503 ) ) ;
#743 = EDGE_CURVE ( 'NONE', #4452, #10191, #4177, .T. ) ;
#744 = CARTESIAN_POINT ( 'NONE',  ( 15.56312704391199908, 0.5000000000000000000, -12.25653437180100092 ) ) ;
#745 = ORIENTED_EDGE ( 'NONE', *, *, #1897, .F. ) ;
#746 = AXIS2_PLACEMENT_3D ( 'NONE', #10093, #8463, #428 ) ;
#747 = AXIS2_PLACEMENT_3D ( 'NONE', #5708, #9108, #7522 ) ;
#748 = ADVANCED_FACE ( 'NONE', ( #7759 ), #11320, .F. ) ;
#749 = CARTESIAN_POINT ( 'NONE',  ( 15.66044912774339970, 17.30000000000000071, -16.48871889277814873 ) ) ;
#750 = ORIENTED_EDGE ( 'NONE', *, *, #7352, .F. ) ;
#751 = FACE_OUTER_BOUND ( 'NONE', #8450, .T. ) ;
#752 = ORIENTED_EDGE ( 'NONE', *, *, #9149, .F. ) ;
#753 = EDGE_CURVE ( 'NONE', #6185, #9269, #1540, .T. ) ;
#754 = EDGE_CURVE ( 'NONE', #4255, #6196, #11372, .T. ) ;
#755 = VECTOR ( 'NONE', #4817, 1000.000000000000000 ) ;
#756 = PLANE ( 'NONE',  #7587 ) ;
#757 = VECTOR ( 'NONE', #10837, 1000.000000000000000 ) ;
#758 = DIRECTION ( 'NONE',  ( 0.000000000000000000, 0.000000000000000000, -1.000000000000000000 ) ) ;
#759 = DIRECTION ( 'NONE',  ( 0.000000000000000000, -1.000000000000000000, 0.000000000000000000 ) ) ;
#760 = ORIENTED_EDGE ( 'NONE', *, *, #679, .F. ) ;
#761 = DIRECTION ( 'NONE',  ( 0.06374322529215131761, 0.000000000000000000, 0.9979663327133606598 ) ) ;
#762 = ADVANCED_FACE ( 'NONE', ( #9907 ), #8917, .F. ) ;
#763 = ADVANCED_FACE ( 'NONE', ( #5518 ), #6286, .F. ) ;
#764 = CARTESIAN_POINT ( 'NONE',  ( 14.96184217436117869, 17.10000000000000142, -17.64999999999965041 ) ) ;
#765 = CARTESIAN_POINT ( 'NONE',  ( 2.325462857231999969, 0.5000000000000000000, -10.80000000000000071 ) ) ;
#766 = EDGE_CURVE ( 'NONE', #5206, #6569, #9956, .T. ) ;
#767 = VECTOR ( 'NONE', #7780, 1000.000000000000000 ) ;
#768 = DIRECTION ( 'NONE',  ( 0.000000000000000000, -1.000000000000000000, 0.000000000000000000 ) ) ;
#769 = VECTOR ( 'NONE', #2591, 1000.000000000000114 ) ;
#770 = CARTESIAN_POINT ( 'NONE',  ( 16.22783201400199715, 7.115000000000000213, -0.2500000000000000000 ) ) ;
#771 = EDGE_LOOP ( 'NONE', ( #9863, #10930, #2009, #3320 ) ) ;
#772 = DIRECTION ( 'NONE',  ( -1.000000000000000000, 0.000000000000000000, 0.000000000000000000 ) ) ;
#773 = B_SPLINE_CURVE_WITH_KNOTS ( 'NONE', 3,
 ( #9810, #8924, #10677, #5580 ),
 .UNSPECIFIED., .F., .F.,
 ( 4, 4 ),
 ( 0.000000000000000000, 1.000000000000000000 ),
 .UNSPECIFIED. ) ;
#774 = DIRECTION ( 'NONE',  ( 1.000000000000000000, 0.000000000000000000, 0.000000000000000000 ) ) ;
#775 = AXIS2_PLACEMENT_3D ( 'NONE', #4511, #2463, #6054 ) ;
#776 = LINE ( 'NONE', #4359, #6577 ) ;
#777 = DIRECTION ( 'NONE',  ( 0.1577384316472046077, 0.000000000000000000, -0.9874809300343376783 ) ) ;
#778 = CARTESIAN_POINT ( 'NONE',  ( 17.35046285723199944, 4.230000000000000426, 0.000000000000000000 ) ) ;
#779 = ORIENTED_EDGE ( 'NONE', *, *, #8787, .F. ) ;
#780 = VECTOR ( 'NONE', #2473, 1000.000000000000000 ) ;
#781 = AXIS2_PLACEMENT_3D ( 'NONE', #4494, #6200, #7072 ) ;
#782 = CARTESIAN_POINT ( 'NONE',  ( 13.49399965535272017, 17.30000000000000071, -17.56236613193324914 ) ) ;
#783 = CARTESIAN_POINT ( 'NONE',  ( 15.56546285723199929, 11.67999999999999972, 0.000000000000000000 ) ) ;
#784 = ORIENTED_EDGE ( 'NONE', *, *, #8931, .T. ) ;
#785 = CIRCLE ( 'NONE', #10700, 0.09999999999999933942 ) ;
#786 = PLANE ( 'NONE',  #8642 ) ;
#787 = VECTOR ( 'NONE', #5686, 1000.000000000000000 ) ;
#788 = CARTESIAN_POINT ( 'NONE',  ( 13.56546285723199929, 6.500000000000000000, -0.2000000000000000111 ) ) ;
#789 = VECTOR ( 'NONE', #4607, 1000.000000000000000 ) ;
#790 = CARTESIAN_POINT ( 'NONE',  ( 12.66546285723199894, 0.000000000000000000, -17.32499999999999929 ) ) ;
#791 = DIRECTION ( 'NONE',  ( 1.000000000000000000, 0.000000000000000000, 0.000000000000000000 ) ) ;
#792 = DIRECTION ( 'NONE',  ( 0.000000000000000000, 0.000000000000000000, -1.000000000000000000 ) ) ;
#793 = PLANE ( 'NONE',  #8795 ) ;
#794 = ORIENTED_EDGE ( 'NONE', *, *, #4568, .F. ) ;
#795 = VECTOR ( 'NONE', #1367, 1000.000000000000000 ) ;
#796 = DIRECTION ( 'NONE',  ( 0.000000000000000000, -1.000000000000000000, 0.000000000000000000 ) ) ;
#797 = SURFACE_STYLE_USAGE ( .BOTH. , #11398 ) ;
#798 = MECHANICAL_DESIGN_GEOMETRIC_PRESENTATION_REPRESENTATION (  '', ( #9423 ), #7554 ) ;
#799 = ORIENTED_EDGE ( 'NONE', *, *, #2401, .F. ) ;
#800 = VECTOR ( 'NONE', #9690, 1000.000000000000000 ) ;
#801 = ORIENTED_EDGE ( 'NONE', *, *, #1037, .F. ) ;
#802 = EDGE_LOOP ( 'NONE', ( #3193, #201, #8609, #9605 ) ) ;
#803 = ORIENTED_EDGE ( 'NONE', *, *, #11218, .T. ) ;
#804 = DIRECTION ( 'NONE',  ( 0.000000000000000000, 0.000000000000000000, 1.000000000000000000 ) ) ;
#805 = DIRECTION ( 'NONE',  ( 0.000000000000000000, -1.000000000000000000, 0.000000000000000000 ) ) ;
#806 = AXIS2_PLACEMENT_3D ( 'NONE', #4980, #10375, #9494 ) ;
#807 = CARTESIAN_POINT ( 'NONE',  ( 3.235462857232000111, 4.000000000000000000, -6.989999999999999325 ) ) ;
#808 = CARTESIAN_POINT ( 'NONE',  ( 15.96546285723199965, 7.115000000000000213, -0.2500000000000000000 ) ) ;
#809 = ORIENTED_EDGE ( 'NONE', *, *, #8990, .T. ) ;
#810 = CARTESIAN_POINT ( 'NONE',  ( 3.667798670551999596, 4.000000000000000000, -12.25653437180100092 ) ) ;
#811 = VERTEX_POINT ( 'NONE', #3626 ) ;
#812 = EDGE_CURVE ( 'NONE', #3097, #993, #1893, .T. ) ;
#813 = CARTESIAN_POINT ( 'NONE',  ( 2.803093700461999571, 6.500000000000000000, -0.2000000000000000111 ) ) ;
#814 = ADVANCED_FACE ( 'NONE', ( #5572 ), #10028, .F. ) ;
#815 = ORIENTED_EDGE ( 'NONE', *, *, #3825, .F. ) ;
#816 = CARTESIAN_POINT ( 'NONE',  ( 16.42783201400199999, 4.750000000000000000, -0.2000000000000000111 ) ) ;
#817 = EDGE_CURVE ( 'NONE', #2953, #11331, #9851, .T. ) ;
#818 = LINE ( 'NONE', #1800, #2668 ) ;
#819 = DIRECTION ( 'NONE',  ( 0.7071067811865495711, 0.7071067811865455743, -0.000000000000000000 ) ) ;
#820 = EDGE_LOOP ( 'NONE', ( #3940, #6156, #462 ) ) ;
#821 = DIRECTION ( 'NONE',  ( 1.000000000000000000, 0.000000000000000000, 0.000000000000000000 ) ) ;
#822 = DIRECTION ( 'NONE',  ( 0.000000000000000000, 0.000000000000000000, 1.000000000000000000 ) ) ;
#823 = CARTESIAN_POINT ( 'NONE',  ( 13.87392848543099966, 0.5000000000000000000, -10.56733581331999972 ) ) ;
#824 = CARTESIAN_POINT ( 'NONE',  ( 7.585462857231999756, 4.250000000000000000, 0.000000000000000000 ) ) ;
#825 = ADVANCED_FACE ( 'NONE', ( #5337 ), #8201, .T. ) ;
#826 = CARTESIAN_POINT ( 'NONE',  ( 7.935462857231999401, 0.5000000000000000000, -17.32499999999999929 ) ) ;
#827 = EDGE_CURVE ( 'NONE', #7778, #6112, #2654, .T. ) ;
#828 = ORIENTED_EDGE ( 'NONE', *, *, #9315, .T. ) ;
#829 = ADVANCED_FACE ( 'NONE', ( #2747 ), #8031, .F. ) ;
#830 = EDGE_CURVE ( 'NONE', #5440, #6758, #3039, .T. ) ;
#831 = DIRECTION ( 'NONE',  ( 0.000000000000000000, -1.000000000000000000, 0.000000000000000000 ) ) ;
#832 = DIRECTION ( 'NONE',  ( 0.000000000000000000, -1.000000000000000000, 0.000000000000000000 ) ) ;
#833 = DIRECTION ( 'NONE',  ( 0.000000000000000000, 0.000000000000000000, 1.000000000000000000 ) ) ;
#834 = CARTESIAN_POINT ( 'NONE',  ( 13.01546285723199858, 0.5000000000000000000, -17.32499999999999929 ) ) ;
#835 = CARTESIAN_POINT ( 'NONE',  ( 1.650462857231999925, 17.30000000000000071, -21.25000000000000000 ) ) ;
#836 = ORIENTED_EDGE ( 'NONE', *, *, #4454, .T. ) ;
#837 = LINE ( 'NONE', #5299, #5478 ) ;
#838 = CARTESIAN_POINT ( 'NONE',  ( 3.665462857232000271, 14.44999999999999929, -0.4500000000000000111 ) ) ;
#839 = EDGE_LOOP ( 'NONE', ( #2321, #9960, #6478, #8606, #5010, #5177 ) ) ;
#840 = FACE_OUTER_BOUND ( 'NONE', #4562, .T. ) ;
#841 = EDGE_CURVE ( 'NONE', #5123, #9254, #8276, .T. ) ;
#842 = EDGE_CURVE ( 'NONE', #3177, #306, #116, .T. ) ;
#843 = CARTESIAN_POINT ( 'NONE',  ( 6.665462857231999827, 4.000000000000000000, -19.86500000000000199 ) ) ;
#844 = CARTESIAN_POINT ( 'NONE',  ( 17.58046285723199986, 4.343779418383999946, -13.90783834186099810 ) ) ;
#845 = LINE ( 'NONE', #6025, #6726 ) ;
#846 = DIRECTION ( 'NONE',  ( 0.000000000000000000, 1.000000000000000000, 0.000000000000000000 ) ) ;
#847 = ORIENTED_EDGE ( 'NONE', *, *, #700, .T. ) ;
#848 = CARTESIAN_POINT ( 'NONE',  ( 7.585462857231999756, 5.890000000000000568, -9.799999999999998934 ) ) ;
#849 = ORIENTED_EDGE ( 'NONE', *, *, #812, .F. ) ;
#850 = CARTESIAN_POINT ( 'NONE',  ( 10.02546285723200015, 4.000000000000000000, -17.32499999999999929 ) ) ;
#851 = ORIENTED_EDGE ( 'NONE', *, *, #3663, .F. ) ;
#852 = ORIENTED_EDGE ( 'NONE', *, *, #8982, .T. ) ;
#853 = EDGE_LOOP ( 'NONE', ( #10219, #9754, #6093, #6038 ) ) ;
#854 = EDGE_LOOP ( 'NONE', ( #3260, #7639, #5532, #620, #3376 ) ) ;
#855 = CARTESIAN_POINT ( 'NONE',  ( 12.92883285258800008, 17.30000000000000071, -17.64999999999999858 ) ) ;
#856 = DIRECTION ( 'NONE',  ( 0.9979663327133609929, 0.000000000000000000, 0.06374322529214784816 ) ) ;
#857 = CARTESIAN_POINT ( 'NONE',  ( 17.38046285723200057, 0.5999999999999999778, -14.47000000000000064 ) ) ;
#858 = DIRECTION ( 'NONE',  ( 0.000000000000000000, -1.000000000000000000, 0.000000000000000000 ) ) ;
#859 = ORIENTED_EDGE ( 'NONE', *, *, #7800, .T. ) ;
#860 = CARTESIAN_POINT ( 'NONE',  ( 15.53482245328879863, 17.30000000000000071, -16.36309189035049982 ) ) ;
#861 = EDGE_LOOP ( 'NONE', ( #4046, #5894, #6566, #4619 ) ) ;
#862 = ORIENTED_EDGE ( 'NONE', *, *, #3401, .F. ) ;
#863 = ORIENTED_EDGE ( 'NONE', *, *, #1547, .F. ) ;
#864 = CARTESIAN_POINT ( 'NONE',  ( 4.350462857232000324, 3.600000000000000089, -9.785325707509999305 ) ) ;
#865 = CARTESIAN_POINT ( 'NONE',  ( 1.650462857231999925, 3.850000000000000089, -13.23000000000000043 ) ) ;
#866 = CARTESIAN_POINT ( 'NONE',  ( 6.465462857231999649, 5.890000000000000568, 0.000000000000000000 ) ) ;
#867 = VERTEX_POINT ( 'NONE', #66 ) ;
#868 = CARTESIAN_POINT ( 'NONE',  ( 2.735462857232000555, 0.000000000000000000, -6.490000000000000213 ) ) ;
#869 = FACE_OUTER_BOUND ( 'NONE', #8079, .T. ) ;
#870 = CARTESIAN_POINT ( 'NONE',  ( 12.90278829310899944, 17.10000000000000142, -16.65417823791499785 ) ) ;
#871 = CARTESIAN_POINT ( 'NONE',  ( 9.105462857231998441, 0.000000000000000000, -19.51500000000000057 ) ) ;
#872 = CARTESIAN_POINT ( 'NONE',  ( 8.855462857232000218, 0.000000000000000000, -19.86500000000000199 ) ) ;
#873 = EDGE_LOOP ( 'NONE', ( #8458, #8162, #157, #11247, #3807, #2797 ) ) ;
#874 = LINE ( 'NONE', #4292, #2303 ) ;
#875 = EDGE_CURVE ( 'NONE', #11387, #8807, #2386, .T. ) ;
#876 = LINE ( 'NONE', #6471, #7850 ) ;
#877 = EDGE_CURVE ( 'NONE', #10598, #3758, #11088, .T. ) ;
#878 = DIRECTION ( 'NONE',  ( 0.000000000000000000, 0.000000000000000000, 1.000000000000000000 ) ) ;
#879 = DIRECTION ( 'NONE',  ( -0.000000000000000000, 1.000000000000000000, 0.000000000000000000 ) ) ;
#880 = CARTESIAN_POINT ( 'NONE',  ( 9.615462857232019545, 14.55000000000000071, -0.3499999999999999778 ) ) ;
#881 = ORIENTED_EDGE ( 'NONE', *, *, #5510, .F. ) ;
#882 = PRESENTATION_STYLE_ASSIGNMENT (( #8215 ) ) ;
#883 = EDGE_CURVE ( 'NONE', #2496, #1855, #6402, .T. ) ;
#884 = EDGE_CURVE ( 'NONE', #6711, #6860, #5611, .T. ) ;
#885 = CARTESIAN_POINT ( 'NONE',  ( 15.64206498835999781, 17.10000000000000142, -17.50445686578799709 ) ) ;
#886 = ORIENTED_EDGE ( 'NONE', *, *, #2958, .T. ) ;
#887 = CIRCLE ( 'NONE', #9692, 0.1499999999999999667 ) ;
#888 = CARTESIAN_POINT ( 'NONE',  ( 9.205462857231999863, 4.000000000000000000, -19.51500000000000057 ) ) ;
#889 = EDGE_CURVE ( 'NONE', #7749, #2783, #9804, .T. ) ;
#890 = EDGE_CURVE ( 'NONE', #11176, #5123, #4874, .T. ) ;
#891 = ORIENTED_EDGE ( 'NONE', *, *, #4060, .F. ) ;
#892 = CARTESIAN_POINT ( 'NONE',  ( 7.385462857231999578, 4.549999999999999822, -0.2500000000000000000 ) ) ;
#893 = DIRECTION ( 'NONE',  ( -8.767588846643999762E-13, -1.000000000000000000, -5.379822968129000076E-14 ) ) ;
#894 = CARTESIAN_POINT ( 'NONE',  ( -19.11588514276800055, 0.5999999999999999778, -13.87000000000000099 ) ) ;
#895 = DIRECTION ( 'NONE',  ( 0.000000000000000000, 0.000000000000000000, 1.000000000000000000 ) ) ;
#896 = ORIENTED_EDGE ( 'NONE', *, *, #5510, .T. ) ;
#897 = VECTOR ( 'NONE', #3044, 1000.000000000000000 ) ;
#898 = CARTESIAN_POINT ( 'NONE',  ( 13.01546285723199858, 4.000000000000000000, -16.97500000000000142 ) ) ;
#899 = PLANE ( 'NONE',  #10847 ) ;
#900 = ORIENTED_EDGE ( 'NONE', *, *, #41, .T. ) ;
#901 = CIRCLE ( 'NONE', #5210, 0.1999999999999996503 ) ;
#902 = CARTESIAN_POINT ( 'NONE',  ( 7.870059025035000211, 17.30000000000000071, -15.45000000000000107 ) ) ;
#903 = EDGE_CURVE ( 'NONE', #867, #9553, #1359, .T. ) ;
#904 = EDGE_CURVE ( 'NONE', #9902, #4027, #7390, .T. ) ;
#905 =( LENGTH_UNIT ( ) NAMED_UNIT ( * ) SI_UNIT ( .MILLI., .METRE. ) );
#906 = ADVANCED_FACE ( 'NONE', ( #1296 ), #4043, .T. ) ;
#907 = ORIENTED_EDGE ( 'NONE', *, *, #8918, .F. ) ;
#908 = ORIENTED_EDGE ( 'NONE', *, *, #4269, .F. ) ;
#909 = EDGE_LOOP ( 'NONE', ( #4592, #900, #5060, #2702, #4329, #8551, #10935, #10447 ) ) ;
#910 = CARTESIAN_POINT ( 'NONE',  ( 5.406549179301000763, 17.10000000000000142, -15.80389970838999858 ) ) ;
#911 = CIRCLE ( 'NONE', #4855, 0.4999999999999995559 ) ;
#912 = EDGE_CURVE ( 'NONE', #6531, #9925, #3971, .T. ) ;
#913 = CARTESIAN_POINT ( 'NONE',  ( 6.166437780604000274, 17.10000000000000142, -17.64999999999999858 ) ) ;
#914 = VECTOR ( 'NONE', #6331, 1000.000000000000000 ) ;
#915 = CIRCLE ( 'NONE', #4467, 1.210040583881000220 ) ;
#916 = LINE ( 'NONE', #4499, #4666 ) ;
#917 = ORIENTED_EDGE ( 'NONE', *, *, #10213, .F. ) ;
#918 = VECTOR ( 'NONE', #7004, 1000.000000000000000 ) ;
#919 = LINE ( 'NONE', #1794, #10138 ) ;
#920 = ORIENTED_EDGE ( 'NONE', *, *, #4106, .F. ) ;
#921 = VECTOR ( 'NONE', #1682, 1000.000000000000000 ) ;
#922 = VECTOR ( 'NONE', #4484, 1000.000000000000000 ) ;
#923 = ORIENTED_EDGE ( 'NONE', *, *, #7277, .F. ) ;
#924 = ORIENTED_EDGE ( 'NONE', *, *, #10355, .T. ) ;
#925 = EDGE_LOOP ( 'NONE', ( #11190, #6271, #4267, #1979 ) ) ;
#926 = DIRECTION ( 'NONE',  ( 0.000000000000000000, -1.000000000000000000, 0.000000000000000000 ) ) ;
#927 = ORIENTED_EDGE ( 'NONE', *, *, #7404, .F. ) ;
#928 = PLANE ( 'NONE',  #221 ) ;
#929 = AXIS2_PLACEMENT_3D ( 'NONE', #5507, #926, #4507 ) ;
#930 = CARTESIAN_POINT ( 'NONE',  ( 3.235462857232000111, 0.000000000000000000, -6.490000000000000213 ) ) ;
#931 = VECTOR ( 'NONE', #5485, 1000.000000000000000 ) ;
#932 = DIRECTION ( 'NONE',  ( 0.000000000000000000, 0.000000000000000000, 1.000000000000000000 ) ) ;
#933 = EDGE_LOOP ( 'NONE', ( #5888, #18, #10824, #1826 ) ) ;
#934 = CARTESIAN_POINT ( 'NONE',  ( 14.99800203728100101, 0.5000000000000000000, -12.26290869432999919 ) ) ;
#935 = DIRECTION ( 'NONE',  ( 0.000000000000000000, 0.000000000000000000, 1.000000000000000000 ) ) ;
#936 = DIRECTION ( 'NONE',  ( 1.000000000000000000, 0.000000000000000000, 0.000000000000000000 ) ) ;
#937 = DIRECTION ( 'NONE',  ( 0.000000000000000000, 0.000000000000000000, 1.000000000000000000 ) ) ;
#938 = VECTOR ( 'NONE', #5523, 1000.000000000000000 ) ;
#939 = ORIENTED_EDGE ( 'NONE', *, *, #11007, .T. ) ;
#940 = VECTOR ( 'NONE', #1868, 1000.000000000000000 ) ;
#941 = EDGE_LOOP ( 'NONE', ( #10367, #2270, #1380, #2229 ) ) ;
#942 = DIRECTION ( 'NONE',  ( 0.000000000000000000, 0.000000000000000000, -1.000000000000000000 ) ) ;
#943 = LINE ( 'NONE', #11539, #1116 ) ;
#944 = CIRCLE ( 'NONE', #11253, 0.1499999999999999667 ) ;
#945 = FACE_OUTER_BOUND ( 'NONE', #1347, .T. ) ;
#946 = CARTESIAN_POINT ( 'NONE',  ( 15.56312704391199908, 0.5000000000000000000, -12.25653437180100092 ) ) ;
#947 = DIRECTION ( 'NONE',  ( 0.6728772455790030804, 0.000000000000000000, -0.7397541567183072431 ) ) ;
#948 = ORIENTED_EDGE ( 'NONE', *, *, #11419, .F. ) ;
#949 = CARTESIAN_POINT ( 'NONE',  ( 12.86546285723200000, 6.769999999999999574, -0.3499999999999999778 ) ) ;
#950 = FACE_OUTER_BOUND ( 'NONE', #1581, .T. ) ;
#951 = EDGE_LOOP ( 'NONE', ( #4572, #3550, #330, #8699 ) ) ;
#952 = EDGE_CURVE ( 'NONE', #9405, #638, #476, .T. ) ;
#953 = EDGE_CURVE ( 'NONE', #6912, #6085, #7511, .T. ) ;
#954 = AXIS2_PLACEMENT_3D ( 'NONE', #11233, #5738, #5019 ) ;
#955 = DIRECTION ( 'NONE',  ( -0.9874809300343372342, 0.000000000000000000, -0.1577384316472059955 ) ) ;
#956 = VERTEX_POINT ( 'NONE', #10963 ) ;
#957 = FACE_BOUND ( 'NONE', #933, .T. ) ;
#958 = DIRECTION ( 'NONE',  ( 1.000000000000000000, 0.000000000000000000, 0.000000000000000000 ) ) ;
#959 = EDGE_CURVE ( 'NONE', #1077, #2254, #4198, .T. ) ;
#960 = CARTESIAN_POINT ( 'NONE',  ( 12.92883285258800008, 17.30000000000000071, -17.64999999999999858 ) ) ;
#961 = VECTOR ( 'NONE', #2000, 1000.000000000000000 ) ;
#962 = AXIS2_PLACEMENT_3D ( 'NONE', #1118, #6401, #5517 ) ;
#963 = DIRECTION ( 'NONE',  ( 0.000000000000000000, -1.000000000000000000, 0.000000000000000000 ) ) ;
#964 = EDGE_LOOP ( 'NONE', ( #9563, #9773, #9211, #8919 ) ) ;
#965 = EDGE_CURVE ( 'NONE', #7381, #437, #9037, .T. ) ;
#966 = B_SPLINE_CURVE_WITH_KNOTS ( 'NONE', 3,
 ( #3717, #37, #6383, #7310 ),
 .UNSPECIFIED., .F., .F.,
 ( 4, 4 ),
 ( 0.000000000000000000, 1.000000000000000000 ),
 .UNSPECIFIED. ) ;
#967 = DIRECTION ( 'NONE',  ( 1.000000000000000000, 0.000000000000000000, 0.000000000000000000 ) ) ;
#968 = CARTESIAN_POINT ( 'NONE',  ( 15.09779867055200064, 0.5000000000000000000, -12.25653437180100092 ) ) ;
#969 = ORIENTED_EDGE ( 'NONE', *, *, #2755, .T. ) ;
#970 = CARTESIAN_POINT ( 'NONE',  ( 17.66715801717102252, 4.110726934833996538, -13.53461474091900207 ) ) ;
#971 = CARTESIAN_POINT ( 'NONE',  ( 1.672596790959202107, 4.022107737650867598, -0.1312863209726007618 ) ) ;
#972 = CIRCLE ( 'NONE', #2852, 1.575000000000000844 ) ;
#973 = ORIENTED_EDGE ( 'NONE', *, *, #10425, .T. ) ;
#974 = TOROIDAL_SURFACE ( 'NONE', #8670, 1.474999999999999867, 0.1000000000000000056 ) ;
#975 = ORIENTED_EDGE ( 'NONE', *, *, #883, .T. ) ;
#976 = VECTOR ( 'NONE', #11311, 1000.000000000000114 ) ;
#977 =( BOUNDED_SURFACE ( )  B_SPLINE_SURFACE ( 3, 3, ( 
 ( #3629, #7932, #3501, #7101 ),
 ( #6167, #10673, #2643, #2579 ),
 ( #9744, #1812, #11491, #9857 ),
 ( #1649, #8981, #1600, #9807 ) ),
 .UNSPECIFIED., .F., .F., .F. ) 
 B_SPLINE_SURFACE_WITH_KNOTS ( ( 4, 4 ),
 ( 4, 4 ),
 ( 0.000000000000000000, 1.000000000000000000 ),
 ( 0.000000000000000000, 1.000000000000000000 ),
 .UNSPECIFIED. ) 
 GEOMETRIC_REPRESENTATION_ITEM ( )  RATIONAL_B_SPLINE_SURFACE ( (
 ( 1.826639217224000022, 1.203690208500999947, 1.203690208500999947, 1.826639217224000022),
 ( 1.182697249577000065, 0.7793553787268999722, 0.7793553787268999722, 1.182697249577000065),
 ( 1.182697249577000065, 0.7793553787268999722, 0.7793553787268999722, 1.182697249577000065),
 ( 1.826639217224000022, 1.203690208500999947, 1.203690208500999947, 1.826639217224000022) ) ) 
 REPRESENTATION_ITEM ( '' )  SURFACE ( )  );
#978 = CARTESIAN_POINT ( 'NONE',  ( 13.18927949641700081, 17.30000000000000071, -17.64999999999999858 ) ) ;
#979 = CARTESIAN_POINT ( 'NONE',  ( 5.765462857231999472, 4.549999999999999822, -0.2000000000000000111 ) ) ;
#980 = EDGE_CURVE ( 'NONE', #10583, #9670, #6603, .T. ) ;
#981 = ADVANCED_FACE ( 'NONE', ( #5638 ), #8333, .F. ) ;
#982 = EDGE_CURVE ( 'NONE', #8905, #10169, #9329, .T. ) ;
#983 = CARTESIAN_POINT ( 'NONE',  ( 17.66715801717101186, 0.6046833653799982278, -14.24989280401000258 ) ) ;
#984 = ADVANCED_FACE ( 'NONE', ( #2227 ), #2117, .F. ) ;
#985 = AXIS2_PLACEMENT_3D ( 'NONE', #7335, #3808, #5704 ) ;
#986 = DIRECTION ( 'NONE',  ( 1.000000000000000000, 0.000000000000000000, 0.000000000000000000 ) ) ;
#987 = ORIENTED_EDGE ( 'NONE', *, *, #8730, .T. ) ;
#988 = CIRCLE ( 'NONE', #4744, 0.1400000000000000411 ) ;
#989 = VECTOR ( 'NONE', #10348, 1000.000000000000000 ) ;
#990 = DIRECTION ( 'NONE',  ( 0.000000000000000000, 0.000000000000000000, -1.000000000000000000 ) ) ;
#991 = EDGE_LOOP ( 'NONE', ( #6857, #4058, #3753, #7575 ) ) ;
#992 = ORIENTED_EDGE ( 'NONE', *, *, #8418, .F. ) ;
#993 = VERTEX_POINT ( 'NONE', #8270 ) ;
#994 = ORIENTED_EDGE ( 'NONE', *, *, #1762, .F. ) ;
#995 = CIRCLE ( 'NONE', #8495, 0.2300000000000015365 ) ;
#996 = VECTOR ( 'NONE', #10856, 1000.000000000000000 ) ;
#997 = CARTESIAN_POINT ( 'NONE',  ( 12.90278829310899944, 17.30000000000000071, -16.65417823791499785 ) ) ;
#998 = ORIENTED_EDGE ( 'NONE', *, *, #8009, .F. ) ;
#999 = VECTOR ( 'NONE', #5762, 1000.000000000000000 ) ;
#1000 = DIRECTION ( 'NONE',  ( 0.1577384316472046910, 0.000000000000000000, 0.9874809300343374563 ) ) ;
#1001 = EDGE_CURVE ( 'NONE', #3070, #8816, #3486, .T. ) ;
#1002 = EDGE_CURVE ( 'NONE', #1678, #1856, #9278, .T. ) ;
#1003 = CARTESIAN_POINT ( 'NONE',  ( 8.113652288661000966, 17.30000000000000071, -17.64999999999999858 ) ) ;
#1004 = CARTESIAN_POINT ( 'NONE',  ( 16.78699722903299829, 4.000000000000000000, -10.56733581331999972 ) ) ;
#1005 = ORIENTED_EDGE ( 'NONE', *, *, #10009, .F. ) ;
#1006 = CARTESIAN_POINT ( 'NONE',  ( 15.09779867055200064, 3.600000000000000089, -12.25653437180100092 ) ) ;
#1007 = DIRECTION ( 'NONE',  ( 0.000000000000000000, -1.000000000000000000, 0.000000000000000000 ) ) ;
#1008 = CARTESIAN_POINT ( 'NONE',  ( 11.71317529167900062, 4.500000000000000000, -0.2500000000000000000 ) ) ;
#1009 = DIRECTION ( 'NONE',  ( 1.000000000000000000, 0.000000000000000000, 0.000000000000000000 ) ) ;
#1010 = ORIENTED_EDGE ( 'NONE', *, *, #405, .T. ) ;
#1011 = ORIENTED_EDGE ( 'NONE', *, *, #4552, .F. ) ;
#1012 = LINE ( 'NONE', #3866, #5106 ) ;
#1013 = CARTESIAN_POINT ( 'NONE',  ( 12.56546285723199929, 4.000000000000000000, -17.32499999999999929 ) ) ;
#1014 = LINE ( 'NONE', #1995, #8625 ) ;
#1015 = DIRECTION ( 'NONE',  ( 0.000000000000000000, -1.000000000000000000, 0.000000000000000000 ) ) ;
#1016 = LINE ( 'NONE', #8105, #8241 ) ;
#1017 = ORIENTED_EDGE ( 'NONE', *, *, #6510, .F. ) ;
#1018 = CARTESIAN_POINT ( 'NONE',  ( 14.64471057628099970, 17.10000000000000142, -15.45000000000000107 ) ) ;
#1019 = DIRECTION ( 'NONE',  ( 0.000000000000000000, 0.000000000000000000, -1.000000000000000000 ) ) ;
#1020 = ORIENTED_EDGE ( 'NONE', *, *, #11439, .T. ) ;
#1021 = CARTESIAN_POINT ( 'NONE',  ( 14.78046285723200093, 4.000000000000000000, -4.750000000000000000 ) ) ;
#1022 = ORIENTED_EDGE ( 'NONE', *, *, #9001, .F. ) ;
#1023 = DIRECTION ( 'NONE',  ( -0.06374322529218587330, 0.000000000000000000, -0.9979663327133584394 ) ) ;
#1024 = DIRECTION ( 'NONE',  ( 0.000000000000000000, -1.000000000000000000, 0.000000000000000000 ) ) ;
#1025 = DIRECTION ( 'NONE',  ( 0.000000000000000000, 1.000000000000000000, 0.000000000000000000 ) ) ;
#1026 = LINE ( 'NONE', #4477, #8954 ) ;
#1027 = ORIENTED_EDGE ( 'NONE', *, *, #9652, .F. ) ;
#1028 = CARTESIAN_POINT ( 'NONE',  ( 6.166437780604000274, 17.30000000000000071, -15.45000000000000107 ) ) ;
#1029 = DIRECTION ( 'NONE',  ( 0.000000000000000000, -1.000000000000000000, 0.000000000000000000 ) ) ;
#1030 = EDGE_LOOP ( 'NONE', ( #4519, #6456, #7752, #7489 ) ) ;
#1031 = PLANE ( 'NONE',  #10352 ) ;
#1032 = ORIENTED_EDGE ( 'NONE', *, *, #9869, .T. ) ;
#1033 = EDGE_LOOP ( 'NONE', ( #1978, #400, #3964, #1328 ) ) ;
#1034 = ORIENTED_EDGE ( 'NONE', *, *, #9392, .F. ) ;
#1035 = LINE ( 'NONE', #7308, #10152 ) ;
#1036 = LINE ( 'NONE', #913, #3339 ) ;
#1037 = EDGE_CURVE ( 'NONE', #6258, #1676, #7573, .T. ) ;
#1038 = DIRECTION ( 'NONE',  ( -0.1577384316472046077, 0.000000000000000000, -0.9874809300343376783 ) ) ;
#1039 = DIRECTION ( 'NONE',  ( 0.000000000000000000, 1.000000000000000000, 0.000000000000000000 ) ) ;
#1040 = ORIENTED_EDGE ( 'NONE', *, *, #1820, .F. ) ;
#1041 = EDGE_CURVE ( 'NONE', #9443, #3237, #9600, .T. ) ;
#1042 = EDGE_CURVE ( 'NONE', #5022, #5312, #6149, .T. ) ;
#1043 = DIRECTION ( 'NONE',  ( 0.000000000000000000, 1.000000000000000000, 0.000000000000000000 ) ) ;
#1044 = ORIENTED_EDGE ( 'NONE', *, *, #10214, .T. ) ;
#1045 = EDGE_CURVE ( 'NONE', #993, #6414, #33, .T. ) ;
#1046 = EDGE_CURVE ( 'NONE', #8816, #4178, #8789, .T. ) ;
#1047 = ORIENTED_EDGE ( 'NONE', *, *, #9359, .T. ) ;
#1048 = ORIENTED_EDGE ( 'NONE', *, *, #7931, .T. ) ;
#1049 = EDGE_LOOP ( 'NONE', ( #733, #5621, #4319, #8380, #9235, #2571, #10699, #636, #7412, #5867, #7399, #3793, #8342, #2069, #836, #2371, #4720, #2408, #8530, #87, #11140, #2192, #2448, #2824, #1242, #4439, #11297, #5963, #4641, #7200 ) ) ;
#1050 = LINE ( 'NONE', #2871, #7678 ) ;
#1051 = ORIENTED_EDGE ( 'NONE', *, *, #6207, .T. ) ;
#1052 = CARTESIAN_POINT ( 'NONE',  ( 2.360422273350999856, 4.000000000000000000, -12.34004058388099878 ) ) ;
#1053 = ADVANCED_FACE ( 'NONE', ( #751 ), #3224, .T. ) ;
#1054 = DIRECTION ( 'NONE',  ( -9.896025398918000059E-13, -1.000000000000000000, -6.360502717313000184E-14 ) ) ;
#1055 = CYLINDRICAL_SURFACE ( 'NONE', #2417, 0.1999999999999996503 ) ;
#1056 = ORIENTED_EDGE ( 'NONE', *, *, #8348, .T. ) ;
#1057 = LINE ( 'NONE', #11014, #7297 ) ;
#1058 = PLANE ( 'NONE',  #7314 ) ;
#1059 = FACE_OUTER_BOUND ( 'NONE', #7402, .T. ) ;
#1060 = ADVANCED_FACE ( 'NONE', ( #11251 ), #3276, .T. ) ;
#1061 = ADVANCED_FACE ( 'NONE', ( #693 ), #4222, .T. ) ;
#1062 = CARTESIAN_POINT ( 'NONE',  ( 13.74050917796599869, 17.30000000000000071, -17.32506086918699850 ) ) ;
#1063 = EDGE_LOOP ( 'NONE', ( #513, #6628, #1353, #3411 ) ) ;
#1064 = VERTEX_POINT ( 'NONE', #7912 ) ;
#1065 = EDGE_CURVE ( 'NONE', #11516, #8078, #10430, .T. ) ;
#1066 = CARTESIAN_POINT ( 'NONE',  ( 1.500462857232000013, 4.343779418383999946, -13.85886898516099919 ) ) ;
#1067 = CYLINDRICAL_SURFACE ( 'NONE', #1846, 0.09999999999999982514 ) ;
#1068 = CARTESIAN_POINT ( 'NONE',  ( 11.74546285723200079, 5.219999999999999751, -0.3499999999999999778 ) ) ;
#1069 = DIRECTION ( 'NONE',  ( -0.6728772455790055229, -0.000000000000000000, -0.7397541567183051336 ) ) ;
#1070 = CARTESIAN_POINT ( 'NONE',  ( 17.58046285723199986, 0.000000000000000000, -13.87000000000000099 ) ) ;
#1071 = ORIENTED_EDGE ( 'NONE', *, *, #4865, .T. ) ;
#1072 = DIRECTION ( 'NONE',  ( 0.000000000000000000, 0.000000000000000000, -1.000000000000000000 ) ) ;
#1073 = CARTESIAN_POINT ( 'NONE',  ( 16.78699722903299829, 0.5000000000000000000, -10.56733581331999972 ) ) ;
#1074 = ORIENTED_EDGE ( 'NONE', *, *, #5497, .T. ) ;
#1075 = ORIENTED_EDGE ( 'NONE', *, *, #280, .F. ) ;
#1076 = FACE_OUTER_BOUND ( 'NONE', #4126, .T. ) ;
#1077 = VERTEX_POINT ( 'NONE', #5104 ) ;
#1078 = CARTESIAN_POINT ( 'NONE',  ( 15.52700791484399900, 17.30000000000000071, -17.56236614695500009 ) ) ;
#1079 = FACE_OUTER_BOUND ( 'NONE', #3211, .T. ) ;
#1080 = PLANE ( 'NONE',  #4646 ) ;
#1081 = CARTESIAN_POINT ( 'NONE',  ( 14.85668312447325867, 3.600000000000000089, -11.76533562305825420 ) ) ;
#1082 = ORIENTED_EDGE ( 'NONE', *, *, #3531, .T. ) ;
#1083 = LINE ( 'NONE', #8168, #6755 ) ;
#1084 = DIRECTION ( 'NONE',  ( 0.000000000000000000, -1.000000000000000000, 0.000000000000000000 ) ) ;
#1085 = ORIENTED_EDGE ( 'NONE', *, *, #11196, .F. ) ;
#1086 = CARTESIAN_POINT ( 'NONE',  ( 17.66715801717101186, 4.389096053008004539, -13.45010719598998605 ) ) ;
#1087 = DIRECTION ( 'NONE',  ( 0.000000000000000000, 0.000000000000000000, 1.000000000000000000 ) ) ;
#1088 = VECTOR ( 'NONE', #672, 1000.000000000000000 ) ;
#1089 = EDGE_LOOP ( 'NONE', ( #1977, #1231, #1786, #9488 ) ) ;
#1090 = ORIENTED_EDGE ( 'NONE', *, *, #9860, .T. ) ;
#1091 = FACE_OUTER_BOUND ( 'NONE', #3213, .T. ) ;
#1092 = CARTESIAN_POINT ( 'NONE',  ( 17.58046285723199986, 4.000000000000000000, -21.01999999999999957 ) ) ;
#1093 = DIRECTION ( 'NONE',  ( 0.000000000000000000, 0.000000000000000000, 1.000000000000000000 ) ) ;
#1094 = VECTOR ( 'NONE', #2546, 1000.000000000000000 ) ;
#1095 = CARTESIAN_POINT ( 'NONE',  ( 8.113652288661000966, 17.10000000000000142, -15.86364902853999759 ) ) ;
#1096 = ORIENTED_EDGE ( 'NONE', *, *, #11293, .T. ) ;
#1097 = FACE_OUTER_BOUND ( 'NONE', #7483, .T. ) ;
#1098 = PLANE ( 'NONE',  #4702 ) ;
#1099 = ORIENTED_EDGE ( 'NONE', *, *, #9021, .F. ) ;
#1100 = CIRCLE ( 'NONE', #6913, 0.2300000000000010369 ) ;
#1101 = VERTEX_POINT ( 'NONE', #8736 ) ;
#1102 = ORIENTED_EDGE ( 'NONE', *, *, #4338, .F. ) ;
#1103 = CIRCLE ( 'NONE', #2226, 0.1999999999999996503 ) ;
#1104 = ORIENTED_EDGE ( 'NONE', *, *, #5341, .T. ) ;
#1105 = ADVANCED_FACE ( 'NONE', ( #10551, #2519 ), #6101, .T. ) ;
#1106 = SPHERICAL_SURFACE ( 'NONE', #5617, 0.2300000000000000100 ) ;
#1107 = EDGE_CURVE ( 'NONE', #3094, #4163, #2476, .T. ) ;
#1108 = DIRECTION ( 'NONE',  ( 0.000000000000000000, -1.000000000000000000, 0.000000000000000000 ) ) ;
#1109 = CARTESIAN_POINT ( 'NONE',  ( 1.880462857232000129, 17.06999999999999673, -21.01999999999999957 ) ) ;
#1110 = AXIS2_PLACEMENT_3D ( 'NONE', #11443, #777, #11326 ) ;
#1111 = EDGE_CURVE ( 'NONE', #334, #6636, #6221, .T. ) ;
#1112 = LINE ( 'NONE', #10832, #4658 ) ;
#1113 = ORIENTED_EDGE ( 'NONE', *, *, #245, .F. ) ;
#1114 = CARTESIAN_POINT ( 'NONE',  ( 15.56546285723199929, 7.649999999999999467, -9.799999999999998934 ) ) ;
#1115 = VECTOR ( 'NONE', #8178, 1000.000000000000000 ) ;
#1116 = VECTOR ( 'NONE', #5231, 1000.000000000000000 ) ;
#1117 = CARTESIAN_POINT ( 'NONE',  ( 12.61170228694399853, 17.30000000000000071, -16.30027856230699612 ) ) ;
#1118 = CARTESIAN_POINT ( 'NONE',  ( 8.755462857231998797, 4.000000000000000000, -19.51500000000000057 ) ) ;
#1119 = ADVANCED_FACE ( 'NONE', ( #11477 ), #8686, .T. ) ;
#1120 = DIRECTION ( 'NONE',  ( -1.000000000000000000, 0.000000000000000000, 0.000000000000000000 ) ) ;
#1121 = VERTEX_POINT ( 'NONE', #4987 ) ;
#1122 = EDGE_LOOP ( 'NONE', ( #7312, #752, #635, #11399 ) ) ;
#1123 = CIRCLE ( 'NONE', #6001, 0.1500000000000008271 ) ;
#1124 = VECTOR ( 'NONE', #9536, 1000.000000000000114 ) ;
#1125 = AXIS2_PLACEMENT_3D ( 'NONE', #6517, #8144, #7387 ) ;
#1126 = CARTESIAN_POINT ( 'NONE',  ( 4.232923677182999889, 3.600000000000000089, -9.337091305669998675 ) ) ;
#1127 = ADVANCED_FACE ( 'NONE', ( #2566 ), #2350, .F. ) ;
#1128 = ADVANCED_FACE ( 'NONE', ( #647 ), #589, .F. ) ;
#1129 = ADVANCED_FACE ( 'NONE', ( #6049, #4387 ), #11524, .T. ) ;
#1130 = CARTESIAN_POINT ( 'NONE',  ( 15.56546285723199929, 11.67999999999999972, -0.4500000000000000111 ) ) ;
#1131 = CARTESIAN_POINT ( 'NONE',  ( 11.74546285723200079, 0.5000000000000000000, -19.86500000000000199 ) ) ;
#1132 = CARTESIAN_POINT ( 'NONE',  ( 13.18468259547700150, 17.30000000000000071, -16.65417823791499785 ) ) ;
#1133 = DIRECTION ( 'NONE',  ( 1.000000000000000000, 0.000000000000000000, 0.000000000000000000 ) ) ;
#1134 = EDGE_LOOP ( 'NONE', ( #2389, #6118, #6804, #2868 ) ) ;
#1135 = VECTOR ( 'NONE', #7606, 1000.000000000000000 ) ;
#1136 = VECTOR ( 'NONE', #7469, 1000.000000000000000 ) ;
#1137 = ORIENTED_EDGE ( 'NONE', *, *, #8191, .F. ) ;
#1138 = CARTESIAN_POINT ( 'NONE',  ( 7.226604878649999897, 17.30000000000000071, -17.64999999999999858 ) ) ;
#1139 = LINE ( 'NONE', #4643, #6630 ) ;
#1140 = ORIENTED_EDGE ( 'NONE', *, *, #7644, .F. ) ;
#1141 = ORIENTED_EDGE ( 'NONE', *, *, #11538, .F. ) ;
#1142 = LINE ( 'NONE', #1951, #7713 ) ;
#1143 = VERTEX_POINT ( 'NONE', #813 ) ;
#1144 = PLANE ( 'NONE',  #10895 ) ;
#1145 = DIRECTION ( 'NONE',  ( 0.000000000000000000, 1.000000000000000000, 0.000000000000000000 ) ) ;
#1146 = VECTOR ( 'NONE', #9194, 1000.000000000000000 ) ;
#1147 = AXIS2_PLACEMENT_3D ( 'NONE', #823, #8090, #10731 ) ;
#1148 = CARTESIAN_POINT ( 'NONE',  ( 1.850462857232000102, 3.850000000000000089, -13.08000000000000007 ) ) ;
#1149 = CARTESIAN_POINT ( 'NONE',  ( 16.49546285723199901, 4.000000000000000000, -6.989999999999999325 ) ) ;
#1150 = VERTEX_POINT ( 'NONE', #1690 ) ;
#1151 = CARTESIAN_POINT ( 'NONE',  ( 9.615462857231998228, 10.65000000000000036, -0.2500000000000000000 ) ) ;
#1152 = CARTESIAN_POINT ( 'NONE',  ( 17.52594969559600457, 4.054491603026782798, -0.08115107138369706541 ) ) ;
#1153 = VERTEX_POINT ( 'NONE', #7082 ) ;
#1154 = CARTESIAN_POINT ( 'NONE',  ( 17.53971789399400194, 4.550895696487996744, -13.67662333651499829 ) ) ;
#1155 = CARTESIAN_POINT ( 'NONE',  ( 1.798047112530044789, 4.147591539111018299, -0.01526471559803582213 ) ) ;
#1156 = VECTOR ( 'NONE', #571, 1000.000000000000000 ) ;
#1157 = AXIS2_PLACEMENT_3D ( 'NONE', #2766, #8935, #955 ) ;
#1158 = ORIENTED_EDGE ( 'NONE', *, *, #11580, .T. ) ;
#1159 = CARTESIAN_POINT ( 'NONE',  ( 5.356997229032999464, 0.5000000000000000000, -10.56733581331999972 ) ) ;
#1160 = DIRECTION ( 'NONE',  ( 0.000000000000000000, 0.000000000000000000, 1.000000000000000000 ) ) ;
#1161 = DIRECTION ( 'NONE',  ( 0.000000000000000000, -1.000000000000000000, 0.000000000000000000 ) ) ;
#1162 = FACE_OUTER_BOUND ( 'NONE', #383, .T. ) ;
#1163 = PLANE ( 'NONE',  #165 ) ;
#1164 = ORIENTED_EDGE ( 'NONE', *, *, #3516, .T. ) ;
#1165 = VECTOR ( 'NONE', #1315, 1000.000000000000000 ) ;
#1166 = CARTESIAN_POINT ( 'NONE',  ( 4.115462857232000005, 9.679999999999999716, 0.000000000000000000 ) ) ;
#1167 = CARTESIAN_POINT ( 'NONE',  ( 4.350462857232000324, 3.600000000000000089, -11.81467429248800016 ) ) ;
#1168 = VECTOR ( 'NONE', #237, 1000.000000000000000 ) ;
#1169 = ORIENTED_EDGE ( 'NONE', *, *, #7364, .F. ) ;
#1170 = AXIS2_PLACEMENT_3D ( 'NONE', #8851, #6213, #3487 ) ;
#1171 = EDGE_LOOP ( 'NONE', ( #3507, #6050, #3474 ) ) ;
#1172 = VERTEX_POINT ( 'NONE', #7965 ) ;
#1173 = ORIENTED_EDGE ( 'NONE', *, *, #1475, .T. ) ;
#1174 = CARTESIAN_POINT ( 'NONE',  ( 6.565462857232000182, 0.000000000000000000, -19.51500000000000057 ) ) ;
#1176 = DIRECTION ( 'NONE',  ( 1.000000000000000000, 0.000000000000000000, 0.000000000000000000 ) ) ;
#1175 = CIRCLE ( 'NONE', #5291, 0.1500000000000008271 ) ;
#1177 = DIRECTION ( 'NONE',  ( -1.000000000000000000, 0.000000000000000000, 0.000000000000000000 ) ) ;
#1178 = AXIS2_PLACEMENT_3D ( 'NONE', #6989, #10559, #11259 ) ;
#1179 = DIRECTION ( 'NONE',  ( -0.1961161351382035567, 0.9805806756909162258, 0.000000000000000000 ) ) ;
#1180 = ORIENTED_EDGE ( 'NONE', *, *, #6594, .T. ) ;
#1181 = PLANE ( 'NONE',  #1679 ) ;
#1182 = DIRECTION ( 'NONE',  ( 0.000000000000000000, 0.000000000000000000, 1.000000000000000000 ) ) ;
#1183 = EDGE_CURVE ( 'NONE', #6457, #3085, #7537, .T. ) ;
#1184 = EDGE_CURVE ( 'NONE', #11563, #1318, #10641, .T. ) ;
#1185 = AXIS2_PLACEMENT_3D ( 'NONE', #8966, #10726, #11480 ) ;
#1186 = DIRECTION ( 'NONE',  ( 0.000000000000000000, 0.000000000000000000, -1.000000000000000000 ) ) ;
#1187 = CARTESIAN_POINT ( 'NONE',  ( 14.78063937256390759, 3.669408373680284718, -9.955422143604536700 ) ) ;
#1188 = VECTOR ( 'NONE', #7711, 1000.000000000000000 ) ;
#1189 = VERTEX_POINT ( 'NONE', #9016 ) ;
#1190 = CIRCLE ( 'NONE', #2121, 0.1499999999999999667 ) ;
#1191 = EDGE_CURVE ( 'NONE', #6860, #6685, #4070, .T. ) ;
#1192 = ORIENTED_EDGE ( 'NONE', *, *, #8523, .F. ) ;
#1193 = DIRECTION ( 'NONE',  ( 0.000000000000000000, 1.000000000000000000, 0.000000000000000000 ) ) ;
#1194 = CARTESIAN_POINT ( 'NONE',  ( 4.232923677182999889, 3.600000000000000089, -12.26290869432999919 ) ) ;
#1195 = DIRECTION ( 'NONE',  ( -1.000000000000000000, 0.000000000000000000, 0.000000000000000000 ) ) ;
#1196 = CARTESIAN_POINT ( 'NONE',  ( 8.755462857231998797, 4.000000000000000000, -19.86500000000000199 ) ) ;
#1197 = CARTESIAN_POINT ( 'NONE',  ( 17.38046285723200057, 4.000000000000000000, -14.61999999999999922 ) ) ;
#1198 = EDGE_LOOP ( 'NONE', ( #1419, #6508, #4814, #10068 ) ) ;
#1199 = EDGE_CURVE ( 'NONE', #7872, #4891, #4432, .T. ) ;
#1200 = EDGE_CURVE ( 'NONE', #6833, #4686, #1035, .T. ) ;
#1201 = EDGE_LOOP ( 'NONE', ( #8705, #249, #7036, #11374 ) ) ;
#1202 = CARTESIAN_POINT ( 'NONE',  ( 15.09779867055200064, 0.5000000000000000000, -9.343465628199998818 ) ) ;
#1203 = DIRECTION ( 'NONE',  ( 1.000000000000000000, 0.000000000000000000, 0.000000000000000000 ) ) ;
#1204 = EDGE_CURVE ( 'NONE', #8741, #11110, #10707, .T. ) ;
#1205 = EDGE_CURVE ( 'NONE', #6121, #9902, #8008, .T. ) ;
#1206 = ORIENTED_EDGE ( 'NONE', *, *, #10695, .F. ) ;
#1207 = DIRECTION ( 'NONE',  ( 1.000000000000000000, 0.000000000000000000, 0.000000000000000000 ) ) ;
#1208 = ORIENTED_EDGE ( 'NONE', *, *, #530, .T. ) ;
#1209 = CARTESIAN_POINT ( 'NONE',  ( 11.64546285723199937, 0.000000000000000000, -19.51500000000000057 ) ) ;
#1210 = CARTESIAN_POINT ( 'NONE',  ( 17.58046285723199986, 0.5999999999999999778, -13.23000000000000043 ) ) ;
#1211 = LINE ( 'NONE', #7358, #4079 ) ;
#1212 = VERTEX_POINT ( 'NONE', #11517 ) ;
#1213 = CARTESIAN_POINT ( 'NONE',  ( 1.880462857232000129, -24.70650651488000094, -21.01999999999999957 ) ) ;
#1214 = CYLINDRICAL_SURFACE ( 'NONE', #2621, 0.09999999999999958922 ) ;
#1215 = ORIENTED_EDGE ( 'NONE', *, *, #10507, .T. ) ;
#1216 = DIRECTION ( 'NONE',  ( 0.000000000000000000, 0.000000000000000000, -1.000000000000000000 ) ) ;
#1217 = CARTESIAN_POINT ( 'NONE',  ( 14.64471057628099970, 17.30000000000000071, -16.30027856230699612 ) ) ;
#1218 = EDGE_CURVE ( 'NONE', #6688, #11322, #2784, .T. ) ;
#1219 = ADVANCED_FACE ( 'NONE', ( #5545 ), #5367, .F. ) ;
#1220 = ORIENTED_EDGE ( 'NONE', *, *, #1768, .T. ) ;
#1221 = LINE ( 'NONE', #4841, #9580 ) ;
#1222 = DIRECTION ( 'NONE',  ( 0.000000000000000000, -1.000000000000000000, 0.000000000000000000 ) ) ;
#1223 = DIRECTION ( 'NONE',  ( 1.000000000000000000, 0.000000000000000000, 0.000000000000000000 ) ) ;
#1224 = CARTESIAN_POINT ( 'NONE',  ( 2.803093700461999571, 6.500000000000000000, -0.2500000000000000000 ) ) ;
#1225 = DIRECTION ( 'NONE',  ( 0.000000000000000000, 0.000000000000000000, 1.000000000000000000 ) ) ;
#1226 = EDGE_LOOP ( 'NONE', ( #8004, #2466, #6035, #2399 ) ) ;
#1227 = FACE_OUTER_BOUND ( 'NONE', #4988, .T. ) ;
#1228 = CARTESIAN_POINT ( 'NONE',  ( 15.56546285723199929, 7.649999999999999467, -9.799999999999998934 ) ) ;
#1229 = VERTEX_POINT ( 'NONE', #910 ) ;
#1230 = ORIENTED_EDGE ( 'NONE', *, *, #9995, .T. ) ;
#1231 = ORIENTED_EDGE ( 'NONE', *, *, #3419, .F. ) ;
#1232 = ORIENTED_EDGE ( 'NONE', *, *, #8377, .F. ) ;
#1233 = CARTESIAN_POINT ( 'NONE',  ( 8.957802808031898323, 17.30000000000000071, -17.64999999999999858 ) ) ;
#1234 = ORIENTED_EDGE ( 'NONE', *, *, #4204, .F. ) ;
#1235 = CARTESIAN_POINT ( 'NONE',  ( 7.585462857231999756, 4.250000000000000000, 0.000000000000000000 ) ) ;
#1236 = DIRECTION ( 'NONE',  ( 0.000000000000000000, 0.000000000000000000, 1.000000000000000000 ) ) ;
#1237 = LINE ( 'NONE', #344, #543 ) ;
#1238 = EDGE_LOOP ( 'NONE', ( #2875, #3637, #7196, #5618 ) ) ;
#1239 = DIRECTION ( 'NONE',  ( -0.1961161351382035567, -0.9805806756909162258, 0.000000000000000000 ) ) ;
#1240 = DIRECTION ( 'NONE',  ( 0.000000000000000000, 0.000000000000000000, -1.000000000000000000 ) ) ;
#1241 = DIRECTION ( 'NONE',  ( 1.000000000000000000, 0.000000000000000000, 0.000000000000000000 ) ) ;
#1242 = ORIENTED_EDGE ( 'NONE', *, *, #4413, .T. ) ;
#1243 = VERTEX_POINT ( 'NONE', #7243 ) ;
#1244 = CARTESIAN_POINT ( 'NONE',  ( 5.406549179301000763, 17.30000000000000071, -15.45000000000000107 ) ) ;
#1245 = CARTESIAN_POINT ( 'NONE',  ( 14.28546285723199993, 4.000000000000000000, -19.86500000000000199 ) ) ;
#1246 = CARTESIAN_POINT ( 'NONE',  ( 4.945462857232000076, 0.5000000000000000000, -16.97500000000000142 ) ) ;
#1247 = CARTESIAN_POINT ( 'NONE',  ( 17.72482299013098839, 4.261200321564995619, -13.98002886292798053 ) ) ;
#1248 = FACE_OUTER_BOUND ( 'NONE', #8724, .T. ) ;
#1249 = VERTEX_POINT ( 'NONE', #4380 ) ;
#1250 = CARTESIAN_POINT ( 'NONE',  ( 7.585462857231999756, 5.890000000000000568, -0.4500000000000000111 ) ) ;
#1251 = DIRECTION ( 'NONE',  ( 1.000000000000000000, 0.000000000000000000, 0.000000000000000000 ) ) ;
#1252 = EDGE_LOOP ( 'NONE', ( #11237, #5660, #1608, #4315 ) ) ;
#1253 = DIRECTION ( 'NONE',  ( 0.000000000000000000, -1.000000000000000000, 0.000000000000000000 ) ) ;
#1254 = EDGE_CURVE ( 'NONE', #7832, #3223, #8086, .T. ) ;
#1255 = ORIENTED_EDGE ( 'NONE', *, *, #9303, .F. ) ;
#1256 = CARTESIAN_POINT ( 'NONE',  ( 10.17883337710849823, 17.10000000000000142, -17.64999999999999858 ) ) ;
#1257 = CARTESIAN_POINT ( 'NONE',  ( 3.900462857232000147, 0.4000000000000000222, -10.80000000000000071 ) ) ;
#1258 = EDGE_CURVE ( 'NONE', #3189, #3884, #8067, .T. ) ;
#1259 = CARTESIAN_POINT ( 'NONE',  ( 15.78607534144900093, 17.10000000000000142, -16.61434546709099891 ) ) ;
#1260 = ORIENTED_EDGE ( 'NONE', *, *, #7076, .T. ) ;
#1261 = EDGE_CURVE ( 'NONE', #4440, #3189, #9076, .T. ) ;
#1262 = DIRECTION ( 'NONE',  ( 1.000000000000000000, 0.000000000000000000, 0.000000000000000000 ) ) ;
#1263 = CARTESIAN_POINT ( 'NONE',  ( 17.57834391374071004, 4.002093896695050113, -0.1940803000824090629 ) ) ;
#1264 = EDGE_LOOP ( 'NONE', ( #8238, #1044, #7632, #10842 ) ) ;
#1265 = CARTESIAN_POINT ( 'NONE',  ( 8.113652288661000966, 17.30000000000000071, -15.86364902853999759 ) ) ;
#1266 = LINE ( 'NONE', #451, #2299 ) ;
#1267 = ADVANCED_FACE ( 'NONE', ( #2857 ), #6445, .F. ) ;
#1268 = VERTEX_POINT ( 'NONE', #1967 ) ;
#1269 = CARTESIAN_POINT ( 'NONE',  ( 17.58046285723199986, 0.6500000000000000222, -13.79216165813900119 ) ) ;
#1270 = DIRECTION ( 'NONE',  ( 0.000000000000000000, 0.000000000000000000, 1.000000000000000000 ) ) ;
#1271 = CARTESIAN_POINT ( 'NONE',  ( 17.73046285723199844, 0.6500000000000000222, -13.85886898516099919 ) ) ;
#1272 = LINE ( 'NONE', #10296, #1135 ) ;
#1273 = EDGE_CURVE ( 'NONE', #7349, #5024, #6381, .T. ) ;
#1274 = EDGE_CURVE ( 'NONE', #4972, #1624, #5316, .T. ) ;
#1275 = CARTESIAN_POINT ( 'NONE',  ( 13.62744035248599950, 17.30000000000000071, -16.48871840685599821 ) ) ;
#1276 = ADVANCED_FACE ( 'NONE', ( #1843 ), #3538, .T. ) ;
#1277 = EDGE_LOOP ( 'NONE', ( #8722, #8050, #7475, #9497 ) ) ;
#1278 = VECTOR ( 'NONE', #1709, 1000.000000000000000 ) ;
#1279 = FACE_OUTER_BOUND ( 'NONE', #11510, .T. ) ;
#1280 = DIRECTION ( 'NONE',  ( -0.9805806756909163369, -0.1961161351382035567, 0.000000000000000000 ) ) ;
#1281 = EDGE_LOOP ( 'NONE', ( #103, #1113, #9027, #6505 ) ) ;
#1282 = VERTEX_POINT ( 'NONE', #5495 ) ;
#1283 = VERTEX_POINT ( 'NONE', #7190 ) ;
#1284 = EDGE_LOOP ( 'NONE', ( #572, #6649, #2033, #3817 ) ) ;
#1285 = CARTESIAN_POINT ( 'NONE',  ( 14.96184219096700119, 17.10000000000000142, -17.64999999999999858 ) ) ;
#1286 = VECTOR ( 'NONE', #6895, 1000.000000000000227 ) ;
#1287 = VERTEX_POINT ( 'NONE', #5430 ) ;
#1288 = CARTESIAN_POINT ( 'NONE',  ( 10.02546285723200015, 4.000000000000000000, -16.97500000000000142 ) ) ;
#1289 = DIRECTION ( 'NONE',  ( 0.000000000000000000, 1.000000000000000000, 0.000000000000000000 ) ) ;
#1290 = CARTESIAN_POINT ( 'NONE',  ( 1.691207820469998513, 0.8726037448690047160, -13.56903304256399956 ) ) ;
#1291 = ORIENTED_EDGE ( 'NONE', *, *, #1407, .F. ) ;
#1292 = CARTESIAN_POINT ( 'NONE',  ( 3.492257776474999798, 14.65000000000000036, -0.2500000000000000000 ) ) ;
#1293 = AXIS2_PLACEMENT_3D ( 'NONE', #3197, #6792, #11283 ) ;
#1294 = LINE ( 'NONE', #11016, #1694 ) ;
#1295 = CIRCLE ( 'NONE', #148, 0.2299999999999999545 ) ;
#1296 = FACE_OUTER_BOUND ( 'NONE', #6494, .T. ) ;
#1297 = ORIENTED_EDGE ( 'NONE', *, *, #193, .F. ) ;
#1298 = ORIENTED_EDGE ( 'NONE', *, *, #2767, .T. ) ;
#1299 = FACE_OUTER_BOUND ( 'NONE', #2749, .T. ) ;
#1300 = CIRCLE ( 'NONE', #10825, 0.2300000000000004541 ) ;
#1301 = AXIS2_PLACEMENT_3D ( 'NONE', #7102, #6168, #10674 ) ;
#1302 = DIRECTION ( 'NONE',  ( 0.000000000000000000, -1.000000000000000000, 0.000000000000000000 ) ) ;
#1303 = DIRECTION ( 'NONE',  ( -1.000000000000000000, 0.000000000000000000, 0.000000000000000000 ) ) ;
#1304 = CARTESIAN_POINT ( 'NONE',  ( 17.66715801717102252, 4.510295692305001936, -13.76581650161100079 ) ) ;
#1305 = DIRECTION ( 'NONE',  ( 0.000000000000000000, 0.000000000000000000, -1.000000000000000000 ) ) ;
#1306 = VERTEX_POINT ( 'NONE', #7135 ) ;
#1307 = CARTESIAN_POINT ( 'NONE',  ( 4.015462861701999842, 17.10000000000000142, -15.45000000000000107 ) ) ;
#1308 = AXIS2_PLACEMENT_3D ( 'NONE', #6767, #3869, #4053 ) ;
#1309 = DIRECTION ( 'NONE',  ( 0.000000000000000000, 1.000000000000000000, 0.000000000000000000 ) ) ;
#1310 = VECTOR ( 'NONE', #9781, 1000.000000000000000 ) ;
#1311 = AXIS2_PLACEMENT_3D ( 'NONE', #9122, #21, #9009 ) ;
#1312 = ORIENTED_EDGE ( 'NONE', *, *, #1431, .T. ) ;
#1313 = CARTESIAN_POINT ( 'NONE',  ( 7.765880787119999518, 17.30000000000000071, -16.61434546709099891 ) ) ;
#1314 = EDGE_LOOP ( 'NONE', ( #4221, #1208, #5767, #10576 ) ) ;
#1315 = DIRECTION ( 'NONE',  ( 1.000000000000000000, 0.000000000000000000, 0.000000000000000000 ) ) ;
#1316 = DIRECTION ( 'NONE',  ( 8.673694738343999964E-13, -1.000000000000000000, -1.380482720205000443E-13 ) ) ;
#1317 = DIRECTION ( 'NONE',  ( 0.000000000000000000, -1.000000000000000000, 0.000000000000000000 ) ) ;
#1318 = VERTEX_POINT ( 'NONE', #3653 ) ;
#1319 = AXIS2_PLACEMENT_3D ( 'NONE', #1384, #4957, #5723 ) ;
#1320 = AXIS2_PLACEMENT_3D ( 'NONE', #835, #4407, #7983 ) ;
#1321 = CARTESIAN_POINT ( 'NONE',  ( 10.72117327426400024, 17.30000000000000071, -17.64999999999999858 ) ) ;
#1322 = DIRECTION ( 'NONE',  ( 5.608211050831000079E-14, -1.000000000000000000, 8.765050212475000222E-13 ) ) ;
#1323 = ORIENTED_EDGE ( 'NONE', *, *, #6703, .T. ) ;
#1324 = PLANE ( 'NONE',  #3595 ) ;
#1325 = EDGE_CURVE ( 'NONE', #1817, #7612, #10761, .T. ) ;
#1326 = LINE ( 'NONE', #3084, #4167 ) ;
#1327 = ADVANCED_FACE ( 'NONE', ( #1091 ), #10053, .F. ) ;
#1328 = ORIENTED_EDGE ( 'NONE', *, *, #7001, .F. ) ;
#1329 = CIRCLE ( 'NONE', #5066, 1.210040583880999554 ) ;
#1330 = CARTESIAN_POINT ( 'NONE',  ( 7.870059025035000211, 17.30000000000000071, -15.45000000000000107 ) ) ;
#1331 = EDGE_CURVE ( 'NONE', #4838, #129, #2959, .T. ) ;
#1332 = CARTESIAN_POINT ( 'NONE',  ( 6.604599439844999864, 17.30000000000000071, -17.64999999999999858 ) ) ;
#1333 = DIRECTION ( 'NONE',  ( 1.000000000000000000, 0.000000000000000000, 0.000000000000000000 ) ) ;
#1334 = DIRECTION ( 'NONE',  ( 1.000000000000000000, 0.000000000000000000, 0.000000000000000000 ) ) ;
#1335 = DIRECTION ( 'NONE',  ( 0.000000000000000000, 0.000000000000000000, -1.000000000000000000 ) ) ;
#1336 = VERTEX_POINT ( 'NONE', #8242 ) ;
#1337 = VECTOR ( 'NONE', #281, 1000.000000000000000 ) ;
#1338 = CARTESIAN_POINT ( 'NONE',  ( 1.650462857231999925, 4.493779418384000302, -13.85886898489499863 ) ) ;
#1339 = CARTESIAN_POINT ( 'NONE',  ( 12.91546285723199894, 0.000000000000000000, -17.32499999999999929 ) ) ;
#1340 = ORIENTED_EDGE ( 'NONE', *, *, #8873, .T. ) ;
#1341 = ORIENTED_EDGE ( 'NONE', *, *, #3201, .F. ) ;
#1342 = VERTEX_POINT ( 'NONE', #10183 ) ;
#1343 = EDGE_LOOP ( 'NONE', ( #5414, #4373, #10225, #3854, #5752 ) ) ;
#1344 = EDGE_CURVE ( 'NONE', #9545, #2274, #6553, .T. ) ;
#1345 = EDGE_CURVE ( 'NONE', #8784, #4234, #2152, .T. ) ;
#1346 = CARTESIAN_POINT ( 'NONE',  ( 13.75546285723200057, 4.000000000000000000, -10.80000000000000071 ) ) ;
#1347 = EDGE_LOOP ( 'NONE', ( #7071, #4401, #9174, #2891 ) ) ;
#1348 = DIRECTION ( 'NONE',  ( 1.000000000000000000, 0.000000000000000000, 0.000000000000000000 ) ) ;
#1349 = VECTOR ( 'NONE', #5958, 1000.000000000000000 ) ;
#1350 = DIRECTION ( 'NONE',  ( -0.1577384316472059955, 0.000000000000000000, 0.9874809300343372342 ) ) ;
#1351 = AXIS2_PLACEMENT_3D ( 'NONE', #2679, #6202, #2514 ) ;
#1352 = DIRECTION ( 'NONE',  ( 0.000000000000000000, -1.000000000000000000, 0.000000000000000000 ) ) ;
#1353 = ORIENTED_EDGE ( 'NONE', *, *, #169, .F. ) ;
#1354 = AXIS2_PLACEMENT_3D ( 'NONE', #6922, #9728, #11154 ) ;
#1355 = AXIS2_PLACEMENT_3D ( 'NONE', #1870, #5454, #3498 ) ;
#1356 = LINE ( 'NONE', #3158, #5994 ) ;
#1357 = AXIS2_PLACEMENT_3D ( 'NONE', #10504, #5224, #7040 ) ;
#1358 = CARTESIAN_POINT ( 'NONE',  ( 6.465462857231999649, 5.890000000000000568, -0.4500000000000000111 ) ) ;
#1359 = LINE ( 'NONE', #4939, #423 ) ;
#1360 = VERTEX_POINT ( 'NONE', #7603 ) ;
#1361 = AXIS2_PLACEMENT_3D ( 'NONE', #1288, #7675, #4926 ) ;
#1362 = EDGE_CURVE ( 'NONE', #9708, #10522, #5731, .T. ) ;
#1363 = ADVANCED_FACE ( 'NONE', ( #9308 ), #3955, .T. ) ;
#1364 = AXIS2_PLACEMENT_3D ( 'NONE', #7693, #7865, #5998 ) ;
#1365 = EDGE_LOOP ( 'NONE', ( #3536, #11206, #10270, #6638 ) ) ;
#1366 = VECTOR ( 'NONE', #8564, 1000.000000000000000 ) ;
#1367 = DIRECTION ( 'NONE',  ( -1.000000000000000000, 0.000000000000000000, 0.000000000000000000 ) ) ;
#1368 = LINE ( 'NONE', #482, #11576 ) ;
#1369 = DIRECTION ( 'NONE',  ( 0.000000000000000000, -1.000000000000000000, 0.000000000000000000 ) ) ;
#1370 = VECTOR ( 'NONE', #8920, 1000.000000000000000 ) ;
#1371 = LINE ( 'NONE', #2063, #9386 ) ;
#1372 = CARTESIAN_POINT ( 'NONE',  ( 14.96184219096700119, 17.30000000000000071, -17.64999999999999858 ) ) ;
#1373 = CARTESIAN_POINT ( 'NONE',  ( 7.491425696684999913, 4.519622748046999483, -0.3559628394500004567 ) ) ;
#1374 = ORIENTED_EDGE ( 'NONE', *, *, #9091, .F. ) ;
#1375 = CIRCLE ( 'NONE', #8299, 1.574999999999999289 ) ;
#1376 = CYLINDRICAL_SURFACE ( 'NONE', #1926, 1.574999999999999956 ) ;
#1377 = DIRECTION ( 'NONE',  ( 0.000000000000000000, -1.000000000000000000, 0.000000000000000000 ) ) ;
#1378 = VERTEX_POINT ( 'NONE', #8491 ) ;
#1379 = VECTOR ( 'NONE', #9209, 1000.000000000000000 ) ;
#1380 = ORIENTED_EDGE ( 'NONE', *, *, #5511, .T. ) ;
#1381 = FACE_OUTER_BOUND ( 'NONE', #3838, .T. ) ;
#1382 = CARTESIAN_POINT ( 'NONE',  ( 2.437554162901999888, 4.000000000000000000, -10.46753918005000017 ) ) ;
#1383 = CARTESIAN_POINT ( 'NONE',  ( 7.010588299974999771, 17.10000000000000142, -15.45000000000000107 ) ) ;
#1384 = CARTESIAN_POINT ( 'NONE',  ( 15.33046285723199986, 4.000000000000000000, -10.80000000000000071 ) ) ;
#1385 = DIRECTION ( 'NONE',  ( 0.000000000000000000, -1.000000000000000000, 0.000000000000000000 ) ) ;
#1386 = EDGE_LOOP ( 'NONE', ( #7359, #7528, #4408, #7020 ) ) ;
#1387 = CARTESIAN_POINT ( 'NONE',  ( 9.205462857231999863, 4.000000000000000000, -19.51500000000000057 ) ) ;
#1388 = CARTESIAN_POINT ( 'NONE',  ( 13.87392848543099966, 0.5000000000000000000, -10.56733581331999972 ) ) ;
#1389 = ORIENTED_EDGE ( 'NONE', *, *, #3324, .T. ) ;
#1390 = CARTESIAN_POINT ( 'NONE',  ( 1.470133353637004481, 4.420699043259999961, -13.79301633234101487 ) ) ;
#1391 = CARTESIAN_POINT ( 'NONE',  ( 15.43575708743056651, 3.600000000000000089, -9.227550108454684263 ) ) ;
#1392 = PLANE ( 'NONE',  #9335 ) ;
#1393 = CARTESIAN_POINT ( 'NONE',  ( 9.205462857231999863, 4.000000000000000000, -19.51500000000000057 ) ) ;
#1394 = LINE ( 'NONE', #5962, #1124 ) ;
#1395 = ORIENTED_EDGE ( 'NONE', *, *, #753, .T. ) ;
#1396 = LINE ( 'NONE', #8666, #6803 ) ;
#1397 = DIRECTION ( 'NONE',  ( -0.9979663327133607709, 0.000000000000000000, -0.06374322529215128985 ) ) ;
#1398 = ORIENTED_EDGE ( 'NONE', *, *, #2128, .T. ) ;
#1399 = VECTOR ( 'NONE', #1750, 1000.000000000000000 ) ;
#1400 = ORIENTED_EDGE ( 'NONE', *, *, #9709, .T. ) ;
#1401 = ORIENTED_EDGE ( 'NONE', *, *, #6211, .T. ) ;
#1402 = ORIENTED_EDGE ( 'NONE', *, *, #7726, .T. ) ;
#1403 = EDGE_CURVE ( 'NONE', #6930, #3103, #1221, .T. ) ;
#1404 = FACE_OUTER_BOUND ( 'NONE', #5323, .T. ) ;
#1405 = ORIENTED_EDGE ( 'NONE', *, *, #8273, .F. ) ;
#1406 = DIRECTION ( 'NONE',  ( 1.000000000000000000, 0.000000000000000000, 0.000000000000000000 ) ) ;
#1407 = EDGE_CURVE ( 'NONE', #7832, #736, #2087, .T. ) ;
#1408 = CARTESIAN_POINT ( 'NONE',  ( 16.88574532203599787, 4.000000000000000000, -10.55156197015999986 ) ) ;
#1409 = EDGE_CURVE ( 'NONE', #7349, #6455, #2640, .T. ) ;
#1410 = LINE ( 'NONE', #4982, #5608 ) ;
#1411 = ORIENTED_EDGE ( 'NONE', *, *, #683, .T. ) ;
#1412 = DIRECTION ( 'NONE',  ( 0.000000000000000000, 0.000000000000000000, -1.000000000000000000 ) ) ;
#1413 = EDGE_CURVE ( 'NONE', #5059, #4004, #10120, .T. ) ;
#1414 = EDGE_CURVE ( 'NONE', #1744, #1287, #8313, .T. ) ;
#1415 = CARTESIAN_POINT ( 'NONE',  ( 1.650462857231999925, 0.5999999999999999778, -13.23000000000000043 ) ) ;
#1416 = ORIENTED_EDGE ( 'NONE', *, *, #7192, .T. ) ;
#1417 = DIRECTION ( 'NONE',  ( 0.000000000000000000, 1.000000000000000000, 0.000000000000000000 ) ) ;
#1418 = ORIENTED_EDGE ( 'NONE', *, *, #9840, .T. ) ;
#1419 = ORIENTED_EDGE ( 'NONE', *, *, #10384, .F. ) ;
#1420 = DIRECTION ( 'NONE',  ( 0.000000000000000000, -1.000000000000000000, 0.000000000000000000 ) ) ;
#1421 = LINE ( 'NONE', #4169, #11024 ) ;
#1422 = CARTESIAN_POINT ( 'NONE',  ( 12.13370798800900019, 17.30000000000000071, -17.64999999999999858 ) ) ;
#1423 = ADVANCED_FACE ( 'NONE', ( #4022 ), #6622, .F. ) ;
#1424 = EDGE_CURVE ( 'NONE', #3310, #7970, #10292, .T. ) ;
#1425 = DIRECTION ( 'NONE',  ( -0.06374322529215131761, 0.000000000000000000, -0.9979663327133606598 ) ) ;
#1426 = CARTESIAN_POINT ( 'NONE',  ( 16.49546285723199901, 0.000000000000000000, -6.490000000000000213 ) ) ;
#1427 = ORIENTED_EDGE ( 'NONE', *, *, #6278, .F. ) ;
#1428 = LINE ( 'NONE', #8576, #8275 ) ;
#1429 = DIRECTION ( 'NONE',  ( 0.1961161351382035567, 0.9805806756909162258, 0.000000000000000000 ) ) ;
#1430 = ORIENTED_EDGE ( 'NONE', *, *, #8710, .F. ) ;
#1431 = EDGE_CURVE ( 'NONE', #2935, #6414, #10940, .T. ) ;
#1432 = ORIENTED_EDGE ( 'NONE', *, *, #9304, .T. ) ;
#1433 = CARTESIAN_POINT ( 'NONE',  ( 13.01546285723199858, 4.000000000000000000, -16.97500000000000142 ) ) ;
#1434 = LINE ( 'NONE', #712, #7075 ) ;
#1435 = CARTESIAN_POINT ( 'NONE',  ( 3.465462857232000093, 14.55000000000000071, 0.000000000000000000 ) ) ;
#1436 = CYLINDRICAL_SURFACE ( 'NONE', #10485, 0.1499999999999999667 ) ;
#1437 = ORIENTED_EDGE ( 'NONE', *, *, #270, .F. ) ;
#1438 = ADVANCED_BREP_SHAPE_REPRESENTATION ( '单口下21.3 带灯无弹平行脚8p', ( #4310, #5658 ), #8073 ) ;
#1439 = CARTESIAN_POINT ( 'NONE',  ( 13.11267741893299998, 17.30000000000000071, -17.29456826448399909 ) ) ;
#1440 = CARTESIAN_POINT ( 'NONE',  ( 7.226604878649999897, 17.10000000000000142, -17.64999999999999858 ) ) ;
#1441 = ORIENTED_EDGE ( 'NONE', *, *, #1107, .T. ) ;
#1442 = CARTESIAN_POINT ( 'NONE',  ( 7.163791668162000192, 17.30000000000000071, -16.83955427408200123 ) ) ;
#1443 = CARTESIAN_POINT ( 'NONE',  ( 38.34681085723199345, 0.5999999999999999778, -13.83000000000000007 ) ) ;
#1444 = FACE_OUTER_BOUND ( 'NONE', #5920, .T. ) ;
#1445 = LINE ( 'NONE', #2547, #4693 ) ;
#1446 = LINE ( 'NONE', #457, #4871 ) ;
#1447 = ORIENTED_EDGE ( 'NONE', *, *, #4688, .F. ) ;
#1448 = FACE_OUTER_BOUND ( 'NONE', #9218, .T. ) ;
#1449 = DIRECTION ( 'NONE',  ( 0.000000000000000000, 1.000000000000000000, 0.000000000000000000 ) ) ;
#1450 = ORIENTED_EDGE ( 'NONE', *, *, #10944, .F. ) ;
#1451 = ORIENTED_EDGE ( 'NONE', *, *, #11092, .T. ) ;
#1452 = ORIENTED_EDGE ( 'NONE', *, *, #4764, .F. ) ;
#1453 = ORIENTED_EDGE ( 'NONE', *, *, #9989, .T. ) ;
#1454 = PLANE ( 'NONE',  #4453 ) ;
#1455 = ORIENTED_EDGE ( 'NONE', *, *, #9785, .F. ) ;
#1456 = LINE ( 'NONE', #10311, #6789 ) ;
#1457 = CARTESIAN_POINT ( 'NONE',  ( 10.27228726123319902, 17.10000000000000142, -15.45000000000000107 ) ) ;
#1458 = ORIENTED_EDGE ( 'NONE', *, *, #8860, .T. ) ;
#1459 = LINE ( 'NONE', #11185, #564 ) ;
#1460 = LINE ( 'NONE', #11186, #6777 ) ;
#1461 = ORIENTED_EDGE ( 'NONE', *, *, #5352, .T. ) ;
#1462 = EDGE_CURVE ( 'NONE', #7608, #5298, #3749, .T. ) ;
#1463 = DIRECTION ( 'NONE',  ( 0.000000000000000000, 1.000000000000000000, 0.000000000000000000 ) ) ;
#1464 = AXIS2_PLACEMENT_3D ( 'NONE', #4542, #9004, #791 ) ;
#1465 = EDGE_CURVE ( 'NONE', #6020, #9097, #6495, .T. ) ;
#1466 = EDGE_LOOP ( 'NONE', ( #3492, #1374, #11585, #6210 ) ) ;
#1467 = ORIENTED_EDGE ( 'NONE', *, *, #9653, .T. ) ;
#1468 = EDGE_CURVE ( 'NONE', #9542, #3678, #4737, .T. ) ;
#1469 = CARTESIAN_POINT ( 'NONE',  ( 15.77351746730299986, 17.10000000000000142, -17.32506086918699850 ) ) ;
#1470 = PRODUCT_DEFINITION_SHAPE ( 'NONE', 'NONE',  #10433 ) ;
#1471 = VECTOR ( 'NONE', #2629, 1000.000000000000000 ) ;
#1472 = CARTESIAN_POINT ( 'NONE',  ( 13.49399962550600129, 17.30000000000000071, -17.56236614695500009 ) ) ;
#1473 = FACE_OUTER_BOUND ( 'NONE', #11220, .T. ) ;
#1474 = CIRCLE ( 'NONE', #4087, 0.1000000000000002692 ) ;
#1475 = EDGE_CURVE ( 'NONE', #8032, #2245, #3026, .T. ) ;
#1476 = DIRECTION ( 'NONE',  ( 0.000000000000000000, 0.000000000000000000, -1.000000000000000000 ) ) ;
#1477 = DIRECTION ( 'NONE',  ( 0.000000000000000000, 0.000000000000000000, -1.000000000000000000 ) ) ;
#1478 = LINE ( 'NONE', #2528, #6968 ) ;
#1479 = CYLINDRICAL_SURFACE ( 'NONE', #57, 0.2300000000000000100 ) ;
#1480 = CIRCLE ( 'NONE', #3159, 0.1000000000000002692 ) ;
#1481 = VERTEX_POINT ( 'NONE', #7717 ) ;
#1482 = VECTOR ( 'NONE', #7410, 1000.000000000000000 ) ;
#1483 = AXIS2_PLACEMENT_3D ( 'NONE', #2635, #8970, #7037 ) ;
#1484 = EDGE_CURVE ( 'NONE', #5000, #3085, #7887, .T. ) ;
#1485 = ADVANCED_FACE ( 'NONE', ( #9425 ), #1611, .F. ) ;
#1486 = ADVANCED_FACE ( 'NONE', ( #9597 ), #3250, .F. ) ;
#1487 = VERTEX_POINT ( 'NONE', #3196 ) ;
#1488 = CARTESIAN_POINT ( 'NONE',  ( 4.493457275375999593, 17.10000000000000142, -15.80389970838999858 ) ) ;
#1489 = FACE_OUTER_BOUND ( 'NONE', #106, .T. ) ;
#1490 = DIRECTION ( 'NONE',  ( 1.000000000000000000, 0.000000000000000000, 0.000000000000000000 ) ) ;
#1491 = DIRECTION ( 'NONE',  ( 0.9874809300343374563, 0.000000000000000000, 0.1577384316472046910 ) ) ;
#1492 = CARTESIAN_POINT ( 'NONE',  ( 3.665462857232000271, 9.679999999999999716, -0.4500000000000000111 ) ) ;
#1493 = ORIENTED_EDGE ( 'NONE', *, *, #10838, .T. ) ;
#1494 = VECTOR ( 'NONE', #2964, 1000.000000000000227 ) ;
#1495 =( BOUNDED_SURFACE ( )  B_SPLINE_SURFACE ( 3, 3, ( 
 ( #11453, #3417, #1390, #8657 ),
 ( #9648, #6955, #11388, #5135 ),
 ( #4304, #623, #8711, #7013 ),
 ( #4193, #561, #5852, #5182 ) ),
 .UNSPECIFIED., .F., .F., .F. ) 
 B_SPLINE_SURFACE_WITH_KNOTS ( ( 4, 4 ),
 ( 4, 4 ),
 ( 0.000000000000000000, 1.000000000000000000 ),
 ( 0.000000000000000000, 1.000000000000000000 ),
 .UNSPECIFIED. ) 
 GEOMETRIC_REPRESENTATION_ITEM ( )  RATIONAL_B_SPLINE_SURFACE ( (
 ( 1.826639217224000022, 1.203690208500999947, 1.203690208500999947, 1.826639217224000022),
 ( 1.182697249577000065, 0.7793553787268999722, 0.7793553787268999722, 1.182697249577000065),
 ( 1.182697249577000065, 0.7793553787268999722, 0.7793553787268999722, 1.182697249577000065),
 ( 1.826639217224000022, 1.203690208500999947, 1.203690208500999947, 1.826639217224000022) ) ) 
 REPRESENTATION_ITEM ( '' )  SURFACE ( )  );
#1496 = CIRCLE ( 'NONE', #3176, 0.2000000000000005107 ) ;
#1497 = LINE ( 'NONE', #9356, #1188 ) ;
#1498 = DIRECTION ( 'NONE',  ( 0.000000000000000000, 1.000000000000000000, 0.000000000000000000 ) ) ;
#1499 = ORIENTED_EDGE ( 'NONE', *, *, #7783, .T. ) ;
#1500 = CARTESIAN_POINT ( 'NONE',  ( 14.61546285723200000, 11.67999999999999972, 0.000000000000000000 ) ) ;
#1501 = ADVANCED_FACE ( 'NONE', ( #5078 ), #1495, .T. ) ;
#1502 = VECTOR ( 'NONE', #5247, 1000.000000000000000 ) ;
#1503 = AXIS2_PLACEMENT_3D ( 'NONE', #10211, #1305, #9287 ) ;
#1504 = DIRECTION ( 'NONE',  ( -1.000000000000000000, 0.000000000000000000, 0.000000000000000000 ) ) ;
#1505 = DIRECTION ( 'NONE',  ( 0.000000000000000000, -1.000000000000000000, 0.000000000000000000 ) ) ;
#1506 = CYLINDRICAL_SURFACE ( 'NONE', #9181, 0.09999999999999956146 ) ;
#1507 = ORIENTED_EDGE ( 'NONE', *, *, #8643, .F. ) ;
#1508 = DIRECTION ( 'NONE',  ( -1.000000000000000000, 0.000000000000000000, 0.000000000000000000 ) ) ;
#1509 = DIRECTION ( 'NONE',  ( 1.000000000000000000, 0.000000000000000000, 0.000000000000000000 ) ) ;
#1510 = ORIENTED_EDGE ( 'NONE', *, *, #2340, .T. ) ;
#1511 = VECTOR ( 'NONE', #2913, 1000.000000000000000 ) ;
#1512 = VECTOR ( 'NONE', #7444, 1000.000000000000000 ) ;
#1513 = ORIENTED_EDGE ( 'NONE', *, *, #5192, .F. ) ;
#1514 = EDGE_LOOP ( 'NONE', ( #8559, #9644, #4082, #7512 ) ) ;
#1515 = ORIENTED_EDGE ( 'NONE', *, *, #467, .F. ) ;
#1516 = ORIENTED_EDGE ( 'NONE', *, *, #5058, .F. ) ;
#1517 = DIRECTION ( 'NONE',  ( 0.000000000000000000, 0.000000000000000000, -1.000000000000000000 ) ) ;
#1518 = CARTESIAN_POINT ( 'NONE',  ( 17.53971789399400905, 0.5179020277200070410, -13.92373475970798680 ) ) ;
#1519 = LINE ( 'NONE', #5098, #10654 ) ;
#1520 = ORIENTED_EDGE ( 'NONE', *, *, #7943, .T. ) ;
#1521 = CARTESIAN_POINT ( 'NONE',  ( 9.615462857231998228, 10.65000000000000036, -21.25000000000000000 ) ) ;
#1522 = LINE ( 'NONE', #7683, #7139 ) ;
#1523 = ORIENTED_EDGE ( 'NONE', *, *, #9941, .T. ) ;
#1524 = CARTESIAN_POINT ( 'NONE',  ( 11.84546285723200043, 4.549999999999999822, -0.2500000000000000000 ) ) ;
#1525 = ORIENTED_EDGE ( 'NONE', *, *, #10788, .F. ) ;
#1526 = AXIS2_PLACEMENT_3D ( 'NONE', #25, #1733, #6089 ) ;
#1527 = AXIS2_PLACEMENT_3D ( 'NONE', #10686, #78, #3696 ) ;
#1528 = DIRECTION ( 'NONE',  ( 0.000000000000000000, 1.000000000000000000, 0.000000000000000000 ) ) ;
#1529 = ORIENTED_EDGE ( 'NONE', *, *, #1619, .T. ) ;
#1530 = CARTESIAN_POINT ( 'NONE',  ( 13.86755416290199960, 4.000000000000000000, -11.13246081994999948 ) ) ;
#1531 = DIRECTION ( 'NONE',  ( 0.000000000000000000, 0.000000000000000000, -1.000000000000000000 ) ) ;
#1532 = ORIENTED_EDGE ( 'NONE', *, *, #11540, .T. ) ;
#1533 = CARTESIAN_POINT ( 'NONE',  ( 3.565462857231999738, 8.665000000000000924, -0.3499999999999999778 ) ) ;
#1534 = EDGE_CURVE ( 'NONE', #4536, #7984, #10577, .T. ) ;
#1535 = VECTOR ( 'NONE', #1207, 1000.000000000000000 ) ;
#1536 = CARTESIAN_POINT ( 'NONE',  ( 3.900462857232000147, 0.5000000000000000000, -10.80000000000000071 ) ) ;
#1537 = CARTESIAN_POINT ( 'NONE',  ( 5.688443350538999965, 17.30000000000000071, -17.64999999999999858 ) ) ;
#1538 = AXIS2_PLACEMENT_3D ( 'NONE', #1860, #5509, #2872 ) ;
#1539 = LINE ( 'NONE', #3286, #31 ) ;
#1540 = LINE ( 'NONE', #8697, #11446 ) ;
#1541 = VECTOR ( 'NONE', #936, 1000.000000000000000 ) ;
#1542 = AXIS2_PLACEMENT_3D ( 'NONE', #2727, #3600, #6316 ) ;
#1543 = ORIENTED_EDGE ( 'NONE', *, *, #2966, .F. ) ;
#1544 = VERTEX_POINT ( 'NONE', #8760 ) ;
#1545 = DIRECTION ( 'NONE',  ( 0.000000000000000000, -1.000000000000000000, 0.000000000000000000 ) ) ;
#1546 = AXIS2_PLACEMENT_3D ( 'NONE', #10966, #10848, #8277 ) ;
#1547 = EDGE_CURVE ( 'NONE', #4139, #10522, #5011, .T. ) ;
#1548 = AXIS2_PLACEMENT_3D ( 'NONE', #11531, #9135, #3035 ) ;
#1549 = DIRECTION ( 'NONE',  ( 0.000000000000000000, 1.000000000000000000, 0.000000000000000000 ) ) ;
#1550 = ADVANCED_FACE ( 'NONE', ( #3299 ), #7655, .F. ) ;
#1551 = CLOSED_SHELL ( 'NONE', ( #2261, #2062, #8200, #3837, #3665, #3744, #9915, #8001, #5002, #5142, #7840, #7077, #6087, #3669, #3989, #1898, #1276, #8668, #10281, #7700, #8568, #4992, #906, #7009, #5051, #1914, #61, #4611, #11422, #6269, #1609, #5778, #5196, #9850, #7221, #3737, #4840, #1060, #1119, #3542, #3909, #4188, #8209, #2131, #4213, #5324, #2493, #7980, #6364, #4482, #2967, #471, #4927, #7652, #9990, #2751, #9161, #7933, #2695, #5393, #10839, #2198, #1061, #1753, #9360, #8914, #8265, #11338, #8651, #3625, #9809, #6701, #5710, #10072, #11416, #11217, #2139, #3610, #7000, #2123, #3332, #9790, #3683, #4919, #565, #308, #2333, #7585, #2633, #2039, #7210, #7062, #1053, #6277, #96, #8457, #2531, #3609, #6992, #5771, #3248, #3844, #2848, #11554, #424, #6195, #4205, #10073, #4400, #7336, #4570, #4215, #8645, #609, #2754, #5887, #494, #2282, #8922, #3043, #417, #6375, #5122, #177, #8563, #5271, #8507, #6869, #7509, #11370, #4719, #6928, #7011, #4788, #3192, #4042, #10174, #10771, #2119, #3892, #3624, #10371, #3515, #3829, #10366, #3318, #7579, #3776, #3676, #6449, #1688, #1689, #5431, #11142, #9454, #6723, #1573, #8667, #4718, #9252, #4346, #2024, #8422, #2146, #7264, #1751, #825, #51, #2973, #1766, #7638, #3452, #9073, #5338, #2178, #10432, #5340, #9136, #5472, #7194, #7593, #4059, #8133, #1501, #6428, #8134, #9638, #7774, #10064, #9433, #415, #10526, #5213, #3692, #99, #6068, #7864, #6229, #4000, #2752, #3341, #5470, #6357, #1363, #7781, #2892, #10297, #2028, #6709, #6923, #10525, #8930, #10277, #2613, #8768, #10585, #7846, #9923, #307, #6794, #628, #6870, #2265, #5050, #8921, #1129, #2893, #2210, #10626, #4627, #9711, #4052, #7987, #7991, #1805, #3541, #7148, #3479, #2400, #11357, #3049, #7873, #5853, #814, #2259, #3684, #1620, #3186, #1267, #9507, #11423, #8802, #112, #5203, #2328, #4766, #10349, #1219, #535, #7634, #325, #1485, #4108, #9131, #9703, #9090, #8292, #4256, #3675, #8363, #762, #3336, #5870, #4540, #5664, #4143, #10877, #4191, #8880, #6927, #9495, #763, #9504, #1127, #10207, #748, #4699, #10289, #677, #4481, #8370, #541, #829, #5473, #4717, #4549, #3458, #7787, #2283, #9734, #5715, #6141, #5153, #4824, #481, #6442, #10718, #1634, #2833, #10426, #3988, #3246, #1105, #8362, #8355, #8069, #981, #5197, #10290, #1980, #5336, #984, #5551, #4786, #8441, #6122, #8440, #1327, #3182, #1486, #10931, #11371, #6738, #9242, #2359, #11536, #1128, #9779, #9290, #5125, #7594, #9698, #10719, #3980, #2492, #6501, #9520, #4122, #547, #4418, #2501, #10992, #6423, #1423, #4609, #5869, #4112, #10787, #9576, #1670, #6788, #10439, #3386, #10987, #3910, #8286, #11157, #26, #1767, #1629, #11502, #11285, #4129, #9082, #10232, #1550 ) ) ;
#1552 = CARTESIAN_POINT ( 'NONE',  ( 12.61170228694399853, 17.30000000000000071, -16.65417823791499785 ) ) ;
#1553 = DIRECTION ( 'NONE',  ( 0.000000000000000000, -1.000000000000000000, 0.000000000000000000 ) ) ;
#1554 = DIRECTION ( 'NONE',  ( 0.000000000000000000, -1.000000000000000000, 0.000000000000000000 ) ) ;
#1555 = VERTEX_POINT ( 'NONE', #2322 ) ;
#1556 = CARTESIAN_POINT ( 'NONE',  ( 13.32716239665469793, 17.30000000000000071, -16.98816150090900123 ) ) ;
#1557 = EDGE_CURVE ( 'NONE', #9332, #10705, #3082, .T. ) ;
#1558 = EDGE_CURVE ( 'NONE', #2551, #2505, #8808, .T. ) ;
#1559 = CARTESIAN_POINT ( 'NONE',  ( 5.275462857231999259, 0.000000000000000000, -6.989999999999999325 ) ) ;
#1560 = AXIS2_PLACEMENT_3D ( 'NONE', #9324, #1289, #1350 ) ;
#1561 = EDGE_CURVE ( 'NONE', #7771, #11134, #669, .T. ) ;
#1562 = VERTEX_POINT ( 'NONE', #4245 ) ;
#1563 = VECTOR ( 'NONE', #6961, 1000.000000000000000 ) ;
#1564 = VECTOR ( 'NONE', #11203, 1000.000000000000000 ) ;
#1565 = CARTESIAN_POINT ( 'NONE',  ( 17.38046285723200057, 0.000000000000000000, -13.87000000000000099 ) ) ;
#1566 = CARTESIAN_POINT ( 'NONE',  ( 14.88046285723199880, 3.700000000000000178, -4.750000000000000000 ) ) ;
#1567 = CARTESIAN_POINT ( 'NONE',  ( 1.500462857232000013, 0.6500000000000000222, -13.85886898516099919 ) ) ;
#1568 = DIRECTION ( 'NONE',  ( 1.000000000000000000, 0.000000000000000000, 0.000000000000000000 ) ) ;
#1569 = CARTESIAN_POINT ( 'NONE',  ( -19.65696514276800144, 17.06999999999999673, -21.01999999999999957 ) ) ;
#1570 = EDGE_LOOP ( 'NONE', ( #11013, #1173, #4911, #5554 ) ) ;
#1571 = CARTESIAN_POINT ( 'NONE',  ( 1.650462857231999925, 3.850000000000000089, -14.47000000000000064 ) ) ;
#1572 = EDGE_CURVE ( 'NONE', #2274, #7576, #7823, .T. ) ;
#1573 = ADVANCED_FACE ( 'NONE', ( #2372 ), #786, .T. ) ;
#1574 =( NAMED_UNIT ( * ) PLANE_ANGLE_UNIT ( ) SI_UNIT ( $, .RADIAN. ) );
#1575 = ORIENTED_EDGE ( 'NONE', *, *, #9303, .T. ) ;
#1576 = EDGE_LOOP ( 'NONE', ( #5288, #8956, #9032 ) ) ;
#1577 = ORIENTED_EDGE ( 'NONE', *, *, #10065, .F. ) ;
#1578 = B_SPLINE_SURFACE_WITH_KNOTS ( 'NONE', 3, 1, ( 
 ( #7110, #7939 ),
 ( #9752, #11498 ),
 ( #10681, #3354 ),
 ( #2653, #3457 ) ),
 .UNSPECIFIED., .F., .F., .F.,
 ( 4, 4 ),
 ( 2, 2 ),
 ( 0.02870347739258184705, 0.9765888556717360336 ),
 ( 0.000000000000000000, 1.000000000000000000 ),
 .UNSPECIFIED. ) ;
#1579 = ORIENTED_EDGE ( 'NONE', *, *, #4637, .T. ) ;
#1580 = CARTESIAN_POINT ( 'NONE',  ( 3.665462857232000271, 11.67999999999999972, 0.000000000000000000 ) ) ;
#1581 = EDGE_LOOP ( 'NONE', ( #6855, #2919, #5716, #10975 ) ) ;
#1582 = CARTESIAN_POINT ( 'NONE',  ( 16.78699722903299829, 0.4000000000000000222, -11.03266418667999993 ) ) ;
#1583 = LINE ( 'NONE', #11408, #4289 ) ;
#1584 = ORIENTED_EDGE ( 'NONE', *, *, #5199, .F. ) ;
#1585 = CYLINDRICAL_SURFACE ( 'NONE', #4140, 0.1000000000000002692 ) ;
#1586 = ORIENTED_EDGE ( 'NONE', *, *, #6140, .T. ) ;
#1587 = CARTESIAN_POINT ( 'NONE',  ( 3.483175291678999752, 14.63228756555300158, -0.2677124344499999808 ) ) ;
#1588 = VERTEX_POINT ( 'NONE', #7229 ) ;
#1589 = LINE ( 'NONE', #4680, #4673 ) ;
#1590 = LINE ( 'NONE', #10660, #1925 ) ;
#1591 = DIRECTION ( 'NONE',  ( 0.000000000000000000, -1.000000000000000000, 0.000000000000000000 ) ) ;
#1592 = ORIENTED_EDGE ( 'NONE', *, *, #5625, .F. ) ;
#1593 = CARTESIAN_POINT ( 'NONE',  ( 5.665462857231998939, 6.500000000000000000, -0.2000000000000000111 ) ) ;
#1594 = CARTESIAN_POINT ( 'NONE',  ( 15.56312704391199908, 0.4000000000000000222, -9.343465628199998818 ) ) ;
#1595 = DIRECTION ( 'NONE',  ( 0.000000000000000000, 0.000000000000000000, 1.000000000000000000 ) ) ;
#1596 = CARTESIAN_POINT ( 'NONE',  ( 16.22783201400199715, 4.750000000000000000, 0.000000000000000000 ) ) ;
#1597 = DIRECTION ( 'NONE',  ( 0.000000000000000000, -1.000000000000000000, 0.000000000000000000 ) ) ;
#1598 = EDGE_LOOP ( 'NONE', ( #9567, #7318, #7433, #4884 ) ) ;
#1599 = EDGE_LOOP ( 'NONE', ( #9185, #8748, #4713, #9140 ) ) ;
#1600 = CARTESIAN_POINT ( 'NONE',  ( 1.470133353637004481, 4.420699043210003509, -13.90698366782398310 ) ) ;
#1601 = DIRECTION ( 'NONE',  ( 0.000000000000000000, -1.000000000000000000, 0.000000000000000000 ) ) ;
#1602 = DIRECTION ( 'NONE',  ( 0.000000000000000000, -1.000000000000000000, 0.000000000000000000 ) ) ;
#1603 = CARTESIAN_POINT ( 'NONE',  ( 13.32716239665499813, 17.10000000000000142, -16.76550600131366764 ) ) ;
#1604 = DIRECTION ( 'NONE',  ( 0.000000000000000000, 0.000000000000000000, 1.000000000000000000 ) ) ;
#1605 = EDGE_LOOP ( 'NONE', ( #7189, #4500, #7811, #3368 ) ) ;
#1606 = DIRECTION ( 'NONE',  ( -0.5773502691896257311, 0.5773502691896257311, -0.5773502691896257311 ) ) ;
#1607 = DIRECTION ( 'NONE',  ( 0.000000000000000000, -1.000000000000000000, 0.000000000000000000 ) ) ;
#1608 = ORIENTED_EDGE ( 'NONE', *, *, #94, .F. ) ;
#1609 = ADVANCED_FACE ( 'NONE', ( #2657 ), #10623, .T. ) ;
#1610 = EDGE_CURVE ( 'NONE', #5549, #11238, #3562, .T. ) ;
#1611 = PLANE ( 'NONE',  #7893 ) ;
#1612 = LINE ( 'NONE', #9694, #2415 ) ;
#1613 = EDGE_CURVE ( 'NONE', #5206, #1883, #6124, .T. ) ;
#1614 = DIRECTION ( 'NONE',  ( 0.000000000000000000, 0.000000000000000000, 1.000000000000000000 ) ) ;
#1615 = DIRECTION ( 'NONE',  ( 0.7071067811864976127, 0.000000000000000000, -0.7071067811865975328 ) ) ;
#1616 = DIRECTION ( 'NONE',  ( 0.9805806756909163369, -0.1961161351382035567, 0.000000000000000000 ) ) ;
#1617 = ORIENTED_EDGE ( 'NONE', *, *, #10065, .T. ) ;
#1618 = DIRECTION ( 'NONE',  ( 0.6728772455790075213, 0.000000000000000000, 0.7397541567183032463 ) ) ;
#1619 = EDGE_CURVE ( 'NONE', #3634, #6056, #4367, .T. ) ;
#1620 = ADVANCED_FACE ( 'NONE', ( #840 ), #10798, .F. ) ;
#1621 = EDGE_LOOP ( 'NONE', ( #3157, #4312, #3210, #3906, #7544, #2103 ) ) ;
#1622 = ORIENTED_EDGE ( 'NONE', *, *, #7220, .T. ) ;
#1623 = ORIENTED_EDGE ( 'NONE', *, *, #8208, .F. ) ;
#1624 = VERTEX_POINT ( 'NONE', #5241 ) ;
#1625 = DIRECTION ( 'NONE',  ( 0.000000000000000000, -1.000000000000000000, 0.000000000000000000 ) ) ;
#1626 = ORIENTED_EDGE ( 'NONE', *, *, #6491, .T. ) ;
#1627 = EDGE_CURVE ( 'NONE', #10833, #5024, #4141, .T. ) ;
#1628 = EDGE_CURVE ( 'NONE', #10590, #8878, #1777, .T. ) ;
#1629 = ADVANCED_FACE ( 'NONE', ( #7055 ), #11504, .F. ) ;
#1630 = CARTESIAN_POINT ( 'NONE',  ( 16.78699722903299829, 4.000000000000000000, -11.03266418667999993 ) ) ;
#1631 = CARTESIAN_POINT ( 'NONE',  ( 16.49546285723199901, 0.000000000000000000, -6.490000000000000213 ) ) ;
#1632 = VERTEX_POINT ( 'NONE', #888 ) ;
#1634 = ADVANCED_FACE ( 'NONE', ( #1661 ), #9817, .T. ) ;
#1633 = DIRECTION ( 'NONE',  ( 0.000000000000000000, 0.000000000000000000, 1.000000000000000000 ) ) ;
#1635 = VERTEX_POINT ( 'NONE', #1825 ) ;
#1636 = DIRECTION ( 'NONE',  ( 0.000000000000000000, 0.000000000000000000, -1.000000000000000000 ) ) ;
#1637 = ORIENTED_EDGE ( 'NONE', *, *, #4552, .T. ) ;
#1638 = DIRECTION ( 'NONE',  ( 1.000000000000000000, 0.000000000000000000, 0.000000000000000000 ) ) ;
#1639 = DIRECTION ( 'NONE',  ( 1.000000000000000000, 0.000000000000000000, 0.000000000000000000 ) ) ;
#1640 = LINE ( 'NONE', #5379, #721 ) ;
#1641 = ORIENTED_EDGE ( 'NONE', *, *, #4935, .F. ) ;
#1642 = DIRECTION ( 'NONE',  ( 0.000000000000000000, 1.000000000000000000, 0.000000000000000000 ) ) ;
#1643 = LINE ( 'NONE', #598, #9036 ) ;
#1644 = CARTESIAN_POINT ( 'NONE',  ( 13.32716239763103871, 17.10000000000000142, -17.07548742583130164 ) ) ;
#1645 = AXIS2_PLACEMENT_3D ( 'NONE', #6184, #3701, #3466 ) ;
#1646 = DIRECTION ( 'NONE',  ( 1.000000000000000000, 0.000000000000000000, 0.000000000000000000 ) ) ;
#1647 = FACE_OUTER_BOUND ( 'NONE', #10266, .T. ) ;
#1648 = VERTEX_POINT ( 'NONE', #4469 ) ;
#1649 = CARTESIAN_POINT ( 'NONE',  ( 1.691207820469998513, 4.475877390659003474, -13.92373475970798680 ) ) ;
#1650 = VECTOR ( 'NONE', #4308, 1000.000000000000000 ) ;
#1651 = CARTESIAN_POINT ( 'NONE',  ( 3.652024827387999828, 0.5000000000000000000, -9.244717535199999503 ) ) ;
#1652 = CARTESIAN_POINT ( 'NONE',  ( 1.850462857232000102, 3.850000000000000089, -13.23000000000000043 ) ) ;
#1653 = CARTESIAN_POINT ( 'NONE',  ( 13.18570436213966701, 17.10000000000000142, -16.65417823791500140 ) ) ;
#1654 = CARTESIAN_POINT ( 'NONE',  ( 7.870059025035000211, 17.30000000000000071, -15.45000000000000107 ) ) ;
#1655 = ORIENTED_EDGE ( 'NONE', *, *, #10384, .T. ) ;
#1656 = CARTESIAN_POINT ( 'NONE',  ( 12.96546285723199965, 0.2500000000000000000, -17.14999999999999858 ) ) ;
#1657 = VECTOR ( 'NONE', #274, 1000.000000000000000 ) ;
#1658 = PLANE ( 'NONE',  #3957 ) ;
#1659 = AXIS2_PLACEMENT_3D ( 'NONE', #10075, #8142, #11012 ) ;
#1660 = VERTEX_POINT ( 'NONE', #8822 ) ;
#1661 = FACE_OUTER_BOUND ( 'NONE', #8097, .T. ) ;
#1662 = FACE_OUTER_BOUND ( 'NONE', #5484, .T. ) ;
#1663 = DIRECTION ( 'NONE',  ( 0.000000000000000000, 0.000000000000000000, -1.000000000000000000 ) ) ;
#1664 = DIRECTION ( 'NONE',  ( 1.000000000000000000, 0.000000000000000000, 0.000000000000000000 ) ) ;
#1665 = AXIS2_PLACEMENT_3D ( 'NONE', #5262, #7905, #9618 ) ;
#1666 = CIRCLE ( 'NONE', #1483, 0.2299999999999999545 ) ;
#1667 = LINE ( 'NONE', #7997, #8794 ) ;
#1668 = ORIENTED_EDGE ( 'NONE', *, *, #4556, .T. ) ;
#1669 = EDGE_CURVE ( 'NONE', #437, #1544, #12, .T. ) ;
#1670 = ADVANCED_FACE ( 'NONE', ( #3638 ), #130, .F. ) ;
#1671 = DIRECTION ( 'NONE',  ( 0.000000000000000000, 1.000000000000000000, 0.000000000000000000 ) ) ;
#1672 = CARTESIAN_POINT ( 'NONE',  ( 10.47546285723199944, 4.000000000000000000, -16.97500000000000142 ) ) ;
#1673 = ORIENTED_EDGE ( 'NONE', *, *, #11303, .T. ) ;
#1674 = EDGE_CURVE ( 'NONE', #7901, #3710, #10487, .T. ) ;
#1675 = ORIENTED_EDGE ( 'NONE', *, *, #4787, .F. ) ;
#1676 = VERTEX_POINT ( 'NONE', #5302 ) ;
#1677 = VECTOR ( 'NONE', #10343, 1000.000000000000000 ) ;
#1678 = VERTEX_POINT ( 'NONE', #7990 ) ;
#1679 = AXIS2_PLACEMENT_3D ( 'NONE', #10902, #4810, #8194 ) ;
#1680 = DIRECTION ( 'NONE',  ( 0.000000000000000000, 0.000000000000000000, -1.000000000000000000 ) ) ;
#1681 = CARTESIAN_POINT ( 'NONE',  ( 3.652024827387999828, 4.000000000000000000, -9.244717535199999503 ) ) ;
#1682 = DIRECTION ( 'NONE',  ( -1.000000000000000000, 0.000000000000000000, 0.000000000000000000 ) ) ;
#1683 = EDGE_LOOP ( 'NONE', ( #6807, #11474, #9658, #7892 ) ) ;
#1684 = VECTOR ( 'NONE', #9285, 1000.000000000000000 ) ;
#1685 = VECTOR ( 'NONE', #7937, 1000.000000000000000 ) ;
#1686 = CARTESIAN_POINT ( 'NONE',  ( 14.99554684792736126, 17.30000000000000071, -16.30027856230714889 ) ) ;
#1687 = ORIENTED_EDGE ( 'NONE', *, *, #5563, .F. ) ;
#1688 = ADVANCED_FACE ( 'NONE', ( #7113 ), #6215, .T. ) ;
#1689 = ADVANCED_FACE ( 'NONE', ( #10747 ), #7405, .T. ) ;
#1690 = CARTESIAN_POINT ( 'NONE',  ( 3.235462857232000111, 4.000000000000000000, -6.490000000000000213 ) ) ;
#1691 = EDGE_LOOP ( 'NONE', ( #5091, #745, #11342, #1796 ) ) ;
#1692 = VECTOR ( 'NONE', #3895, 1000.000000000000000 ) ;
#1693 = LINE ( 'NONE', #8856, #2839 ) ;
#1694 = VECTOR ( 'NONE', #5750, 1000.000000000000000 ) ;
#1695 = CARTESIAN_POINT ( 'NONE',  ( 12.95641006205999979, 17.10000000000000142, -17.29456826448399909 ) ) ;
#1696 = DIRECTION ( 'NONE',  ( -0.9979663327133606598, 0.000000000000000000, -0.06374322529215104005 ) ) ;
#1697 = ORIENTED_EDGE ( 'NONE', *, *, #7978, .F. ) ;
#1698 = DIRECTION ( 'NONE',  ( 1.000000000000000000, 0.000000000000000000, 0.000000000000000000 ) ) ;
#1699 = CARTESIAN_POINT ( 'NONE',  ( 6.465462857231999649, 7.649999999999999467, -0.4500000000000000111 ) ) ;
#1700 = CARTESIAN_POINT ( 'NONE',  ( 13.32716239665476010, 17.30000000000000071, -16.98816152254494938 ) ) ;
#1701 = VECTOR ( 'NONE', #1633, 1000.000000000000000 ) ;
#1702 = CARTESIAN_POINT ( 'NONE',  ( 7.485462857232000111, 5.219999999999999751, -0.3499999999999999778 ) ) ;
#1703 = AXIS2_PLACEMENT_3D ( 'NONE', #11221, #8542, #10524 ) ;
#1704 = EDGE_CURVE ( 'NONE', #5508, #8214, #1142, .T. ) ;
#1705 = EDGE_CURVE ( 'NONE', #8354, #2551, #3650, .T. ) ;
#1706 = CARTESIAN_POINT ( 'NONE',  ( 17.35046285723199944, -24.70650651488000094, -0.2300000000000000100 ) ) ;
#1707 = ORIENTED_EDGE ( 'NONE', *, *, #10620, .T. ) ;
#1708 = DIRECTION ( 'NONE',  ( -1.000000000000000000, 0.000000000000000000, 0.000000000000000000 ) ) ;
#1709 = DIRECTION ( 'NONE',  ( 1.000000000000000000, 0.000000000000000000, 0.000000000000000000 ) ) ;
#1710 = AXIS2_PLACEMENT_3D ( 'NONE', #7056, #3269, #8677 ) ;
#1711 = CARTESIAN_POINT ( 'NONE',  ( 17.35046285723199944, 17.06999999999999673, -21.01999999999999957 ) ) ;
#1712 = DIRECTION ( 'NONE',  ( 0.000000000000000000, -1.000000000000000000, 0.000000000000000000 ) ) ;
#1713 = FACE_BOUND ( 'NONE', #7054, .T. ) ;
#1714 = ORIENTED_EDGE ( 'NONE', *, *, #1619, .F. ) ;
#1715 = VECTOR ( 'NONE', #6830, 1000.000000000000000 ) ;
#1716 = AXIS2_PLACEMENT_3D ( 'NONE', #10906, #6231, #2810 ) ;
#1717 = DIRECTION ( 'NONE',  ( 0.000000000000000000, -1.000000000000000000, 0.000000000000000000 ) ) ;
#1718 = DIRECTION ( 'NONE',  ( 1.000000000000000000, 0.000000000000000000, 0.000000000000000000 ) ) ;
#1719 = ORIENTED_EDGE ( 'NONE', *, *, #7045, .T. ) ;
#1720 = VECTOR ( 'NONE', #5290, 1000.000000000000000 ) ;
#1721 = DIRECTION ( 'NONE',  ( 0.9979663327133608819, 0.000000000000000000, -0.06374322529214807020 ) ) ;
#1722 = FACE_BOUND ( 'NONE', #10819, .T. ) ;
#1723 = VECTOR ( 'NONE', #7038, 1000.000000000000000 ) ;
#1724 = DIRECTION ( 'NONE',  ( 1.000000000000000000, 0.000000000000000000, 0.000000000000000000 ) ) ;
#1725 = CARTESIAN_POINT ( 'NONE',  ( 15.56312704391199908, 4.000000000000000000, -12.25653437180100092 ) ) ;
#1726 = CARTESIAN_POINT ( 'NONE',  ( 2.345180392427999916, 4.000000000000000000, -11.04843802984000156 ) ) ;
#1727 = ORIENTED_EDGE ( 'NONE', *, *, #5075, .F. ) ;
#1728 = CARTESIAN_POINT ( 'NONE',  ( 5.455745322035999934, 0.5000000000000000000, -10.55156197015999986 ) ) ;
#1729 = DIRECTION ( 'NONE',  ( 0.000000000000000000, 0.000000000000000000, 1.000000000000000000 ) ) ;
#1730 = EDGE_LOOP ( 'NONE', ( #9394, #2173, #3272, #3725 ) ) ;
#1731 = VECTOR ( 'NONE', #3554, 1000.000000000000000 ) ;
#1732 = DIRECTION ( 'NONE',  ( 1.000000000000000000, 0.000000000000000000, 0.000000000000000000 ) ) ;
#1733 = DIRECTION ( 'NONE',  ( 0.000000000000000000, -1.000000000000000000, 0.000000000000000000 ) ) ;
#1734 = AXIS2_PLACEMENT_3D ( 'NONE', #5132, #8706, #2540 ) ;
#1735 = ORIENTED_EDGE ( 'NONE', *, *, #3279, .T. ) ;
#1736 = VECTOR ( 'NONE', #2541, 1000.000000000000000 ) ;
#1737 = ORIENTED_EDGE ( 'NONE', *, *, #9592, .T. ) ;
#1738 = VERTEX_POINT ( 'NONE', #10220 ) ;
#1739 = VERTEX_POINT ( 'NONE', #9114 ) ;
#1740 = DIRECTION ( 'NONE',  ( 8.673694738343999964E-13, -1.000000000000000000, -1.375407416086000029E-13 ) ) ;
#1741 = CARTESIAN_POINT ( 'NONE',  ( 5.275462857231999259, 0.000000000000000000, -6.490000000000000213 ) ) ;
#1742 = DIRECTION ( 'NONE',  ( 1.000000000000000000, 0.000000000000000000, 0.000000000000000000 ) ) ;
#1743 = CARTESIAN_POINT ( 'NONE',  ( 7.765880787119999518, 17.30000000000000071, -16.61434546709099891 ) ) ;
#1744 = VERTEX_POINT ( 'NONE', #7351 ) ;
#1745 = CARTESIAN_POINT ( 'NONE',  ( 11.74546285723200079, 4.000000000000000000, -19.51500000000000057 ) ) ;
#1746 = ORIENTED_EDGE ( 'NONE', *, *, #10425, .F. ) ;
#1747 = B_SPLINE_CURVE_WITH_KNOTS ( 'NONE', 3,
 ( #7048, #9748, #6115, #11379 ),
 .UNSPECIFIED., .F., .F.,
 ( 4, 4 ),
 ( 0.000000000000000000, 1.000000000000000000 ),
 .UNSPECIFIED. ) ;
#1748 = ORIENTED_EDGE ( 'NONE', *, *, #6511, .T. ) ;
#1749 = EDGE_CURVE ( 'NONE', #6616, #10828, #9293, .T. ) ;
#1750 = DIRECTION ( 'NONE',  ( 0.000000000000000000, 0.000000000000000000, -1.000000000000000000 ) ) ;
#1751 = ADVANCED_FACE ( 'NONE', ( #1076 ), #6605, .T. ) ;
#1752 = FACE_OUTER_BOUND ( 'NONE', #6543, .T. ) ;
#1753 = ADVANCED_FACE ( 'NONE', ( #5765 ), #2894, .T. ) ;
#1754 = EDGE_CURVE ( 'NONE', #7442, #7143, #3013, .T. ) ;
#1755 = CARTESIAN_POINT ( 'NONE',  ( 15.56546285723199929, 11.67999999999999972, -0.4500000000000000111 ) ) ;
#1756 = ORIENTED_EDGE ( 'NONE', *, *, #6454, .T. ) ;
#1757 = FACE_OUTER_BOUND ( 'NONE', #9578, .T. ) ;
#1758 = DIRECTION ( 'NONE',  ( -0.7077664394355827060, 0.000000000000000000, -0.7064465069689832566 ) ) ;
#1759 = DIRECTION ( 'NONE',  ( 0.000000000000000000, 0.000000000000000000, 1.000000000000000000 ) ) ;
#1760 = CARTESIAN_POINT ( 'NONE',  ( 1.650462857231999925, 4.493779418384000302, -13.84113101483900188 ) ) ;
#1761 = EDGE_CURVE ( 'NONE', #8807, #2362, #4716, .T. ) ;
#1762 = EDGE_CURVE ( 'NONE', #9992, #8132, #3071, .T. ) ;
#1763 = CARTESIAN_POINT ( 'NONE',  ( 13.49399962550600129, 17.30000000000000071, -17.56236614695500009 ) ) ;
#1764 = VERTEX_POINT ( 'NONE', #6480 ) ;
#1765 = FACE_OUTER_BOUND ( 'NONE', #1122, .T. ) ;
#1766 = ADVANCED_FACE ( 'NONE', ( #438 ), #6422, .F. ) ;
#1767 = ADVANCED_FACE ( 'NONE', ( #256 ), #2136, .F. ) ;
#1768 = EDGE_CURVE ( 'NONE', #1283, #4288, #8222, .T. ) ;
#1769 = DIRECTION ( 'NONE',  ( -0.8181879162313488996, 0.000000000000000000, -0.5749508968016342481 ) ) ;
#1770 = CARTESIAN_POINT ( 'NONE',  ( 12.96253856395200010, 17.30000000000000071, -16.30027856230699612 ) ) ;
#1771 = DIRECTION ( 'NONE',  ( -1.000000000000000000, 0.000000000000000000, 0.000000000000000000 ) ) ;
#1772 = LINE ( 'NONE', #9862, #6938 ) ;
#1773 = VERTEX_POINT ( 'NONE', #2003 ) ;
#1774 = CARTESIAN_POINT ( 'NONE',  ( 17.58046285723199986, 17.06999999999999673, -21.01999999999999957 ) ) ;
#1775 = DIRECTION ( 'NONE',  ( -1.000000000000000000, 0.000000000000000000, 0.000000000000000000 ) ) ;
#1776 = ORIENTED_EDGE ( 'NONE', *, *, #10060, .T. ) ;
#1777 = LINE ( 'NONE', #7942, #5649 ) ;
#1778 = FACE_BOUND ( 'NONE', #6259, .T. ) ;
#1779 = FACE_OUTER_BOUND ( 'NONE', #10105, .T. ) ;
#1780 = DIRECTION ( 'NONE',  ( 0.000000000000000000, -1.000000000000000000, 0.000000000000000000 ) ) ;
#1781 = CARTESIAN_POINT ( 'NONE',  ( 15.48046285723199844, 3.700000000000000178, -12.36784087202799931 ) ) ;
#1782 = ORIENTED_EDGE ( 'NONE', *, *, #6290, .F. ) ;
#1783 = LINE ( 'NONE', #7063, #3175 ) ;
#1784 = CARTESIAN_POINT ( 'NONE',  ( 2.803093700461999571, 6.915000000000000036, 0.000000000000000000 ) ) ;
#1785 = ORIENTED_EDGE ( 'NONE', *, *, #9150, .T. ) ;
#1786 = ORIENTED_EDGE ( 'NONE', *, *, #3472, .F. ) ;
#1787 = ORIENTED_EDGE ( 'NONE', *, *, #6008, .F. ) ;
#1788 = VERTEX_POINT ( 'NONE', #4825 ) ;
#1789 = CARTESIAN_POINT ( 'NONE',  ( 6.604599439844999864, 17.30000000000000071, -15.45000000000000107 ) ) ;
#1790 = CARTESIAN_POINT ( 'NONE',  ( 4.450462857231999081, 3.700000000000000178, -14.75000000000000000 ) ) ;
#1791 = DIRECTION ( 'NONE',  ( -0.1961161351382035567, 0.9805806756909162258, 0.000000000000000000 ) ) ;
#1792 = LINE ( 'NONE', #10711, #11214 ) ;
#1793 = VERTEX_POINT ( 'NONE', #309 ) ;
#1794 = CARTESIAN_POINT ( 'NONE',  ( 15.48046285723199844, 3.700000000000000178, -14.75000000000000000 ) ) ;
#1795 = VERTEX_POINT ( 'NONE', #369 ) ;
#1796 = ORIENTED_EDGE ( 'NONE', *, *, #10713, .F. ) ;
#1797 = VERTEX_POINT ( 'NONE', #3941 ) ;
#1798 = DIRECTION ( 'NONE',  ( 0.000000000000000000, 0.000000000000000000, -1.000000000000000000 ) ) ;
#1799 = CARTESIAN_POINT ( 'NONE',  ( 16.22783201400199715, 4.549999999999999822, 0.000000000000000000 ) ) ;
#1800 = CARTESIAN_POINT ( 'NONE',  ( 11.64546285723199937, 4.750000000000000000, -9.799999999999998934 ) ) ;
#1801 = CARTESIAN_POINT ( 'NONE',  ( 17.58046285723199986, 4.000000000000000000, -13.08000000000000007 ) ) ;
#1802 = ORIENTED_EDGE ( 'NONE', *, *, #2605, .T. ) ;
#1803 = DIRECTION ( 'NONE',  ( -1.000000000000000000, 0.000000000000000000, 0.000000000000000000 ) ) ;
#1804 = CARTESIAN_POINT ( 'NONE',  ( 5.395462857232000253, 4.000000000000000000, -16.97500000000000142 ) ) ;
#1805 = ADVANCED_FACE ( 'NONE', ( #7529 ), #5589, .T. ) ;
#1806 = EDGE_CURVE ( 'NONE', #1189, #3223, #2944, .T. ) ;
#1807 = DIRECTION ( 'NONE',  ( 0.000000000000000000, 0.000000000000000000, 1.000000000000000000 ) ) ;
#1808 = DIRECTION ( 'NONE',  ( 0.000000000000000000, 1.000000000000000000, 0.000000000000000000 ) ) ;
#1809 = EDGE_LOOP ( 'NONE', ( #3014, #2590, #1430, #4565 ) ) ;
#1810 = EDGE_CURVE ( 'NONE', #7029, #6092, #9765, .T. ) ;
#1811 = ORIENTED_EDGE ( 'NONE', *, *, #10082, .T. ) ;
#1812 = CARTESIAN_POINT ( 'NONE',  ( 1.563767697292994585, 4.594803237233004545, -13.65581438021498961 ) ) ;
#1813 = CARTESIAN_POINT ( 'NONE',  ( 3.750462857232000236, 3.700000000000000178, -12.36784087202799931 ) ) ;
#1814 = CARTESIAN_POINT ( 'NONE',  ( 14.64471057628099970, 17.30000000000000071, -16.30027856230699612 ) ) ;
#1815 = CARTESIAN_POINT ( 'NONE',  ( 12.90278829310899944, 17.30000000000000071, -16.65417823791499785 ) ) ;
#1816 = DIRECTION ( 'NONE',  ( 0.1961161351382035567, -0.9805806756909162258, 0.000000000000000000 ) ) ;
#1817 = VERTEX_POINT ( 'NONE', #8738 ) ;
#1818 = DIRECTION ( 'NONE',  ( 0.000000000000000000, -1.000000000000000000, 0.000000000000000000 ) ) ;
#1819 = CARTESIAN_POINT ( 'NONE',  ( 4.945462857232000076, 4.000000000000000000, -17.32499999999999929 ) ) ;
#1820 = EDGE_CURVE ( 'NONE', #2890, #11328, #2568, .T. ) ;
#1821 = EDGE_CURVE ( 'NONE', #2275, #1744, #5214, .T. ) ;
#1822 = EDGE_CURVE ( 'NONE', #2083, #284, #5205, .T. ) ;
#1823 = EDGE_LOOP ( 'NONE', ( #1727, #6389, #3679, #5537 ) ) ;
#1824 = AXIS2_PLACEMENT_3D ( 'NONE', #5004, #1601, #3240 ) ;
#1825 = CARTESIAN_POINT ( 'NONE',  ( 10.99081109736899897, 17.30000000000000071, -16.37841224074399804 ) ) ;
#1826 = ORIENTED_EDGE ( 'NONE', *, *, #6511, .F. ) ;
#1827 = DIRECTION ( 'NONE',  ( 0.000000000000000000, 1.000000000000000000, 0.000000000000000000 ) ) ;
#1828 = DIRECTION ( 'NONE',  ( 0.000000000000000000, -1.000000000000000000, 0.000000000000000000 ) ) ;
#1829 = CARTESIAN_POINT ( 'NONE',  ( 15.99546285723199901, 4.000000000000000000, -6.989999999999999325 ) ) ;
#1830 = DIRECTION ( 'NONE',  ( -1.000000000000000000, 0.000000000000000000, 0.000000000000000000 ) ) ;
#1831 = VERTEX_POINT ( 'NONE', #649 ) ;
#1832 = AXIS2_PLACEMENT_3D ( 'NONE', #10479, #9712, #7789 ) ;
#1833 = DIRECTION ( 'NONE',  ( 0.000000000000000000, 0.000000000000000000, 1.000000000000000000 ) ) ;
#1834 = CARTESIAN_POINT ( 'NONE',  ( 13.32716239665499813, 17.10000000000000142, -16.98816152811100011 ) ) ;
#1835 = EDGE_LOOP ( 'NONE', ( #7216, #511, #8345, #1005 ) ) ;
#1836 = CIRCLE ( 'NONE', #7262, 0.09999999999999956146 ) ;
#1837 = CARTESIAN_POINT ( 'NONE',  ( 17.76079236082698998, 4.420699043259999961, -13.90698366765898797 ) ) ;
#1838 = CARTESIAN_POINT ( 'NONE',  ( 11.73950001777900098, 4.519622748046999483, -0.3559628394500004567 ) ) ;
#1839 = EDGE_CURVE ( 'NONE', #6074, #7872, #11418, .T. ) ;
#1840 = EDGE_CURVE ( 'NONE', #4644, #5362, #1946, .T. ) ;
#1841 = VERTEX_POINT ( 'NONE', #8688 ) ;
#1842 = ORIENTED_EDGE ( 'NONE', *, *, #10088, .T. ) ;
#1843 = FACE_OUTER_BOUND ( 'NONE', #3565, .T. ) ;
#1844 = LINE ( 'NONE', #1790, #10087 ) ;
#1845 = AXIS2_PLACEMENT_3D ( 'NONE', #5163, #9459, #6876 ) ;
#1846 = AXIS2_PLACEMENT_3D ( 'NONE', #4634, #8210, #7337 ) ;
#1847 = CARTESIAN_POINT ( 'NONE',  ( 4.133127043912000254, 0.5000000000000000000, -12.25653437180100092 ) ) ;
#1848 = CARTESIAN_POINT ( 'NONE',  ( 6.315462857232000182, 0.000000000000000000, -19.51500000000000057 ) ) ;
#1849 = ORIENTED_EDGE ( 'NONE', *, *, #9705, .F. ) ;
#1850 = VECTOR ( 'NONE', #663, 1000.000000000000000 ) ;
#1851 = DIRECTION ( 'NONE',  ( -1.000000000000000000, 0.000000000000000000, 0.000000000000000000 ) ) ;
#1852 = ORIENTED_EDGE ( 'NONE', *, *, #10945, .F. ) ;
#1853 = TOROIDAL_SURFACE ( 'NONE', #5415, 1.474999999999999867, 0.1000000000000000056 ) ;
#1854 = AXIS2_PLACEMENT_3D ( 'NONE', #3052, #8388, #346 ) ;
#1855 = VERTEX_POINT ( 'NONE', #5272 ) ;
#1856 = VERTEX_POINT ( 'NONE', #6152 ) ;
#1857 = ORIENTED_EDGE ( 'NONE', *, *, #8207, .T. ) ;
#1858 = CARTESIAN_POINT ( 'NONE',  ( 1.650462857231999925, 17.06999999999999673, -0.2300000000000000100 ) ) ;
#1859 = ORIENTED_EDGE ( 'NONE', *, *, #4192, .F. ) ;
#1860 = CARTESIAN_POINT ( 'NONE',  ( 4.493457275375999593, 17.30000000000000071, -17.64999999999999858 ) ) ;
#1861 = CIRCLE ( 'NONE', #9729, 0.5999999999999999778 ) ;
#1862 = CARTESIAN_POINT ( 'NONE',  ( 9.615462857231998228, 10.65000000000000036, -4.750000000000000000 ) ) ;
#1863 = AXIS2_PLACEMENT_3D ( 'NONE', #629, #10692, #7827 ) ;
#1864 = AXIS2_PLACEMENT_3D ( 'NONE', #5130, #4184, #9643 ) ;
#1865 = CYLINDRICAL_SURFACE ( 'NONE', #7471, 0.09999999999999999167 ) ;
#1866 = EDGE_LOOP ( 'NONE', ( #10373, #9138, #2712, #5599 ) ) ;
#1867 = DIRECTION ( 'NONE',  ( 0.000000000000000000, -1.000000000000000000, 0.000000000000000000 ) ) ;
#1868 = DIRECTION ( 'NONE',  ( 0.000000000000000000, 0.000000000000000000, -1.000000000000000000 ) ) ;
#1869 = PLANE ( 'NONE',  #962 ) ;
#1870 = CARTESIAN_POINT ( 'NONE',  ( 12.76546285723199858, 5.890000000000000568, 0.000000000000000000 ) ) ;
#1871 = AXIS2_PLACEMENT_3D ( 'NONE', #10739, #4, #3570 ) ;
#1872 = VERTEX_POINT ( 'NONE', #4224 ) ;
#1873 = AXIS2_PLACEMENT_3D ( 'NONE', #9404, #4054, #655 ) ;
#1874 = ORIENTED_EDGE ( 'NONE', *, *, #6908, .F. ) ;
#1875 = DIRECTION ( 'NONE',  ( -1.000000000000000000, 0.000000000000000000, 0.000000000000000000 ) ) ;
#1876 = CARTESIAN_POINT ( 'NONE',  ( 17.35046285723199944, 17.06999999999999673, 0.000000000000000000 ) ) ;
#1877 = AXIS2_PLACEMENT_3D ( 'NONE', #1975, #10014, #9137 ) ;
#1878 = LINE ( 'NONE', #3631, #11601 ) ;
#1879 = CARTESIAN_POINT ( 'NONE',  ( 13.83546285723200064, 4.000000000000000000, -19.86500000000000199 ) ) ;
#1880 = DIRECTION ( 'NONE',  ( 1.000000000000000000, 0.000000000000000000, 0.000000000000000000 ) ) ;
#1881 = ORIENTED_EDGE ( 'NONE', *, *, #11551, .F. ) ;
#1882 = PLANE ( 'NONE',  #5685 ) ;
#1883 = VERTEX_POINT ( 'NONE', #8791 ) ;
#1884 = AXIS2_PLACEMENT_3D ( 'NONE', #1269, #211, #9129 ) ;
#1885 = DIRECTION ( 'NONE',  ( 1.000000000000000000, 0.000000000000000000, 0.000000000000000000 ) ) ;
#1886 = EDGE_CURVE ( 'NONE', #10472, #6342, #9792, .T. ) ;
#1887 = ORIENTED_EDGE ( 'NONE', *, *, #7913, .F. ) ;
#1888 = FACE_OUTER_BOUND ( 'NONE', #10413, .T. ) ;
#1889 = DIRECTION ( 'NONE',  ( 0.9874809300343374563, 0.000000000000000000, -0.1577384316472046910 ) ) ;
#1890 = EDGE_CURVE ( 'NONE', #5506, #2610, #4905, .T. ) ;
#1891 = VECTOR ( 'NONE', #8739, 1000.000000000000000 ) ;
#1892 = FACE_OUTER_BOUND ( 'NONE', #1570, .T. ) ;
#1893 = CIRCLE ( 'NONE', #4906, 0.2300000000000010369 ) ;
#1894 = CIRCLE ( 'NONE', #2841, 0.2000000000000000944 ) ;
#1895 = DIRECTION ( 'NONE',  ( 1.000000000000000000, 0.000000000000000000, 0.000000000000000000 ) ) ;
#1896 = EDGE_LOOP ( 'NONE', ( #2478, #6530, #11400, #4731 ) ) ;
#1897 = EDGE_CURVE ( 'NONE', #1635, #1678, #1693, .T. ) ;
#1898 = ADVANCED_FACE ( 'NONE', ( #2461 ), #7589, .T. ) ;
#1899 = CARTESIAN_POINT ( 'NONE',  ( 16.42783201400199999, 4.750000000000000000, 0.000000000000000000 ) ) ;
#1900 = FACE_OUTER_BOUND ( 'NONE', #84, .T. ) ;
#1901 = ORIENTED_EDGE ( 'NONE', *, *, #3075, .T. ) ;
#1902 = DIRECTION ( 'NONE',  ( -1.000000000000000000, 0.000000000000000000, 0.000000000000000000 ) ) ;
#1903 = SHAPE_DEFINITION_REPRESENTATION ( #1470, #1438 ) ;
#1904 = LINE ( 'NONE', #141, #6233 ) ;
#1905 = VECTOR ( 'NONE', #1406, 1000.000000000000000 ) ;
#1906 = ORIENTED_EDGE ( 'NONE', *, *, #1768, .F. ) ;
#1907 = TOROIDAL_SURFACE ( 'NONE', #3227, 1.310040583880999865, 0.1000000000000000056 ) ;
#1908 = ORIENTED_EDGE ( 'NONE', *, *, #2561, .F. ) ;
#1909 = AXIS2_PLACEMENT_3D ( 'NONE', #5039, #6822, #3380 ) ;
#1910 = DIRECTION ( 'NONE',  ( 0.000000000000000000, 0.000000000000000000, 1.000000000000000000 ) ) ;
#1911 = CARTESIAN_POINT ( 'NONE',  ( 5.356997229032999464, 39.85228000000000037, -10.56733581331999972 ) ) ;
#1912 = CARTESIAN_POINT ( 'NONE',  ( 17.53971789399400194, 0.6254923219400013723, -14.20598526339101753 ) ) ;
#1913 = VECTOR ( 'NONE', #9104, 1000.000000000000000 ) ;
#1914 = ADVANCED_FACE ( 'NONE', ( #697 ), #756, .T. ) ;
#1915 = EDGE_CURVE ( 'NONE', #7796, #3634, #4332, .T. ) ;
#1916 = CARTESIAN_POINT ( 'NONE',  ( 2.443928485430999942, 0.4000000000000000222, -10.56733581331999972 ) ) ;
#1917 = VERTEX_POINT ( 'NONE', #10658 ) ;
#1918 = VECTOR ( 'NONE', #796, 1000.000000000000000 ) ;
#1919 = CARTESIAN_POINT ( 'NONE',  ( 15.56546285723199929, 14.44999999999999929, -9.799999999999998934 ) ) ;
#1920 = EDGE_LOOP ( 'NONE', ( #79, #852, #5147, #9263 ) ) ;
#1921 = EDGE_CURVE ( 'NONE', #10959, #4318, #1123, .T. ) ;
#1922 = ORIENTED_EDGE ( 'NONE', *, *, #1424, .T. ) ;
#1923 = ORIENTED_EDGE ( 'NONE', *, *, #6729, .F. ) ;
#1924 = ORIENTED_EDGE ( 'NONE', *, *, #6645, .T. ) ;
#1925 = VECTOR ( 'NONE', #7086, 1000.000000000000000 ) ;
#1926 = AXIS2_PLACEMENT_3D ( 'NONE', #8528, #4950, #4772 ) ;
#1927 = LINE ( 'NONE', #9842, #8041 ) ;
#1928 = VERTEX_POINT ( 'NONE', #3325 ) ;
#1929 = VECTOR ( 'NONE', #9515, 1000.000000000000000 ) ;
#1930 = CARTESIAN_POINT ( 'NONE',  ( 15.52700791484399900, 17.10000000000000142, -17.56236614695500009 ) ) ;
#1931 = DIRECTION ( 'NONE',  ( -0.06374322529215128985, 0.000000000000000000, 0.9979663327133607709 ) ) ;
#1932 = CARTESIAN_POINT ( 'NONE',  ( 12.61170228694399853, 17.10000000000000142, -15.45000000000000107 ) ) ;
#1933 = VERTEX_POINT ( 'NONE', #10494 ) ;
#1934 = LINE ( 'NONE', #6463, #2058 ) ;
#1935 = LINE ( 'NONE', #5516, #8812 ) ;
#1936 = DIRECTION ( 'NONE',  ( 0.000000000000000000, -1.000000000000000000, 0.000000000000000000 ) ) ;
#1937 = DIRECTION ( 'NONE',  ( 1.000000000000000000, 0.000000000000000000, 0.000000000000000000 ) ) ;
#1938 = ORIENTED_EDGE ( 'NONE', *, *, #5764, .T. ) ;
#1939 = ORIENTED_EDGE ( 'NONE', *, *, #10773, .T. ) ;
#1940 = CARTESIAN_POINT ( 'NONE',  ( 12.76546285723199858, 5.890000000000000568, -0.4500000000000000111 ) ) ;
#1941 = CARTESIAN_POINT ( 'NONE',  ( 16.49546285723199901, 4.000000000000000000, -6.490000000000000213 ) ) ;
#1942 = CARTESIAN_POINT ( 'NONE',  ( 6.166437780604000274, 17.30000000000000071, -15.45000000000000107 ) ) ;
#1943 = CARTESIAN_POINT ( 'NONE',  ( 2.735462857232000555, 4.000000000000000000, -6.490000000000000213 ) ) ;
#1944 = DIRECTION ( 'NONE',  ( -0.000000000000000000, 1.000000000000000000, 0.000000000000000000 ) ) ;
#1945 = EDGE_LOOP ( 'NONE', ( #2055, #7584, #994, #1104 ) ) ;
#1946 = CIRCLE ( 'NONE', #3430, 0.09999999999999989453 ) ;
#1947 = SURFACE_STYLE_FILL_AREA ( #10098 ) ;
#1948 = CARTESIAN_POINT ( 'NONE',  ( 11.81964114879099981, 17.10000000000000142, -16.10264624357199992 ) ) ;
#1949 = ORIENTED_EDGE ( 'NONE', *, *, #5352, .F. ) ;
#1950 = ORIENTED_EDGE ( 'NONE', *, *, #1558, .T. ) ;
#1951 = CARTESIAN_POINT ( 'NONE',  ( 10.47546285723199944, 4.000000000000000000, -17.32499999999999929 ) ) ;
#1952 = ORIENTED_EDGE ( 'NONE', *, *, #8709, .F. ) ;
#1953 = DIRECTION ( 'NONE',  ( 0.000000000000000000, -1.000000000000000000, 0.000000000000000000 ) ) ;
#1954 = DIRECTION ( 'NONE',  ( 0.6306387874154939510, 0.000000000000000000, -0.7760764909511919107 ) ) ;
#1955 = LINE ( 'NONE', #9934, #11564 ) ;
#1956 = DIRECTION ( 'NONE',  ( 0.000000000000000000, 1.000000000000000000, 0.000000000000000000 ) ) ;
#1957 = ORIENTED_EDGE ( 'NONE', *, *, #890, .T. ) ;
#1958 = CARTESIAN_POINT ( 'NONE',  ( 14.99800203728100101, 3.600000000000000089, -9.337091305669998675 ) ) ;
#1959 = CARTESIAN_POINT ( 'NONE',  ( 17.73046285723199844, 4.203779418383999378, -13.85886898516099919 ) ) ;
#1960 = VERTEX_POINT ( 'NONE', #6053 ) ;
#1961 = PLANE ( 'NONE',  #2307 ) ;
#1962 = EDGE_CURVE ( 'NONE', #7625, #7143, #2838, .T. ) ;
#1963 = DIRECTION ( 'NONE',  ( 0.000000000000000000, 0.000000000000000000, -1.000000000000000000 ) ) ;
#1964 = EDGE_CURVE ( 'NONE', #1998, #8950, #1589, .T. ) ;
#1965 = ORIENTED_EDGE ( 'NONE', *, *, #7126, .T. ) ;
#1966 = VERTEX_POINT ( 'NONE', #7253 ) ;
#1967 = CARTESIAN_POINT ( 'NONE',  ( 15.66292367718299872, 0.5000000000000000000, -12.26290869432999919 ) ) ;
#1968 = EDGE_CURVE ( 'NONE', #5812, #11037, #1861, .T. ) ;
#1969 = CARTESIAN_POINT ( 'NONE',  ( 13.45546285723199986, 4.000000000000000000, -6.490000000000000213 ) ) ;
#1970 = DIRECTION ( 'NONE',  ( 0.000000000000000000, 0.000000000000000000, 1.000000000000000000 ) ) ;
#1971 = PLANE ( 'NONE',  #9364 ) ;
#1972 = EDGE_CURVE ( 'NONE', #5028, #7466, #7458, .T. ) ;
#1973 = ORIENTED_EDGE ( 'NONE', *, *, #4354, .T. ) ;
#1974 = CARTESIAN_POINT ( 'NONE',  ( 15.33046285723199986, 4.000000000000000000, -10.80000000000000071 ) ) ;
#1975 = CARTESIAN_POINT ( 'NONE',  ( 1.650462857231999925, 0.7900000000000000355, -13.99886898516100153 ) ) ;
#1976 = ORIENTED_EDGE ( 'NONE', *, *, #9366, .T. ) ;
#1977 = ORIENTED_EDGE ( 'NONE', *, *, #4498, .T. ) ;
#1978 = ORIENTED_EDGE ( 'NONE', *, *, #9160, .F. ) ;
#1979 = ORIENTED_EDGE ( 'NONE', *, *, #1572, .F. ) ;
#1980 = ADVANCED_FACE ( 'NONE', ( #9205 ), #2800, .F. ) ;
#1981 = EDGE_CURVE ( 'NONE', #10591, #5105, #4571, .T. ) ;
#1982 = EDGE_CURVE ( 'NONE', #4018, #10393, #9142, .T. ) ;
#1983 = CYLINDRICAL_SURFACE ( 'NONE', #11447, 0.09999999999999982514 ) ;
#1984 = CARTESIAN_POINT ( 'NONE',  ( 5.455745322035999934, 0.5000000000000000000, -11.04843802984000156 ) ) ;
#1985 = CARTESIAN_POINT ( 'NONE',  ( 13.46546285723199965, 4.549999999999999822, -0.2000000000000000111 ) ) ;
#1986 = EDGE_LOOP ( 'NONE', ( #2869, #11113, #10589, #5989, #9203, #3598 ) ) ;
#1987 = CARTESIAN_POINT ( 'NONE',  ( 9.615462857231998228, 0.000000000000000000, -21.25000000000000000 ) ) ;
#1988 = LINE ( 'NONE', #6464, #1512 ) ;
#1989 = LINE ( 'NONE', #115, #1541 ) ;
#1990 = DIRECTION ( 'NONE',  ( 1.000000000000000000, 0.000000000000000000, 0.000000000000000000 ) ) ;
#1991 = EDGE_LOOP ( 'NONE', ( #10, #9897, #8179, #10323 ) ) ;
#1992 = ORIENTED_EDGE ( 'NONE', *, *, #2349, .F. ) ;
#1993 = FACE_OUTER_BOUND ( 'NONE', #542, .T. ) ;
#1994 = LINE ( 'NONE', #10092, #4667 ) ;
#1995 = CARTESIAN_POINT ( 'NONE',  ( 13.45546285723199986, 4.000000000000000000, -6.989999999999999325 ) ) ;
#1996 = CARTESIAN_POINT ( 'NONE',  ( 14.64471057628099970, 17.10000000000000142, -16.65417823791499785 ) ) ;
#1997 = CARTESIAN_POINT ( 'NONE',  ( 15.29228167395999982, 17.10000000000000142, -17.20687313279400144 ) ) ;
#1998 = VERTEX_POINT ( 'NONE', #1858 ) ;
#1999 = LINE ( 'NONE', #4642, #10907 ) ;
#2000 = DIRECTION ( 'NONE',  ( 0.000000000000000000, -1.000000000000000000, 0.000000000000000000 ) ) ;
#2001 = ORIENTED_EDGE ( 'NONE', *, *, #5556, .T. ) ;
#2002 = ORIENTED_EDGE ( 'NONE', *, *, #2926, .F. ) ;
#2003 = CARTESIAN_POINT ( 'NONE',  ( 3.850462857231999880, 3.600000000000000089, -14.75000000000000000 ) ) ;
#2004 = ORIENTED_EDGE ( 'NONE', *, *, #11545, .F. ) ;
#2005 = FACE_OUTER_BOUND ( 'NONE', #7319, .T. ) ;
#2006 = FACE_OUTER_BOUND ( 'NONE', #9816, .T. ) ;
#2007 = DIRECTION ( 'NONE',  ( 0.000000000000000000, 0.000000000000000000, 1.000000000000000000 ) ) ;
#2008 = DIRECTION ( 'NONE',  ( 0.000000000000000000, 1.000000000000000000, 0.000000000000000000 ) ) ;
#2009 = ORIENTED_EDGE ( 'NONE', *, *, #7723, .F. ) ;
#2010 = PLANE ( 'NONE',  #7681 ) ;
#2011 = LINE ( 'NONE', #448, #377 ) ;
#2012 = ORIENTED_EDGE ( 'NONE', *, *, #1065, .F. ) ;
#2013 = FACE_OUTER_BOUND ( 'NONE', #1920, .T. ) ;
#2014 = CARTESIAN_POINT ( 'NONE',  ( 1.721230175937074725, 4.070777598038915812, -0.06398483182924284696 ) ) ;
#2015 = AXIS2_PLACEMENT_3D ( 'NONE', #10512, #6717, #10342 ) ;
#2016 = ORIENTED_EDGE ( 'NONE', *, *, #4864, .T. ) ;
#2017 = DIRECTION ( 'NONE',  ( 0.000000000000000000, 0.000000000000000000, 1.000000000000000000 ) ) ;
#2018 = EDGE_CURVE ( 'NONE', #7602, #7790, #3797, .T. ) ;
#2019 = DIRECTION ( 'NONE',  ( -0.1577384316472046910, 0.000000000000000000, 0.9874809300343374563 ) ) ;
#2020 = EDGE_CURVE ( 'NONE', #5654, #5801, #3664, .T. ) ;
#2021 = DIRECTION ( 'NONE',  ( 0.000000000000000000, -1.000000000000000000, 0.000000000000000000 ) ) ;
#2022 = LINE ( 'NONE', #1224, #6194 ) ;
#2023 = AXIS2_PLACEMENT_3D ( 'NONE', #4793, #5013, #3961 ) ;
#2024 = ADVANCED_FACE ( 'NONE', ( #10955 ), #7320, .T. ) ;
#2025 = CARTESIAN_POINT ( 'NONE',  ( 9.615462857231998228, 10.65000000000000036, -14.75000000000000000 ) ) ;
#2026 = VERTEX_POINT ( 'NONE', #10894 ) ;
#2027 = FACE_OUTER_BOUND ( 'NONE', #254, .T. ) ;
#2028 = ADVANCED_FACE ( 'NONE', ( #2923 ), #8138, .T. ) ;
#2029 = DIRECTION ( 'NONE',  ( 0.000000000000000000, 1.000000000000000000, 0.000000000000000000 ) ) ;
#2030 = ORIENTED_EDGE ( 'NONE', *, *, #7633, .F. ) ;
#2031 = VECTOR ( 'NONE', #3420, 1000.000000000000000 ) ;
#2032 = ORIENTED_EDGE ( 'NONE', *, *, #5423, .F. ) ;
#2033 = ORIENTED_EDGE ( 'NONE', *, *, #2858, .F. ) ;
#2034 = AXIS2_PLACEMENT_3D ( 'NONE', #7385, #5565, #2805 ) ;
#2035 = ORIENTED_EDGE ( 'NONE', *, *, #6996, .F. ) ;
#2036 = AXIS2_PLACEMENT_3D ( 'NONE', #8631, #483, #7806 ) ;
#2037 = DIRECTION ( 'NONE',  ( 0.000000000000000000, -1.000000000000000000, 0.000000000000000000 ) ) ;
#2038 = CARTESIAN_POINT ( 'NONE',  ( 14.28546285723199993, 4.000000000000000000, -19.51500000000000057 ) ) ;
#2039 = ADVANCED_FACE ( 'NONE', ( #9896 ), #2689, .T. ) ;
#2040 = CARTESIAN_POINT ( 'NONE',  ( 14.96184219096700119, 17.30000000000000071, -17.64999999999999858 ) ) ;
#2041 = EDGE_CURVE ( 'NONE', #8373, #3745, #10772, .T. ) ;
#2042 = AXIS2_PLACEMENT_3D ( 'NONE', #6948, #1553, #6837 ) ;
#2043 = DIRECTION ( 'NONE',  ( 0.000000000000000000, -1.000000000000000000, 0.000000000000000000 ) ) ;
#2044 = ORIENTED_EDGE ( 'NONE', *, *, #5212, .T. ) ;
#2045 = DIRECTION ( 'NONE',  ( 0.000000000000000000, -1.000000000000000000, 0.000000000000000000 ) ) ;
#2046 = CIRCLE ( 'NONE', #5993, 0.1999999999999987899 ) ;
#2047 = CIRCLE ( 'NONE', #6926, 0.1399999999999995137 ) ;
#2048 = EDGE_CURVE ( 'NONE', #6799, #7608, #1927, .T. ) ;
#2049 = EDGE_CURVE ( 'NONE', #2733, #7022, #2435, .T. ) ;
#2050 = CARTESIAN_POINT ( 'NONE',  ( 15.77351746436069924, 17.30000000000000071, -17.32506087520970084 ) ) ;
#2051 = FACE_OUTER_BOUND ( 'NONE', #3329, .T. ) ;
#2052 = EDGE_CURVE ( 'NONE', #2456, #6164, #1050, .T. ) ;
#2053 = DIRECTION ( 'NONE',  ( 0.000000000000000000, -1.000000000000000000, 0.000000000000000000 ) ) ;
#2054 = ORIENTED_EDGE ( 'NONE', *, *, #7043, .T. ) ;
#2055 = ORIENTED_EDGE ( 'NONE', *, *, #695, .F. ) ;
#2056 = AXIS2_PLACEMENT_3D ( 'NONE', #2387, #8675, #639 ) ;
#2057 = CIRCLE ( 'NONE', #6567, 0.2900000000000003131 ) ;
#2058 = VECTOR ( 'NONE', #5567, 1000.000000000000000 ) ;
#2059 = PLANE ( 'NONE',  #6051 ) ;
#2060 = DIRECTION ( 'NONE',  ( 0.000000000000000000, 0.000000000000000000, -1.000000000000000000 ) ) ;
#2061 = EDGE_CURVE ( 'NONE', #5897, #1077, #4620, .T. ) ;
#2062 = ADVANCED_FACE ( 'NONE', ( #10019 ), #1106, .T. ) ;
#2063 = CARTESIAN_POINT ( 'NONE',  ( 17.35046285723199944, 17.30000000000000071, -0.2300000000000000100 ) ) ;
#2064 = DIRECTION ( 'NONE',  ( -1.000000000000000000, 0.000000000000000000, 0.000000000000000000 ) ) ;
#2065 = LINE ( 'NONE', #7583, #2251 ) ;
#2066 = VERTEX_POINT ( 'NONE', #5561 ) ;
#2067 = VECTOR ( 'NONE', #10056, 1000.000000000000000 ) ;
#2068 = AXIS2_PLACEMENT_3D ( 'NONE', #4783, #6720, #2147 ) ;
#2069 = ORIENTED_EDGE ( 'NONE', *, *, #7944, .F. ) ;
#2070 = DIRECTION ( 'NONE',  ( -1.000000000000000000, 0.000000000000000000, 0.000000000000000000 ) ) ;
#2071 = CARTESIAN_POINT ( 'NONE',  ( 17.58046285723199986, 3.850000000000000089, -14.47000000000000064 ) ) ;
#2072 = ORIENTED_EDGE ( 'NONE', *, *, #10429, .F. ) ;
#2073 = CARTESIAN_POINT ( 'NONE',  ( 11.39546285723199937, 0.000000000000000000, -19.51500000000000057 ) ) ;
#2074 = VERTEX_POINT ( 'NONE', #337 ) ;
#2075 = CARTESIAN_POINT ( 'NONE',  ( 9.930643737063300946, 17.30000000000000071, -16.67715880870800049 ) ) ;
#2076 = CARTESIAN_POINT ( 'NONE',  ( 7.870059025035000211, 17.10000000000000142, -15.45000000000000107 ) ) ;
#2077 = AXIS2_PLACEMENT_3D ( 'NONE', #7426, #2962, #2155 ) ;
#2078 = VECTOR ( 'NONE', #2357, 1000.000000000000000 ) ;
#2079 = CARTESIAN_POINT ( 'NONE',  ( 5.440503441113000882, 0.4000000000000000222, -9.259959416120000952 ) ) ;
#2080 = ORIENTED_EDGE ( 'NONE', *, *, #9927, .F. ) ;
#2081 = CARTESIAN_POINT ( 'NONE',  ( 15.31267741893299927, 17.10000000000000142, -16.30027856230699612 ) ) ;
#2082 = DIRECTION ( 'NONE',  ( 1.000000000000000000, 0.000000000000000000, 0.000000000000000000 ) ) ;
#2083 = VERTEX_POINT ( 'NONE', #3976 ) ;
#2084 = DIRECTION ( 'NONE',  ( 0.000000000000000000, -1.000000000000000000, 0.000000000000000000 ) ) ;
#2085 = CARTESIAN_POINT ( 'NONE',  ( 1.727114580605122907, 4.076656010430245836, -0.05853458392228797630 ) ) ;
#2086 = AXIS2_PLACEMENT_3D ( 'NONE', #6504, #990, #151 ) ;
#2087 = CIRCLE ( 'NONE', #11254, 0.1000000000000002692 ) ;
#2088 = EDGE_LOOP ( 'NONE', ( #5583, #7666, #3850, #4978 ) ) ;
#2089 = CARTESIAN_POINT ( 'NONE',  ( 6.604599439844999864, 17.10000000000000142, -15.45000000000000107 ) ) ;
#2090 = CARTESIAN_POINT ( 'NONE',  ( 12.96253855858929960, 17.10000000000000142, -16.30027856230694994 ) ) ;
#2091 = DIRECTION ( 'NONE',  ( 1.000000000000000000, 0.000000000000000000, 0.000000000000000000 ) ) ;
#2092 = LINE ( 'NONE', #9310, #1511 ) ;
#2093 = CARTESIAN_POINT ( 'NONE',  ( 11.81964114879099981, 17.30000000000000071, -16.10264624357199992 ) ) ;
#2094 = ORIENTED_EDGE ( 'NONE', *, *, #9716, .T. ) ;
#2095 = CIRCLE ( 'NONE', #5097, 0.09999999999999978351 ) ;
#2096 = DIRECTION ( 'NONE',  ( 0.000000000000000000, 0.000000000000000000, -1.000000000000000000 ) ) ;
#2097 = DIRECTION ( 'NONE',  ( -0.8035186083109328026, 0.000000000000000000, 0.5952796368918239489 ) ) ;
#2098 = VECTOR ( 'NONE', #2240, 1000.000000000000000 ) ;
#2099 = ORIENTED_EDGE ( 'NONE', *, *, #6285, .T. ) ;
#2100 = VECTOR ( 'NONE', #8175, 1000.000000000000000 ) ;
#2101 = ORIENTED_EDGE ( 'NONE', *, *, #4497, .F. ) ;
#2102 = ORIENTED_EDGE ( 'NONE', *, *, #1475, .F. ) ;
#2103 = ORIENTED_EDGE ( 'NONE', *, *, #9217, .T. ) ;
#2104 = CARTESIAN_POINT ( 'NONE',  ( 14.96184219096700119, 17.10000000000000142, -17.64999999999999858 ) ) ;
#2105 = ORIENTED_EDGE ( 'NONE', *, *, #1840, .T. ) ;
#2107 = DIRECTION ( 'NONE',  ( 0.000000000000000000, 0.000000000000000000, -1.000000000000000000 ) ) ;
#2106 = AXIS2_PLACEMENT_3D ( 'NONE', #5823, #9333, #11362 ) ;
#2108 = FACE_OUTER_BOUND ( 'NONE', #5191, .T. ) ;
#2109 = VECTOR ( 'NONE', #2356, 1000.000000000000000 ) ;
#2110 = DIRECTION ( 'NONE',  ( -1.000000000000000000, 0.000000000000000000, 0.000000000000000000 ) ) ;
#2111 = ORIENTED_EDGE ( 'NONE', *, *, #6724, .F. ) ;
#2112 = CARTESIAN_POINT ( 'NONE',  ( 15.56546285723199929, 14.44999999999999929, -0.4500000000000000111 ) ) ;
#2113 = EDGE_CURVE ( 'NONE', #738, #1841, #4752, .T. ) ;
#2114 = CARTESIAN_POINT ( 'NONE',  ( 15.64206500035114900, 17.10000000000000142, -17.50445685317540168 ) ) ;
#2115 = EDGE_CURVE ( 'NONE', #11466, #1287, #6905, .T. ) ;
#2116 = EDGE_CURVE ( 'NONE', #523, #10920, #3098, .T. ) ;
#2117 = PLANE ( 'NONE',  #8838 ) ;
#2118 = AXIS2_PLACEMENT_3D ( 'NONE', #9864, #1818, #7400 ) ;
#2119 = ADVANCED_FACE ( 'NONE', ( #8554 ), #6689, .T. ) ;
#2120 = ORIENTED_EDGE ( 'NONE', *, *, #2209, .T. ) ;
#2121 = AXIS2_PLACEMENT_3D ( 'NONE', #8046, #8217, #9058 ) ;
#2122 = EDGE_LOOP ( 'NONE', ( #7051, #8183, #1389, #1668, #9929, #5850, #452, #10736, #1529, #7386, #6699 ) ) ;
#2123 = ADVANCED_FACE ( 'NONE', ( #6572 ), #6808, .T. ) ;
#2124 = EDGE_CURVE ( 'NONE', #9436, #9005, #5871, .T. ) ;
#2125 = CARTESIAN_POINT ( 'NONE',  ( 15.96546285723199965, 7.315000000000000391, -48.95150000000000290 ) ) ;
#2126 = CARTESIAN_POINT ( 'NONE',  ( 1.880462857232000129, 4.230000000000000426, 0.000000000000000000 ) ) ;
#2127 = CARTESIAN_POINT ( 'NONE',  ( 17.73046285723199844, 4.343779418383999946, -13.85886898516099919 ) ) ;
#2128 = EDGE_CURVE ( 'NONE', #8095, #3975, #2216, .T. ) ;
#2129 = CARTESIAN_POINT ( 'NONE',  ( 11.71317529167900062, 4.500000000000000000, -0.2500000000000000000 ) ) ;
#2130 = FACE_OUTER_BOUND ( 'NONE', #10306, .T. ) ;
#2132 = VERTEX_POINT ( 'NONE', #1174 ) ;
#2131 = ADVANCED_FACE ( 'NONE', ( #2278 ), #2337, .T. ) ;
#2133 = DIRECTION ( 'NONE',  ( 0.000000000000000000, 1.000000000000000000, 0.000000000000000000 ) ) ;
#2134 = CARTESIAN_POINT ( 'NONE',  ( 15.38046285723200057, 3.700000000000000178, 27.70149999999999935 ) ) ;
#2135 = ORIENTED_EDGE ( 'NONE', *, *, #9727, .F. ) ;
#2136 = PLANE ( 'NONE',  #2644 ) ;
#2137 = EDGE_CURVE ( 'NONE', #9113, #9059, #6748, .T. ) ;
#2138 = EDGE_CURVE ( 'NONE', #9443, #4161, #4976, .T. ) ;
#2139 = ADVANCED_FACE ( 'NONE', ( #10309 ), #5692, .T. ) ;
#2140 = ORIENTED_EDGE ( 'NONE', *, *, #6665, .T. ) ;
#2141 = DIRECTION ( 'NONE',  ( 1.000000000000000000, 0.000000000000000000, 0.000000000000000000 ) ) ;
#2142 = DIRECTION ( 'NONE',  ( 0.000000000000000000, -1.000000000000000000, 0.000000000000000000 ) ) ;
#2143 = CARTESIAN_POINT ( 'NONE',  ( 8.957802808031898323, 17.10000000000000142, -17.64999999999999858 ) ) ;
#2144 = ORIENTED_EDGE ( 'NONE', *, *, #54, .F. ) ;
#2145 = FACE_OUTER_BOUND ( 'NONE', #5448, .T. ) ;
#2146 = ADVANCED_FACE ( 'NONE', ( #1404 ), #515, .T. ) ;
#2147 = DIRECTION ( 'NONE',  ( 0.000000000000000000, 1.000000000000000000, 0.000000000000000000 ) ) ;
#2148 = ORIENTED_EDGE ( 'NONE', *, *, #7287, .T. ) ;
#2149 = CARTESIAN_POINT ( 'NONE',  ( 13.25927305105200027, 17.30000000000000071, -17.20687288253900249 ) ) ;
#2150 = PLANE ( 'NONE',  #10538 ) ;
#2151 = VERTEX_POINT ( 'NONE', #10134 ) ;
#2152 = LINE ( 'NONE', #3086, #7519 ) ;
#2153 = CARTESIAN_POINT ( 'NONE',  ( 13.81588052485900064, 17.30000000000000071, -16.99122564792600087 ) ) ;
#2154 = LINE ( 'NONE', #10295, #10459 ) ;
#2155 = DIRECTION ( 'NONE',  ( 1.000000000000000000, 0.000000000000000000, 0.000000000000000000 ) ) ;
#2156 = DIRECTION ( 'NONE',  ( 1.000000000000000000, 0.000000000000000000, 0.000000000000000000 ) ) ;
#2157 = ORIENTED_EDGE ( 'NONE', *, *, #11196, .T. ) ;
#2158 = CARTESIAN_POINT ( 'NONE',  ( 1.650462857231999925, 4.203779418383999378, -13.70113101483899953 ) ) ;
#2159 = PLANE ( 'NONE',  #2086 ) ;
#2160 = ORIENTED_EDGE ( 'NONE', *, *, #4637, .F. ) ;
#2161 = ORIENTED_EDGE ( 'NONE', *, *, #8266, .F. ) ;
#2162 = ORIENTED_EDGE ( 'NONE', *, *, #11093, .F. ) ;
#2163 = VERTEX_POINT ( 'NONE', #9270 ) ;
#2164 = FACE_OUTER_BOUND ( 'NONE', #10369, .T. ) ;
#2165 = ORIENTED_EDGE ( 'NONE', *, *, #4403, .T. ) ;
#2166 = DIRECTION ( 'NONE',  ( 0.000000000000000000, 1.000000000000000000, 0.000000000000000000 ) ) ;
#2167 = CARTESIAN_POINT ( 'NONE',  ( 17.76079236082698998, 0.5730803751700003223, -13.90698366782398310 ) ) ;
#2168 = CARTESIAN_POINT ( 'NONE',  ( 6.215462857231999649, 4.000000000000000000, -19.51500000000000057 ) ) ;
#2169 = ORIENTED_EDGE ( 'NONE', *, *, #7134, .T. ) ;
#2170 = CARTESIAN_POINT ( 'NONE',  ( -19.65696514276800144, 3.850000000000000089, -14.61999999999999922 ) ) ;
#2171 = CARTESIAN_POINT ( 'NONE',  ( 14.64471057628099970, 17.30000000000000071, -17.29456826448399909 ) ) ;
#2172 = CARTESIAN_POINT ( 'NONE',  ( 5.275462857231999259, 4.000000000000000000, -6.989999999999999325 ) ) ;
#2173 = ORIENTED_EDGE ( 'NONE', *, *, #5939, .F. ) ;
#2174 = ORIENTED_EDGE ( 'NONE', *, *, #4845, .F. ) ;
#2175 = CARTESIAN_POINT ( 'NONE',  ( 16.49546285723199901, 0.000000000000000000, -6.989999999999999325 ) ) ;
#2176 = EDGE_CURVE ( 'NONE', #4813, #738, #3956, .T. ) ;
#2177 = CARTESIAN_POINT ( 'NONE',  ( 5.356997229032999464, 0.5000000000000000000, -11.03266418667999993 ) ) ;
#2178 = ADVANCED_FACE ( 'NONE', ( #2164 ), #11129, .T. ) ;
#2179 = CARTESIAN_POINT ( 'NONE',  ( 17.73046285723199844, 4.343779418383999946, -13.84113101483900188 ) ) ;
#2180 = CARTESIAN_POINT ( 'NONE',  ( 17.76079236082698998, 4.420699043210003509, -13.79301633217601797 ) ) ;
#2181 = DIRECTION ( 'NONE',  ( 0.9874809300343372342, 0.000000000000000000, -0.1577384316472059955 ) ) ;
#2182 = ORIENTED_EDGE ( 'NONE', *, *, #4333, .T. ) ;
#2183 = DIRECTION ( 'NONE',  ( 0.7397541567183051336, 0.000000000000000000, -0.6728772455790055229 ) ) ;
#2184 = EDGE_CURVE ( 'NONE', #10543, #10598, #8504, .T. ) ;
#2185 = DIRECTION ( 'NONE',  ( 0.000000000000000000, 0.000000000000000000, -1.000000000000000000 ) ) ;
#2186 = EDGE_LOOP ( 'NONE', ( #2516, #11413, #8294, #3114 ) ) ;
#2187 = CARTESIAN_POINT ( 'NONE',  ( 5.356997229032999464, 39.85228000000000037, -11.03266418667999993 ) ) ;
#2188 = EDGE_LOOP ( 'NONE', ( #6440, #310, #6033, #7831, #11425, #6268, #7060, #1090, #6842, #1637, #3340, #7929 ) ) ;
#2189 = LINE ( 'NONE', #3015, #218 ) ;
#2190 = CARTESIAN_POINT ( 'NONE',  ( 7.010588299974999771, 17.10000000000000142, -15.45000000000000107 ) ) ;
#2191 = PLANE ( 'NONE',  #10070 ) ;
#2192 = ORIENTED_EDGE ( 'NONE', *, *, #683, .F. ) ;
#2193 = CARTESIAN_POINT ( 'NONE',  ( 3.665462857232000271, 14.75000000000000000, 0.000000000000000000 ) ) ;
#2194 = LINE ( 'NONE', #10178, #7307 ) ;
#2195 = EDGE_LOOP ( 'NONE', ( #2798, #4803, #461, #2317 ) ) ;
#2196 = CYLINDRICAL_SURFACE ( 'NONE', #4930, 0.5000000000000000000 ) ;
#2197 = EDGE_CURVE ( 'NONE', #7906, #9254, #3480, .T. ) ;
#2198 = ADVANCED_FACE ( 'NONE', ( #7737 ), #6094, .T. ) ;
#2199 = DIRECTION ( 'NONE',  ( 0.000000000000000000, -1.000000000000000000, 0.000000000000000000 ) ) ;
#2200 = VERTEX_POINT ( 'NONE', #9612 ) ;
#2201 = CARTESIAN_POINT ( 'NONE',  ( 3.900462857232000147, 4.000000000000000000, -10.80000000000000071 ) ) ;
#2202 = FACE_OUTER_BOUND ( 'NONE', #1598, .T. ) ;
#2203 = CARTESIAN_POINT ( 'NONE',  ( 3.652024827387999828, 4.000000000000000000, -12.35528246480399872 ) ) ;
#2204 = DIRECTION ( 'NONE',  ( -1.000000000000000000, 0.000000000000000000, 0.000000000000000000 ) ) ;
#2205 = DIRECTION ( 'NONE',  ( 0.000000000000000000, -1.000000000000000000, 0.000000000000000000 ) ) ;
#2206 = ORIENTED_EDGE ( 'NONE', *, *, #8720, .F. ) ;
#2207 = VECTOR ( 'NONE', #9052, 1000.000000000000000 ) ;
#2208 = DIRECTION ( 'NONE',  ( -0.000000000000000000, 0.7071067811865475727, 0.7071067811865475727 ) ) ;
#2209 = EDGE_CURVE ( 'NONE', #3431, #437, #4489, .T. ) ;
#2210 = ADVANCED_FACE ( 'NONE', ( #2512 ), #1454, .F. ) ;
#2211 = LINE ( 'NONE', #2273, #5445 ) ;
#2212 = ORIENTED_EDGE ( 'NONE', *, *, #1465, .F. ) ;
#2213 = ORIENTED_EDGE ( 'NONE', *, *, #3970, .T. ) ;
#2214 = ORIENTED_EDGE ( 'NONE', *, *, #8147, .T. ) ;
#2215 = ORIENTED_EDGE ( 'NONE', *, *, #1046, .T. ) ;
#2216 = LINE ( 'NONE', #10372, #8959 ) ;
#2217 = AXIS2_PLACEMENT_3D ( 'NONE', #10122, #6732, #3894 ) ;
#2218 = ORIENTED_EDGE ( 'NONE', *, *, #6007, .T. ) ;
#2219 = CARTESIAN_POINT ( 'NONE',  ( 6.665462857231999827, 4.000000000000000000, -19.51500000000000057 ) ) ;
#2220 = PLANE ( 'NONE',  #3954 ) ;
#2221 = LINE ( 'NONE', #8558, #3512 ) ;
#2222 = EDGE_LOOP ( 'NONE', ( #2692, #1427, #9910, #4862 ) ) ;
#2223 = DIRECTION ( 'NONE',  ( -0.9874809300343374563, 0.000000000000000000, -0.1577384316472046910 ) ) ;
#2224 = VECTOR ( 'NONE', #8010, 1000.000000000000000 ) ;
#2225 = DIRECTION ( 'NONE',  ( -0.9979663327133606598, 0.000000000000000000, 0.06374322529215104005 ) ) ;
#2226 = AXIS2_PLACEMENT_3D ( 'NONE', #8570, #6541, #6826 ) ;
#2227 = FACE_OUTER_BOUND ( 'NONE', #1809, .T. ) ;
#2228 = ORIENTED_EDGE ( 'NONE', *, *, #7197, .F. ) ;
#2229 = ORIENTED_EDGE ( 'NONE', *, *, #7126, .F. ) ;
#2230 = VECTOR ( 'NONE', #9163, 1000.000000000000000 ) ;
#2231 = CARTESIAN_POINT ( 'NONE',  ( 15.76546285723199858, 14.57783741365544650, -0.2500000000000002220 ) ) ;
#2232 = AXIS2_PLACEMENT_3D ( 'NONE', #7141, #11473, #9667 ) ;
#2233 = CIRCLE ( 'NONE', #5229, 0.2000000000000003442 ) ;
#2234 = CARTESIAN_POINT ( 'NONE',  ( 4.350462857232000324, 3.700000000000000178, 27.70149999999999935 ) ) ;
#2235 = FACE_OUTER_BOUND ( 'NONE', #9353, .T. ) ;
#2236 = CARTESIAN_POINT ( 'NONE',  ( 5.665462857231998939, 6.500000000000000000, -0.2000000000000000111 ) ) ;
#2237 = CARTESIAN_POINT ( 'NONE',  ( 13.87392848543099966, 4.000000000000000000, -11.03266418667999993 ) ) ;
#2238 = DIRECTION ( 'NONE',  ( 0.000000000000000000, 0.000000000000000000, -1.000000000000000000 ) ) ;
#2239 = ORIENTED_EDGE ( 'NONE', *, *, #11079, .F. ) ;
#2240 = DIRECTION ( 'NONE',  ( 0.000000000000000000, -1.000000000000000000, 0.000000000000000000 ) ) ;
#2241 = VECTOR ( 'NONE', #6240, 1000.000000000000000 ) ;
#2242 = LINE ( 'NONE', #489, #5294 ) ;
#2243 = AXIS2_PLACEMENT_3D ( 'NONE', #1569, #4200, #10468 ) ;
#2244 = AXIS2_PLACEMENT_3D ( 'NONE', #4093, #10424, #9327 ) ;
#2245 = VERTEX_POINT ( 'NONE', #11298 ) ;
#2246 = DIRECTION ( 'NONE',  ( 1.000000000000000000, 0.000000000000000000, 0.000000000000000000 ) ) ;
#2247 = EDGE_LOOP ( 'NONE', ( #8014, #3437, #3499, #11513 ) ) ;
#2248 = DIRECTION ( 'NONE',  ( -1.000000000000000000, 0.000000000000000000, 0.000000000000000000 ) ) ;
#2249 = FACE_OUTER_BOUND ( 'NONE', #9672, .T. ) ;
#2250 = DIRECTION ( 'NONE',  ( 0.000000000000000000, 0.000000000000000000, 1.000000000000000000 ) ) ;
#2251 = VECTOR ( 'NONE', #9231, 1000.000000000000000 ) ;
#2252 = CARTESIAN_POINT ( 'NONE',  ( 1.650462857231999925, 4.252748775084000066, -13.99886898516100153 ) ) ;
#2253 = DIRECTION ( 'NONE',  ( 0.000000000000000000, 0.000000000000000000, 1.000000000000000000 ) ) ;
#2254 = VERTEX_POINT ( 'NONE', #3432 ) ;
#2255 = CARTESIAN_POINT ( 'NONE',  ( 7.765880787119999518, 17.30000000000000071, -16.61434546709099891 ) ) ;
#2256 = EDGE_CURVE ( 'NONE', #9608, #9405, #3926, .T. ) ;
#2257 = DIRECTION ( 'NONE',  ( 0.000000000000000000, 0.000000000000000000, 1.000000000000000000 ) ) ;
#2258 = EDGE_LOOP ( 'NONE', ( #2563, #1719, #646 ) ) ;
#2259 = ADVANCED_FACE ( 'NONE', ( #7073 ), #5026, .F. ) ;
#2260 = CIRCLE ( 'NONE', #8811, 0.09999999999999956146 ) ;
#2261 = ADVANCED_FACE ( 'NONE', ( #7024 ), #5150, .T. ) ;
#2262 = AXIS2_PLACEMENT_3D ( 'NONE', #4628, #10961, #10202 ) ;
#2263 = DIRECTION ( 'NONE',  ( 0.000000000000000000, 0.000000000000000000, -1.000000000000000000 ) ) ;
#2264 = DIRECTION ( 'NONE',  ( -1.000000000000000000, 0.000000000000000000, 0.000000000000000000 ) ) ;
#2265 = ADVANCED_FACE ( 'NONE', ( #6859 ), #2449, .T. ) ;
#2266 = EDGE_CURVE ( 'NONE', #2510, #6688, #5093, .T. ) ;
#2267 = DIRECTION ( 'NONE',  ( 1.000000000000000000, 0.000000000000000000, 0.000000000000000000 ) ) ;
#2268 = CARTESIAN_POINT ( 'NONE',  ( 10.99081109736899897, 17.10000000000000142, -16.10264624357199992 ) ) ;
#2269 = CARTESIAN_POINT ( 'NONE',  ( 12.61170228694399853, 17.30000000000000071, -16.65417823791499785 ) ) ;
#2270 = ORIENTED_EDGE ( 'NONE', *, *, #10355, .F. ) ;
#2271 = CIRCLE ( 'NONE', #10322, 0.09999999999999982514 ) ;
#2272 = DIRECTION ( 'NONE',  ( 0.000000000000000000, -1.000000000000000000, 0.000000000000000000 ) ) ;
#2273 = CARTESIAN_POINT ( 'NONE',  ( 3.665462857232000271, 11.67999999999999972, -0.4500000000000000111 ) ) ;
#2274 = VERTEX_POINT ( 'NONE', #9490 ) ;
#2275 = VERTEX_POINT ( 'NONE', #578 ) ;
#2276 = EDGE_LOOP ( 'NONE', ( #2814, #8058, #1232, #4566 ) ) ;
#2277 = ORIENTED_EDGE ( 'NONE', *, *, #904, .T. ) ;
#2278 = FACE_OUTER_BOUND ( 'NONE', #4055, .T. ) ;
#2279 = ORIENTED_EDGE ( 'NONE', *, *, #8580, .F. ) ;
#2280 = DIRECTION ( 'NONE',  ( -1.000000000000000000, 0.000000000000000000, 0.000000000000000000 ) ) ;
#2281 = VECTOR ( 'NONE', #9240, 1000.000000000000000 ) ;
#2282 = ADVANCED_FACE ( 'NONE', ( #6139 ), #5198, .T. ) ;
#2283 = ADVANCED_FACE ( 'NONE', ( #10542 ), #740, .F. ) ;
#2284 = CARTESIAN_POINT ( 'NONE',  ( 5.775462857232000147, 4.000000000000000000, -6.989999999999999325 ) ) ;
#2285 = CIRCLE ( 'NONE', #806, 0.1000000000000002692 ) ;
#2286 = CARTESIAN_POINT ( 'NONE',  ( 1.563767697292994585, 0.3989761812900054494, -13.65581437991699865 ) ) ;
#2287 = ORIENTED_EDGE ( 'NONE', *, *, #1041, .T. ) ;
#2288 = DIRECTION ( 'NONE',  ( 0.000000000000000000, -1.000000000000000000, 0.000000000000000000 ) ) ;
#2289 = CIRCLE ( 'NONE', #3958, 0.1000000000000002692 ) ;
#2290 = AXIS2_PLACEMENT_3D ( 'NONE', #7957, #34, #8124 ) ;
#2292 = EDGE_CURVE ( 'NONE', #4011, #6102, #8616, .T. ) ;
#2291 = CARTESIAN_POINT ( 'NONE',  ( 16.42783201400199999, 6.500000000000000000, -0.2500000000000000000 ) ) ;
#2293 = ORIENTED_EDGE ( 'NONE', *, *, #10156, .F. ) ;
#2294 = DIRECTION ( 'NONE',  ( 0.000000000000000000, -1.000000000000000000, 0.000000000000000000 ) ) ;
#2295 = ORIENTED_EDGE ( 'NONE', *, *, #6070, .F. ) ;
#2296 = AXIS2_PLACEMENT_3D ( 'NONE', #229, #3798, #8444 ) ;
#2297 = VECTOR ( 'NONE', #822, 1000.000000000000000 ) ;
#2298 = EDGE_LOOP ( 'NONE', ( #6707, #6721, #659, #10694 ) ) ;
#2299 = VECTOR ( 'NONE', #8417, 1000.000000000000000 ) ;
#2300 = CARTESIAN_POINT ( 'NONE',  ( 3.665462857232000271, 9.679999999999999716, -0.4500000000000000111 ) ) ;
#2301 = CARTESIAN_POINT ( 'NONE',  ( 17.58046285723199986, 0.7900000000000000355, -13.55113101483900095 ) ) ;
#2302 = CARTESIAN_POINT ( 'NONE',  ( 13.95546285723199986, 0.000000000000000000, -6.989999999999999325 ) ) ;
#2303 = VECTOR ( 'NONE', #772, 1000.000000000000000 ) ;
#2304 = CARTESIAN_POINT ( 'NONE',  ( 17.72482299013099194, 4.174946833346002251, -13.95384395219301865 ) ) ;
#2305 = LINE ( 'NONE', #9512, #5077 ) ;
#2306 = ORIENTED_EDGE ( 'NONE', *, *, #4981, .T. ) ;
#2307 = AXIS2_PLACEMENT_3D ( 'NONE', #10050, #3648, #2780 ) ;
#2308 = LINE ( 'NONE', #1250, #9051 ) ;
#2309 = LINE ( 'NONE', #436, #10353 ) ;
#2310 = EDGE_LOOP ( 'NONE', ( #1924, #6882, #5322, #9611, #2518, #1579, #2734, #10454 ) ) ;
#2311 = VERTEX_POINT ( 'NONE', #4210 ) ;
#2312 = DIRECTION ( 'NONE',  ( -1.000000000000000000, 0.000000000000000000, 0.000000000000000000 ) ) ;
#2313 = CARTESIAN_POINT ( 'NONE',  ( 13.49399962550600129, 17.10000000000000142, -17.56236614695500009 ) ) ;
#2314 = CARTESIAN_POINT ( 'NONE',  ( 17.35046285723199944, 17.06999999999999673, -0.2300000000000000100 ) ) ;
#2315 = CARTESIAN_POINT ( 'NONE',  ( 4.232923677182999889, 3.600000000000000089, -12.26290869432999919 ) ) ;
#2316 = CARTESIAN_POINT ( 'NONE',  ( 15.14568566398899918, 17.10000000000000142, -17.29456827725625345 ) ) ;
#2317 = ORIENTED_EDGE ( 'NONE', *, *, #743, .F. ) ;
#2318 = B_SPLINE_SURFACE_WITH_KNOTS ( 'NONE', 3, 1, ( 
 ( #7581, #4881 ),
 ( #4946, #7520 ),
 ( #4051, #9402 ),
 ( #7395, #6704 ) ),
 .UNSPECIFIED., .F., .F., .F.,
 ( 4, 4 ),
 ( 2, 2 ),
 ( 0.02585205615809164914, 0.9491137208470620257 ),
 ( 0.000000000000000000, 1.000000000000000000 ),
 .UNSPECIFIED. ) ;
#2319 = CARTESIAN_POINT ( 'NONE',  ( 1.506102724333003184, 0.7325790968189964669, -13.98002886292798053 ) ) ;
#2320 = FACE_OUTER_BOUND ( 'NONE', #2188, .T. ) ;
#2321 = ORIENTED_EDGE ( 'NONE', *, *, #11280, .F. ) ;
#2322 = CARTESIAN_POINT ( 'NONE',  ( 13.01546285723199858, 4.000000000000000000, -17.32499999999999929 ) ) ;
#2323 = CARTESIAN_POINT ( 'NONE',  ( 5.440503441113000882, 0.5000000000000000000, -9.259959416120000952 ) ) ;
#2324 = CARTESIAN_POINT ( 'NONE',  ( 11.64546285723199937, 5.890000000000000568, -0.4500000000000000111 ) ) ;
#2325 = CARTESIAN_POINT ( 'NONE',  ( 16.87050344111299793, 0.5000000000000000000, -12.34004058388099878 ) ) ;
#2326 = DIRECTION ( 'NONE',  ( 0.000000000000000000, -1.000000000000000000, 0.000000000000000000 ) ) ;
#2327 = EDGE_LOOP ( 'NONE', ( #136, #478, #8359, #3671 ) ) ;
#2328 = ADVANCED_FACE ( 'NONE', ( #685 ), #4260, .F. ) ;
#2329 = EDGE_CURVE ( 'NONE', #11299, #11476, #4321, .T. ) ;
#2330 = CARTESIAN_POINT ( 'NONE',  ( 12.20546285723199986, 5.790000000000000036, -0.3499999999999999778 ) ) ;
#2331 = DIRECTION ( 'NONE',  ( 1.000000000000000000, 0.000000000000000000, 0.000000000000000000 ) ) ;
#2332 = ORIENTED_EDGE ( 'NONE', *, *, #2849, .F. ) ;
#2333 = ADVANCED_FACE ( 'NONE', ( #8243 ), #146, .T. ) ;
#2334 = ORIENTED_EDGE ( 'NONE', *, *, #684, .T. ) ;
#2335 = ORIENTED_EDGE ( 'NONE', *, *, #3178, .T. ) ;
#2336 = ORIENTED_EDGE ( 'NONE', *, *, #1218, .T. ) ;
#2337 = PLANE ( 'NONE',  #3500 ) ;
#2338 = ORIENTED_EDGE ( 'NONE', *, *, #5080, .T. ) ;
#2339 = DIRECTION ( 'NONE',  ( 0.000000000000000000, 0.000000000000000000, 1.000000000000000000 ) ) ;
#2340 = EDGE_CURVE ( 'NONE', #8685, #7832, #5317, .T. ) ;
#2341 = CARTESIAN_POINT ( 'NONE',  ( 17.66715801717101186, 0.6046833650799926518, -13.45010719613100214 ) ) ;
#2342 = CARTESIAN_POINT ( 'NONE',  ( 1.470133353637002482, 0.6588525919279972776, -13.56440593594599164 ) ) ;
#2343 = EDGE_LOOP ( 'NONE', ( #2907, #3428, #5313 ) ) ;
#2344 = FACE_OUTER_BOUND ( 'NONE', #1823, .T. ) ;
#2345 = CARTESIAN_POINT ( 'NONE',  ( 3.750462857232000236, 3.700000000000000178, -9.232159127970000156 ) ) ;
#2346 = ORIENTED_EDGE ( 'NONE', *, *, #1982, .F. ) ;
#2347 = EDGE_CURVE ( 'NONE', #2510, #2664, #3601, .T. ) ;
#2348 = EDGE_CURVE ( 'NONE', #8288, #4241, #7137, .T. ) ;
#2349 = EDGE_CURVE ( 'NONE', #10784, #2496, #7244, .T. ) ;
#2350 = PLANE ( 'NONE',  #9967 ) ;
#2351 = EDGE_LOOP ( 'NONE', ( #1499, #10423, #6760, #7899 ) ) ;
#2352 = ORIENTED_EDGE ( 'NONE', *, *, #6575, .F. ) ;
#2353 = DIRECTION ( 'NONE',  ( 1.000000000000000000, 0.000000000000000000, 0.000000000000000000 ) ) ;
#2354 = DIRECTION ( 'NONE',  ( 0.000000000000000000, -1.000000000000000000, 0.000000000000000000 ) ) ;
#2355 = CARTESIAN_POINT ( 'NONE',  ( 8.957802808031898323, 17.10000000000000142, -15.45000000000000107 ) ) ;
#2356 = DIRECTION ( 'NONE',  ( 0.000000000000000000, -1.000000000000000000, 0.000000000000000000 ) ) ;
#2357 = DIRECTION ( 'NONE',  ( 0.000000000000000000, 0.000000000000000000, -1.000000000000000000 ) ) ;
#2358 = DIRECTION ( 'NONE',  ( 0.000000000000000000, 0.000000000000000000, -1.000000000000000000 ) ) ;
#2359 = ADVANCED_FACE ( 'NONE', ( #10708 ), #2677, .F. ) ;
#2360 = CARTESIAN_POINT ( 'NONE',  ( 17.58046285723199986, 0.7900000000000000355, -13.84113101483900188 ) ) ;
#2361 = ORIENTED_EDGE ( 'NONE', *, *, #5924, .T. ) ;
#2362 = VERTEX_POINT ( 'NONE', #3654 ) ;
#2363 = CARTESIAN_POINT ( 'NONE',  ( 4.350462857232000324, 3.600000000000000089, -4.750000000000000000 ) ) ;
#2364 = FACE_OUTER_BOUND ( 'NONE', #11126, .T. ) ;
#2365 = DIRECTION ( 'NONE',  ( 0.7071067811865475727, -0.7071067811865475727, 0.000000000000000000 ) ) ;
#2366 = DIRECTION ( 'NONE',  ( 0.000000000000000000, 0.000000000000000000, -1.000000000000000000 ) ) ;
#2367 = DIRECTION ( 'NONE',  ( 1.000000000000000000, 0.000000000000000000, 0.000000000000000000 ) ) ;
#2368 = VERTEX_POINT ( 'NONE', #1092 ) ;
#2369 = CARTESIAN_POINT ( 'NONE',  ( 9.435797106966900216, 17.30000000000000071, -17.64999999999999858 ) ) ;
#2370 = DIRECTION ( 'NONE',  ( 0.000000000000000000, 0.000000000000000000, -1.000000000000000000 ) ) ;
#2371 = ORIENTED_EDGE ( 'NONE', *, *, #1749, .F. ) ;
#2372 = FACE_OUTER_BOUND ( 'NONE', #11004, .T. ) ;
#2373 = CARTESIAN_POINT ( 'NONE',  ( 12.13370798800900019, 17.10000000000000142, -17.64999999999999858 ) ) ;
#2374 = DIRECTION ( 'NONE',  ( 0.000000000000000000, -1.000000000000000000, 0.000000000000000000 ) ) ;
#2375 = CARTESIAN_POINT ( 'NONE',  ( 3.750462857232000236, 4.000000000000000000, -9.232159127970000156 ) ) ;
#2376 = CARTESIAN_POINT ( 'NONE',  ( 15.76546285723199858, 7.315000000000000391, -0.2500000000000000000 ) ) ;
#2377 = B_SPLINE_CURVE_WITH_KNOTS ( 'NONE', 3,
 ( #9055, #4526, #1132, #1815 ),
 .UNSPECIFIED., .F., .F.,
 ( 4, 4 ),
 ( 0.000000000000000000, 1.000000000000000000 ),
 .UNSPECIFIED. ) ;
#2378 = ORIENTED_EDGE ( 'NONE', *, *, #536, .T. ) ;
#2379 = DIRECTION ( 'NONE',  ( 0.000000000000000000, -1.000000000000000000, 0.000000000000000000 ) ) ;
#2380 = CARTESIAN_POINT ( 'NONE',  ( 14.64471057628099970, 17.30000000000000071, -16.65417823791499785 ) ) ;
#2381 = ORIENTED_EDGE ( 'NONE', *, *, #2533, .F. ) ;
#2382 = EDGE_LOOP ( 'NONE', ( #9396, #8969, #5667, #9381 ) ) ;
#2383 = VERTEX_POINT ( 'NONE', #3714 ) ;
#2384 = ORIENTED_EDGE ( 'NONE', *, *, #1761, .F. ) ;
#2385 = EDGE_CURVE ( 'NONE', #2774, #2554, #9130, .T. ) ;
#2386 = B_SPLINE_CURVE_WITH_KNOTS ( 'NONE', 3,
 ( #10735, #3677, #2879, #2700 ),
 .UNSPECIFIED., .F., .F.,
 ( 4, 4 ),
 ( 0.000000000000000000, 1.000000000000000000 ),
 .UNSPECIFIED. ) ;
#2387 = CARTESIAN_POINT ( 'NONE',  ( 15.76546285723199858, 14.75000000000000000, 0.000000000000000000 ) ) ;
#2388 = EDGE_CURVE ( 'NONE', #11360, #686, #1844, .T. ) ;
#2389 = ORIENTED_EDGE ( 'NONE', *, *, #11281, .F. ) ;
#2390 = DIRECTION ( 'NONE',  ( -1.000000000000000000, 0.000000000000000000, 0.000000000000000000 ) ) ;
#2391 = CARTESIAN_POINT ( 'NONE',  ( 15.77351746730299986, 17.30000000000000071, -17.32506086918699850 ) ) ;
#2392 = CARTESIAN_POINT ( 'NONE',  ( 10.72117327426400024, 17.10000000000000142, -17.64999999999999858 ) ) ;
#2393 = EDGE_LOOP ( 'NONE', ( #2148, #1395, #2934, #320, #9088, #3403, #4834 ) ) ;
#2394 = CARTESIAN_POINT ( 'NONE',  ( 15.48046285723199844, 4.000000000000000000, -14.75000000000000000 ) ) ;
#2395 = DIRECTION ( 'NONE',  ( 0.000000000000000000, 0.000000000000000000, 1.000000000000000000 ) ) ;
#2396 = ORIENTED_EDGE ( 'NONE', *, *, #9581, .F. ) ;
#2397 = DIRECTION ( 'NONE',  ( -0.000000000000000000, 1.000000000000000000, 0.000000000000000000 ) ) ;
#2398 = VECTOR ( 'NONE', #1615, 1000.000000000000114 ) ;
#2399 = ORIENTED_EDGE ( 'NONE', *, *, #5624, .T. ) ;
#2400 = ADVANCED_FACE ( 'NONE', ( #212 ), #3782, .T. ) ;
#2401 = EDGE_CURVE ( 'NONE', #10954, #8254, #1036, .T. ) ;
#2402 = VERTEX_POINT ( 'NONE', #979 ) ;
#2403 = DIRECTION ( 'NONE',  ( -0.9874809300343372342, 0.000000000000000000, -0.1577384316472059955 ) ) ;
#2404 = EDGE_CURVE ( 'NONE', #7953, #1773, #5432, .T. ) ;
#2405 = VECTOR ( 'NONE', #6458, 1000.000000000000000 ) ;
#2406 = EDGE_CURVE ( 'NONE', #4506, #11110, #4232, .T. ) ;
#2407 = CARTESIAN_POINT ( 'NONE',  ( 6.665462857231999827, 4.000000000000000000, -19.51500000000000057 ) ) ;
#2408 = ORIENTED_EDGE ( 'NONE', *, *, #6991, .F. ) ;
#2409 = LINE ( 'NONE', #1593, #6747 ) ;
#2410 = CIRCLE ( 'NONE', #8767, 0.09999999999999983902 ) ;
#2411 = LINE ( 'NONE', #3334, #3778 ) ;
#2412 = LINE ( 'NONE', #5116, #7130 ) ;
#2413 = DIRECTION ( 'NONE',  ( 0.000000000000000000, 0.000000000000000000, -1.000000000000000000 ) ) ;
#2414 = CARTESIAN_POINT ( 'NONE',  ( 3.003093700461999749, 4.549999999999999822, 0.000000000000000000 ) ) ;
#2415 = VECTOR ( 'NONE', #9599, 1000.000000000000000 ) ;
#2416 = ORIENTED_EDGE ( 'NONE', *, *, #9133, .T. ) ;
#2417 = AXIS2_PLACEMENT_3D ( 'NONE', #10199, #3733, #5447 ) ;
#2418 = VECTOR ( 'NONE', #11493, 1000.000000000000000 ) ;
#2419 = ORIENTED_EDGE ( 'NONE', *, *, #1749, .T. ) ;
#2420 = DIRECTION ( 'NONE',  ( 0.000000000000000000, -1.000000000000000000, 0.000000000000000000 ) ) ;
#2421 = EDGE_CURVE ( 'NONE', #10013, #10910, #8898, .T. ) ;
#2422 = EDGE_CURVE ( 'NONE', #2274, #1660, #2859, .T. ) ;
#2423 = FACE_OUTER_BOUND ( 'NONE', #8488, .T. ) ;
#2424 = VECTOR ( 'NONE', #8703, 1000.000000000000000 ) ;
#2425 = SPHERICAL_SURFACE ( 'NONE', #7502, 0.2300000000000000100 ) ;
#2426 = CARTESIAN_POINT ( 'NONE',  ( 4.945462857232000076, 4.000000000000000000, -17.32499999999999929 ) ) ;
#2427 = LINE ( 'NONE', #11444, #4878 ) ;
#2428 = VERTEX_POINT ( 'NONE', #1741 ) ;
#2429 = CIRCLE ( 'NONE', #3525, 1.574999999999999734 ) ;
#2430 = AXIS2_PLACEMENT_3D ( 'NONE', #2170, #5927, #5248 ) ;
#2431 = CARTESIAN_POINT ( 'NONE',  ( 13.75546285723200057, 0.5000000000000000000, -10.80000000000000071 ) ) ;
#2432 = LINE ( 'NONE', #6177, #11272 ) ;
#2433 = ORIENTED_EDGE ( 'NONE', *, *, #2113, .F. ) ;
#2434 = CARTESIAN_POINT ( 'NONE',  ( 13.75306705211199976, 17.30000000000000071, -16.61434546709099891 ) ) ;
#2435 = CIRCLE ( 'NONE', #5388, 1.310040583881000753 ) ;
#2436 = CARTESIAN_POINT ( 'NONE',  ( 5.275462857231999259, 0.000000000000000000, -6.490000000000000213 ) ) ;
#2437 = VECTOR ( 'NONE', #2488, 1000.000000000000000 ) ;
#2438 = LINE ( 'NONE', #2595, #6345 ) ;
#2439 = PLANE ( 'NONE',  #11244 ) ;
#2440 = CARTESIAN_POINT ( 'NONE',  ( -19.65696514276800144, 3.850000000000000089, -14.61999999999999922 ) ) ;
#2441 = ORIENTED_EDGE ( 'NONE', *, *, #393, .F. ) ;
#2442 = FACE_OUTER_BOUND ( 'NONE', #4775, .T. ) ;
#2443 = ORIENTED_EDGE ( 'NONE', *, *, #8009, .T. ) ;
#2444 = VECTOR ( 'NONE', #7340, 1000.000000000000000 ) ;
#2445 = VECTOR ( 'NONE', #486, 1000.000000000000000 ) ;
#2446 = VERTEX_POINT ( 'NONE', #4557 ) ;
#2447 = ORIENTED_EDGE ( 'NONE', *, *, #1362, .F. ) ;
#2448 = ORIENTED_EDGE ( 'NONE', *, *, #6813, .T. ) ;
#2449 = CYLINDRICAL_SURFACE ( 'NONE', #7105, 0.2300000000000000100 ) ;
#2450 = ORIENTED_EDGE ( 'NONE', *, *, #7142, .F. ) ;
#2451 = FACE_OUTER_BOUND ( 'NONE', #4942, .T. ) ;
#2452 = VECTOR ( 'NONE', #3436, 1000.000000000000000 ) ;
#2453 = DIRECTION ( 'NONE',  ( 0.1961161351382035567, -0.9805806756909162258, 0.000000000000000000 ) ) ;
#2454 = ORIENTED_EDGE ( 'NONE', *, *, #4488, .T. ) ;
#2455 = DIRECTION ( 'NONE',  ( 0.000000000000000000, 1.000000000000000000, 0.000000000000000000 ) ) ;
#2456 = VERTEX_POINT ( 'NONE', #6201 ) ;
#2457 = CARTESIAN_POINT ( 'NONE',  ( 9.435797106966900216, 17.30000000000000071, -16.70167137384400391 ) ) ;
#2458 = ORIENTED_EDGE ( 'NONE', *, *, #4498, .F. ) ;
#2459 = STYLED_ITEM ( 'NONE', ( #3426 ), #1438 ) ;
#2460 = AXIS2_PLACEMENT_3D ( 'NONE', #273, #3138, #386 ) ;
#2461 = FACE_OUTER_BOUND ( 'NONE', #10394, .T. ) ;
#2462 = CIRCLE ( 'NONE', #9050, 0.1400000000000000411 ) ;
#2463 = DIRECTION ( 'NONE',  ( 1.000000000000000000, 0.000000000000000000, 0.000000000000000000 ) ) ;
#2464 = AXIS2_PLACEMENT_3D ( 'NONE', #1073, #3577, #3636 ) ;
#2465 = LINE ( 'NONE', #6055, #4466 ) ;
#2466 = ORIENTED_EDGE ( 'NONE', *, *, #9282, .F. ) ;
#2467 = CARTESIAN_POINT ( 'NONE',  ( 13.18927948849842124, 17.10000000000000142, -17.65000000123709967 ) ) ;
#2468 = DIRECTION ( 'NONE',  ( 0.000000000000000000, -1.000000000000000000, 0.000000000000000000 ) ) ;
#2469 = DIRECTION ( 'NONE',  ( 0.8181879162313488996, 0.000000000000000000, 0.5749508968016342481 ) ) ;
#2470 = EDGE_CURVE ( 'NONE', #8852, #3400, #5787, .T. ) ;
#2471 = EDGE_CURVE ( 'NONE', #2922, #2368, #1100, .T. ) ;
#2472 = VECTOR ( 'NONE', #6361, 1000.000000000000000 ) ;
#2473 = DIRECTION ( 'NONE',  ( 0.000000000000000000, -1.000000000000000000, 0.000000000000000000 ) ) ;
#2474 = CARTESIAN_POINT ( 'NONE',  ( 3.265462857231999916, 7.115000000000000213, -0.2500000000000000000 ) ) ;
#2475 = AXIS2_PLACEMENT_3D ( 'NONE', #2330, #2208, #9538 ) ;
#2476 = CIRCLE ( 'NONE', #604, 0.2900000000000003131 ) ;
#2477 = EDGE_CURVE ( 'NONE', #11322, #9332, #5786, .T. ) ;
#2478 = ORIENTED_EDGE ( 'NONE', *, *, #2748, .T. ) ;
#2479 = ORIENTED_EDGE ( 'NONE', *, *, #5929, .F. ) ;
#2480 = CARTESIAN_POINT ( 'NONE',  ( 3.665462857232000271, 14.44999999999999929, -0.4500000000000000111 ) ) ;
#2481 = VECTOR ( 'NONE', #1875, 1000.000000000000000 ) ;
#2482 = EDGE_CURVE ( 'NONE', #7381, #283, #5034, .T. ) ;
#2483 = VECTOR ( 'NONE', #732, 1000.000000000000000 ) ;
#2484 = PLANE ( 'NONE',  #8395 ) ;
#2485 = CIRCLE ( 'NONE', #9047, 0.1500000000000008271 ) ;
#2486 = CARTESIAN_POINT ( 'NONE',  ( 15.84888880953654677, 17.10000000000000142, -16.78286903039980160 ) ) ;
#2487 = DIRECTION ( 'NONE',  ( 0.000000000000000000, 0.000000000000000000, 1.000000000000000000 ) ) ;
#2488 = DIRECTION ( 'NONE',  ( 0.000000000000000000, -1.000000000000000000, 0.000000000000000000 ) ) ;
#2489 = ORIENTED_EDGE ( 'NONE', *, *, #687, .T. ) ;
#2490 = CARTESIAN_POINT ( 'NONE',  ( 17.58046285723199986, 4.203779418383999378, -13.55113101483900095 ) ) ;
#2491 = DIRECTION ( 'NONE',  ( 0.000000000000000000, 1.000000000000000000, 0.000000000000000000 ) ) ;
#2492 = ADVANCED_FACE ( 'NONE', ( #3029 ), #6730, .F. ) ;
#2493 = ADVANCED_FACE ( 'NONE', ( #2202 ), #10235, .T. ) ;
#2494 = AXIS2_PLACEMENT_3D ( 'NONE', #10594, #6096, #3314 ) ;
#2495 = EDGE_CURVE ( 'NONE', #6146, #464, #7656, .T. ) ;
#2496 = VERTEX_POINT ( 'NONE', #3087 ) ;
#2497 = VECTOR ( 'NONE', #9407, 1000.000000000000000 ) ;
#2498 = VECTOR ( 'NONE', #8869, 1000.000000000000000 ) ;
#2499 = CARTESIAN_POINT ( 'NONE',  ( 7.835462857232000644, 0.000000000000000000, -16.97500000000000142 ) ) ;
#2500 = CARTESIAN_POINT ( 'NONE',  ( 7.585462857231999756, 4.250000000000000000, -0.2500000000000000000 ) ) ;
#2501 = ADVANCED_FACE ( 'NONE', ( #7604 ), #3508, .F. ) ;
#2502 = DIRECTION ( 'NONE',  ( 0.000000000000000000, 1.000000000000000000, 0.000000000000000000 ) ) ;
#2503 = CARTESIAN_POINT ( 'NONE',  ( 3.465462857232000093, 9.679999999999999716, -0.2500000000000000000 ) ) ;
#2504 = CARTESIAN_POINT ( 'NONE',  ( 15.33046285723199986, 4.000000000000000000, -10.80000000000000071 ) ) ;
#2505 = VERTEX_POINT ( 'NONE', #2153 ) ;
#2506 = CARTESIAN_POINT ( 'NONE',  ( 3.667798670551999596, 0.5000000000000000000, -9.343465628199998818 ) ) ;
#2507 = LINE ( 'NONE', #9702, #9400 ) ;
#2508 = EDGE_LOOP ( 'NONE', ( #11019, #851, #3761, #10368 ) ) ;
#2509 = VERTEX_POINT ( 'NONE', #324 ) ;
#2510 = VERTEX_POINT ( 'NONE', #1332 ) ;
#2511 = ORIENTED_EDGE ( 'NONE', *, *, #6376, .F. ) ;
#2512 = FACE_OUTER_BOUND ( 'NONE', #11415, .T. ) ;
#2513 = ORIENTED_EDGE ( 'NONE', *, *, #5190, .F. ) ;
#2514 = DIRECTION ( 'NONE',  ( 0.7077664394355827060, 0.000000000000000000, 0.7064465069689832566 ) ) ;
#2515 = CARTESIAN_POINT ( 'NONE',  ( 15.48046285723199844, 3.700000000000000178, -9.232159127970000156 ) ) ;
#2516 = ORIENTED_EDGE ( 'NONE', *, *, #2049, .F. ) ;
#2517 = DIRECTION ( 'NONE',  ( -0.06374322529214718203, 0.000000000000000000, 0.9979663327133609929 ) ) ;
#2518 = ORIENTED_EDGE ( 'NONE', *, *, #8513, .T. ) ;
#2519 = FACE_BOUND ( 'NONE', #4859, .T. ) ;
#2520 = VERTEX_POINT ( 'NONE', #5855 ) ;
#2521 = CARTESIAN_POINT ( 'NONE',  ( 7.966577160106000477, 17.10000000000000142, -16.20069637298600185 ) ) ;
#2522 = PLANE ( 'NONE',  #5456 ) ;
#2523 = CARTESIAN_POINT ( 'NONE',  ( 16.49546285723199901, 4.000000000000000000, -6.989999999999999325 ) ) ;
#2524 = ORIENTED_EDGE ( 'NONE', *, *, #4396, .F. ) ;
#2525 = LINE ( 'NONE', #8864, #8027 ) ;
#2526 = CARTESIAN_POINT ( 'NONE',  ( 15.52700791496649835, 17.30000000000000071, -17.56236614689334985 ) ) ;
#2527 = LINE ( 'NONE', #6226, #3552 ) ;
#2528 = CARTESIAN_POINT ( 'NONE',  ( 10.27228726123319902, 17.30000000000000071, -15.45000000000000107 ) ) ;
#2529 = LINE ( 'NONE', #4233, #4745 ) ;
#2530 = ORIENTED_EDGE ( 'NONE', *, *, #9229, .F. ) ;
#2531 = ADVANCED_FACE ( 'NONE', ( #454 ), #4964, .T. ) ;
#2532 = LINE ( 'NONE', #4522, #9780 ) ;
#2533 = EDGE_CURVE ( 'NONE', #10705, #370, #10054, .T. ) ;
#2534 = DIRECTION ( 'NONE',  ( 0.000000000000000000, -1.000000000000000000, 0.000000000000000000 ) ) ;
#2535 = EDGE_CURVE ( 'NONE', #7462, #8994, #8843, .T. ) ;
#2536 = DIRECTION ( 'NONE',  ( 0.7071067811865475727, 0.7071067811865475727, 0.000000000000000000 ) ) ;
#2537 = LINE ( 'NONE', #10614, #3520 ) ;
#2538 = DIRECTION ( 'NONE',  ( 0.000000000000000000, 0.000000000000000000, -1.000000000000000000 ) ) ;
#2539 = ORIENTED_EDGE ( 'NONE', *, *, #6023, .F. ) ;
#2540 = DIRECTION ( 'NONE',  ( 0.9874809300343372342, 0.000000000000000000, 0.1577384316472059955 ) ) ;
#2541 = DIRECTION ( 'NONE',  ( 0.000000000000000000, -1.000000000000000000, 0.000000000000000000 ) ) ;
#2542 = ORIENTED_EDGE ( 'NONE', *, *, #4913, .F. ) ;
#2543 = DIRECTION ( 'NONE',  ( -0.000000000000000000, 1.000000000000000000, 0.000000000000000000 ) ) ;
#2544 = DIRECTION ( 'NONE',  ( 0.000000000000000000, -1.000000000000000000, 0.000000000000000000 ) ) ;
#2546 = DIRECTION ( 'NONE',  ( 0.000000000000000000, 3.004329368947999919E-13, -1.000000000000000000 ) ) ;
#2545 = B_SPLINE_CURVE_WITH_KNOTS ( 'NONE', 3,
 ( #6819, #4041, #6757, #5930 ),
 .UNSPECIFIED., .F., .F.,
 ( 4, 4 ),
 ( 0.000000000000000000, 1.000000000000000000 ),
 .UNSPECIFIED. ) ;
#2547 = CARTESIAN_POINT ( 'NONE',  ( 11.74546285723200079, 4.000000000000000000, -19.86500000000000199 ) ) ;
#2548 = EDGE_CURVE ( 'NONE', #2556, #1928, #911, .T. ) ;
#2549 = EDGE_CURVE ( 'NONE', #6197, #1150, #8366, .T. ) ;
#2550 = CARTESIAN_POINT ( 'NONE',  ( 1.850462857232000102, 4.000000000000000000, -14.47000000000000064 ) ) ;
#2551 = VERTEX_POINT ( 'NONE', #4074 ) ;
#2552 = FACE_OUTER_BOUND ( 'NONE', #6909, .T. ) ;
#2553 = CARTESIAN_POINT ( 'NONE',  ( 15.84888881419600004, 17.10000000000000142, -16.99122564792600087 ) ) ;
#2554 = VERTEX_POINT ( 'NONE', #5607 ) ;
#2555 = ORIENTED_EDGE ( 'NONE', *, *, #4773, .F. ) ;
#2556 = VERTEX_POINT ( 'NONE', #9192 ) ;
#2557 = VERTEX_POINT ( 'NONE', #7422 ) ;
#2558 = DIRECTION ( 'NONE',  ( 0.000000000000000000, 0.000000000000000000, 1.000000000000000000 ) ) ;
#2559 = CARTESIAN_POINT ( 'NONE',  ( 13.86755416290199960, 4.000000000000000000, -10.46753918005000017 ) ) ;
#2560 = EDGE_CURVE ( 'NONE', #5028, #8672, #4842, .T. ) ;
#2561 = EDGE_CURVE ( 'NONE', #4218, #2619, #7478, .T. ) ;
#2562 = CARTESIAN_POINT ( 'NONE',  ( 15.76546285723199858, 7.315000000000000391, -0.2500000000000000000 ) ) ;
#2563 = ORIENTED_EDGE ( 'NONE', *, *, #257, .T. ) ;
#2564 = DIRECTION ( 'NONE',  ( 1.000000000000000000, 0.000000000000000000, 0.000000000000000000 ) ) ;
#2565 = ORIENTED_EDGE ( 'NONE', *, *, #6133, .T. ) ;
#2566 = FACE_OUTER_BOUND ( 'NONE', #6686, .T. ) ;
#2567 = ORIENTED_EDGE ( 'NONE', *, *, #2607, .F. ) ;
#2568 = LINE ( 'NONE', #816, #10743 ) ;
#2569 = CARTESIAN_POINT ( 'NONE',  ( 12.96253856395200010, 17.10000000000000142, -16.30027856230699612 ) ) ;
#2570 = PLANE ( 'NONE',  #5221 ) ;
#2571 = ORIENTED_EDGE ( 'NONE', *, *, #4694, .F. ) ;
#2572 = LINE ( 'NONE', #3392, #357 ) ;
#2573 = LINE ( 'NONE', #4342, #4348 ) ;
#2574 = LINE ( 'NONE', #6160, #757 ) ;
#2575 = AXIS2_PLACEMENT_3D ( 'NONE', #9821, #1830, #895 ) ;
#2576 = PLANE ( 'NONE',  #8471 ) ;
#2577 = DIRECTION ( 'NONE',  ( 0.000000000000000000, -1.000000000000000000, 0.000000000000000000 ) ) ;
#2578 = EDGE_LOOP ( 'NONE', ( #9331, #2511, #9378, #3872 ) ) ;
#2579 = CARTESIAN_POINT ( 'NONE',  ( 1.506102724333003184, 4.261200321564995619, -13.71997113707201699 ) ) ;
#2580 = VECTOR ( 'NONE', #9118, 1000.000000000000000 ) ;
#2581 = CARTESIAN_POINT ( 'NONE',  ( 4.493457275375999593, 17.10000000000000142, -17.64999999999999858 ) ) ;
#2582 = LINE ( 'NONE', #1652, #11417 ) ;
#2583 = CARTESIAN_POINT ( 'NONE',  ( 13.32716239665499813, 17.10000000000000142, -16.98816152811100011 ) ) ;
#2584 = CARTESIAN_POINT ( 'NONE',  ( 6.315462857232000182, 0.000000000000000000, -19.86500000000000199 ) ) ;
#2585 = ORIENTED_EDGE ( 'NONE', *, *, #5792, .T. ) ;
#2586 = PLANE ( 'NONE',  #6982 ) ;
#2587 = VECTOR ( 'NONE', #9758, 1000.000000000000000 ) ;
#2588 = DIRECTION ( 'NONE',  ( 0.000000000000000000, 0.000000000000000000, -1.000000000000000000 ) ) ;
#2589 = AXIS2_PLACEMENT_3D ( 'NONE', #9566, #10387, #10436 ) ;
#2590 = ORIENTED_EDGE ( 'NONE', *, *, #2911, .F. ) ;
#2591 = DIRECTION ( 'NONE',  ( 0.5952796368918239489, 0.000000000000000000, 0.8035186083109328026 ) ) ;
#2592 = CARTESIAN_POINT ( 'NONE',  ( 1.850462857232000102, 3.850000000000000089, -14.61999999999999922 ) ) ;
#2593 = PLANE ( 'NONE',  #10822 ) ;
#2594 = AXIS2_PLACEMENT_3D ( 'NONE', #946, #1069, #6473 ) ;
#2595 = CARTESIAN_POINT ( 'NONE',  ( 9.435797106966900216, 17.30000000000000071, -15.45000000000000107 ) ) ;
#2596 = FACE_OUTER_BOUND ( 'NONE', #241, .T. ) ;
#2597 = ORIENTED_EDGE ( 'NONE', *, *, #171, .F. ) ;
#2598 = VECTOR ( 'NONE', #7569, 1000.000000000000000 ) ;
#2599 = AXIS2_PLACEMENT_3D ( 'NONE', #6409, #3809, #9334 ) ;
#2600 = DIRECTION ( 'NONE',  ( 0.000000000000000000, -1.000000000000000000, 0.000000000000000000 ) ) ;
#2601 = DIRECTION ( 'NONE',  ( 1.000000000000000000, 0.000000000000000000, 0.000000000000000000 ) ) ;
#2602 = ORIENTED_EDGE ( 'NONE', *, *, #1325, .T. ) ;
#2603 = SPHERICAL_SURFACE ( 'NONE', #11454, 0.1000000000000000056 ) ;
#2604 =( NAMED_UNIT ( * ) SI_UNIT ( $, .STERADIAN. ) SOLID_ANGLE_UNIT ( ) );
#2605 = EDGE_CURVE ( 'NONE', #10691, #5022, #8423, .T. ) ;
#2606 = EDGE_LOOP ( 'NONE', ( #7941, #5819, #9828, #2901 ) ) ;
#2607 = EDGE_CURVE ( 'NONE', #1678, #8541, #9649, .T. ) ;
#2608 = VECTOR ( 'NONE', #7902, 1000.000000000000000 ) ;
#2609 = ORIENTED_EDGE ( 'NONE', *, *, #6496, .T. ) ;
#2610 = VERTEX_POINT ( 'NONE', #5079 ) ;
#2611 = AXIS2_PLACEMENT_3D ( 'NONE', #1151, #1833, #967 ) ;
#2612 = ORIENTED_EDGE ( 'NONE', *, *, #4128, .T. ) ;
#2613 = ADVANCED_FACE ( 'NONE', ( #9477 ), #5242, .T. ) ;
#2614 = DIRECTION ( 'NONE',  ( 0.000000000000000000, -1.000000000000000000, 0.000000000000000000 ) ) ;
#2615 = EDGE_CURVE ( 'NONE', #3148, #9708, #11333, .T. ) ;
#2616 = CARTESIAN_POINT ( 'NONE',  ( 4.995462857231999898, 0.2500000000000000000, -17.14999999999999858 ) ) ;
#2617 = DIRECTION ( 'NONE',  ( 0.9874809300343374563, 0.000000000000000000, -0.1577384316472046910 ) ) ;
#2618 = CARTESIAN_POINT ( 'NONE',  ( 15.08202482738800043, 0.5000000000000000000, -9.244717535199999503 ) ) ;
#2619 = VERTEX_POINT ( 'NONE', #5183 ) ;
#2620 = VECTOR ( 'NONE', #8412, 1000.000000000000000 ) ;
#2621 = AXIS2_PLACEMENT_3D ( 'NONE', #9253, #9417, #9300 ) ;
#2622 = CARTESIAN_POINT ( 'NONE',  ( 1.650462857231999925, 4.000000000000000000, -21.01999999999999957 ) ) ;
#2623 = ORIENTED_EDGE ( 'NONE', *, *, #9868, .T. ) ;
#2624 = DIRECTION ( 'NONE',  ( 0.000000000000000000, 1.000000000000000000, 0.000000000000000000 ) ) ;
#2625 = ORIENTED_EDGE ( 'NONE', *, *, #7500, .T. ) ;
#2626 = EDGE_CURVE ( 'NONE', #9969, #9405, #10462, .T. ) ;
#2627 = EDGE_CURVE ( 'NONE', #2428, #2783, #5012, .T. ) ;
#2628 = EDGE_CURVE ( 'NONE', #2402, #2881, #1612, .T. ) ;
#2629 = DIRECTION ( 'NONE',  ( 0.000000000000000000, -1.000000000000000000, 0.000000000000000000 ) ) ;
#2630 = CIRCLE ( 'NONE', #1147, 0.1000000000000002692 ) ;
#2631 = CARTESIAN_POINT ( 'NONE',  ( 5.356997229032999464, 0.4000000000000000222, -11.03266418667999993 ) ) ;
#2632 = DIRECTION ( 'NONE',  ( -0.7071067811865442421, 0.7071067811865509034, 0.000000000000000000 ) ) ;
#2633 = ADVANCED_FACE ( 'NONE', ( #1662 ), #6544, .T. ) ;
#2634 = EDGE_LOOP ( 'NONE', ( #2714, #3042, #9102, #4679, #3659, #735 ) ) ;
#2635 = CARTESIAN_POINT ( 'NONE',  ( 1.880462857232000129, 4.000000000000000000, -21.01999999999999957 ) ) ;
#2636 = DIRECTION ( 'NONE',  ( 1.000000000000000000, 0.000000000000000000, 0.000000000000000000 ) ) ;
#2637 = LINE ( 'NONE', #870, #4133 ) ;
#2638 = AXIS2_PLACEMENT_3D ( 'NONE', #5437, #10766, #11475 ) ;
#2639 = LINE ( 'NONE', #8198, #9589 ) ;
#2640 = CIRCLE ( 'NONE', #4901, 1.574999999999999289 ) ;
#2641 = DIRECTION ( 'NONE',  ( -0.1961161351382035567, 0.9805806756909162258, 0.000000000000000000 ) ) ;
#2642 = ORIENTED_EDGE ( 'NONE', *, *, #952, .T. ) ;
#2643 = CARTESIAN_POINT ( 'NONE',  ( 1.470133353637002482, 4.334926826666995581, -13.56440593604600231 ) ) ;
#2644 = AXIS2_PLACEMENT_3D ( 'NONE', #5717, #8347, #5531 ) ;
#2645 = CARTESIAN_POINT ( 'NONE',  ( 5.440503441113000882, 4.000000000000000000, -9.259959416120000952 ) ) ;
#2646 = CIRCLE ( 'NONE', #2296, 0.1999999999999987899 ) ;
#2647 = DIRECTION ( 'NONE',  ( 0.000000000000000000, -1.000000000000000000, 0.000000000000000000 ) ) ;
#2648 = CARTESIAN_POINT ( 'NONE',  ( 3.235462857232000111, 4.000000000000000000, -6.490000000000000213 ) ) ;
#2649 = SPHERICAL_SURFACE ( 'NONE', #2804, 0.1000000000000000056 ) ;
#2650 = ORIENTED_EDGE ( 'NONE', *, *, #8531, .F. ) ;
#2651 = VECTOR ( 'NONE', #4449, 1000.000000000000227 ) ;
#2652 = AXIS2_PLACEMENT_3D ( 'NONE', #2993, #10255, #2294 ) ;
#2653 = CARTESIAN_POINT ( 'NONE',  ( 14.93579762883479845, 17.10000000000000142, -16.65417823791529983 ) ) ;
#2654 = B_SPLINE_CURVE_WITH_KNOTS ( 'NONE', 3,
 ( #11600, #9154, #10841, #4517 ),
 .UNSPECIFIED., .F., .F.,
 ( 4, 4 ),
 ( 0.000000000000000000, 1.000000000000000000 ),
 .UNSPECIFIED. ) ;
#2655 = LINE ( 'NONE', #8757, #11108 ) ;
#2656 = ORIENTED_EDGE ( 'NONE', *, *, #3521, .F. ) ;
#2657 = FACE_OUTER_BOUND ( 'NONE', #155, .T. ) ;
#2658 = DIRECTION ( 'NONE',  ( 0.000000000000000000, 1.000000000000000000, 0.000000000000000000 ) ) ;
#2659 = AXIS2_PLACEMENT_3D ( 'NONE', #4394, #3494, #10189 ) ;
#2660 = DIRECTION ( 'NONE',  ( -0.6728772455789959750, 0.000000000000000000, 0.7397541567183137934 ) ) ;
#2661 = CIRCLE ( 'NONE', #7166, 0.2300000000000010369 ) ;
#2662 = DIRECTION ( 'NONE',  ( -1.000000000000000000, 0.000000000000000000, 0.000000000000000000 ) ) ;
#2663 = CYLINDRICAL_SURFACE ( 'NONE', #2575, 0.2300000000000000100 ) ;
#2664 = VERTEX_POINT ( 'NONE', #6956 ) ;
#2665 = DIRECTION ( 'NONE',  ( 0.000000000000000000, 1.000000000000000000, 0.000000000000000000 ) ) ;
#2666 = DIRECTION ( 'NONE',  ( 0.001485959642860470173, 0.000000000000000000, -0.9999988959613604900 ) ) ;
#2667 = VERTEX_POINT ( 'NONE', #9532 ) ;
#2668 = VECTOR ( 'NONE', #7033, 1000.000000000000000 ) ;
#2669 = DIRECTION ( 'NONE',  ( 0.000000000000000000, -1.000000000000000000, 0.000000000000000000 ) ) ;
#2670 = VECTOR ( 'NONE', #3412, 1000.000000000000000 ) ;
#2671 = VERTEX_POINT ( 'NONE', #5136 ) ;
#2672 = AXIS2_PLACEMENT_3D ( 'NONE', #6710, #9237, #1309 ) ;
#2673 = VERTEX_POINT ( 'NONE', #4368 ) ;
#2674 = ORIENTED_EDGE ( 'NONE', *, *, #1344, .T. ) ;
#2675 = ORIENTED_EDGE ( 'NONE', *, *, #9491, .T. ) ;
#2676 = CARTESIAN_POINT ( 'NONE',  ( 3.750462857232000236, 4.000000000000000000, -9.232159127970000156 ) ) ;
#2677 = PLANE ( 'NONE',  #719 ) ;
#2678 = EDGE_CURVE ( 'NONE', #1172, #5657, #8659, .T. ) ;
#2679 = CARTESIAN_POINT ( 'NONE',  ( 16.87050344111299793, 0.5000000000000000000, -9.259959416120000952 ) ) ;
#2680 = EDGE_CURVE ( 'NONE', #10472, #8944, #5959, .T. ) ;
#2681 = CARTESIAN_POINT ( 'NONE',  ( 14.78046285723200093, 4.000000000000000000, -9.955673334989999290 ) ) ;
#2682 = ORIENTED_EDGE ( 'NONE', *, *, #2982, .T. ) ;
#2683 = EDGE_CURVE ( 'NONE', #11406, #11535, #10356, .T. ) ;
#2684 = CARTESIAN_POINT ( 'NONE',  ( 14.64471057628099970, 17.30000000000000071, -16.65417823791499785 ) ) ;
#2685 = ORIENTED_EDGE ( 'NONE', *, *, #1424, .F. ) ;
#2686 =( BOUNDED_SURFACE ( )  B_SPLINE_SURFACE ( 3, 3, ( 
 ( #6318, #9885, #9018, #8315 ),
 ( #4739, #147, #275, #7245 ),
 ( #1912, #983, #3841, #2789 ),
 ( #8126, #2961, #9951, #5499 ) ),
 .UNSPECIFIED., .F., .F., .F. ) 
 B_SPLINE_SURFACE_WITH_KNOTS ( ( 4, 4 ),
 ( 4, 4 ),
 ( 0.000000000000000000, 1.000000000000000000 ),
 ( 0.000000000000000000, 1.000000000000000000 ),
 .UNSPECIFIED. ) 
 GEOMETRIC_REPRESENTATION_ITEM ( )  RATIONAL_B_SPLINE_SURFACE ( (
 ( 1.826639217224000022, 1.203690208500999947, 1.203690208500999947, 1.826639217224000022),
 ( 1.182697249577000065, 0.7793553787268999722, 0.7793553787268999722, 1.182697249577000065),
 ( 1.182697249577000065, 0.7793553787268999722, 0.7793553787268999722, 1.182697249577000065),
 ( 1.826639217224000022, 1.203690208500999947, 1.203690208500999947, 1.826639217224000022) ) ) 
 REPRESENTATION_ITEM ( '' )  SURFACE ( )  );
#2687 = VERTEX_POINT ( 'NONE', #788 ) ;
#2688 = ORIENTED_EDGE ( 'NONE', *, *, #5127, .F. ) ;
#2689 = SPHERICAL_SURFACE ( 'NONE', #6935, 0.1000000000000000056 ) ;
#2690 = FACE_OUTER_BOUND ( 'NONE', #1201, .T. ) ;
#2691 = CARTESIAN_POINT ( 'NONE',  ( 1.880462857232000129, 17.06999999999999673, -0.2300000000000000100 ) ) ;
#2692 = ORIENTED_EDGE ( 'NONE', *, *, #11020, .F. ) ;
#2693 = LINE ( 'NONE', #4341, #6557 ) ;
#2694 = EDGE_CURVE ( 'NONE', #9481, #5897, #9900, .T. ) ;
#2695 = ADVANCED_FACE ( 'NONE', ( #8712 ), #7719, .T. ) ;
#2696 = PLANE ( 'NONE',  #9783 ) ;
#2697 = CARTESIAN_POINT ( 'NONE',  ( 10.99081109736899897, 17.30000000000000071, -16.37841224074399804 ) ) ;
#2698 = EDGE_CURVE ( 'NONE', #3678, #3634, #3252, .T. ) ;
#2699 = DIRECTION ( 'NONE',  ( 0.000000000000000000, 0.000000000000000000, 1.000000000000000000 ) ) ;
#2700 = CARTESIAN_POINT ( 'NONE',  ( 15.48046285723199844, 3.700000000000000178, -12.36784087202799931 ) ) ;
#2701 = ORIENTED_EDGE ( 'NONE', *, *, #11085, .F. ) ;
#2702 = ORIENTED_EDGE ( 'NONE', *, *, #6434, .F. ) ;
#2703 = FACE_OUTER_BOUND ( 'NONE', #5702, .T. ) ;
#2704 = CARTESIAN_POINT ( 'NONE',  ( 3.850462857231999880, 3.700000000000000178, -14.75000000000000000 ) ) ;
#2705 = EDGE_CURVE ( 'NONE', #8819, #5435, #8761, .T. ) ;
#2706 = LINE ( 'NONE', #5463, #6386 ) ;
#2707 = CARTESIAN_POINT ( 'NONE',  ( 13.77518039242800185, 4.000000000000000000, -11.04843802984000156 ) ) ;
#2708 = CARTESIAN_POINT ( 'NONE',  ( 15.29228167395999982, 17.30000000000000071, -17.20687313279400144 ) ) ;
#2709 = VERTEX_POINT ( 'NONE', #2373 ) ;
#2710 = CARTESIAN_POINT ( 'NONE',  ( 12.56546285723199929, 4.000000000000000000, -17.32499999999999929 ) ) ;
#2711 = FACE_OUTER_BOUND ( 'NONE', #11523, .T. ) ;
#2712 = ORIENTED_EDGE ( 'NONE', *, *, #268, .T. ) ;
#2713 = DIRECTION ( 'NONE',  ( -1.000000000000000000, 0.000000000000000000, 0.000000000000000000 ) ) ;
#2714 = ORIENTED_EDGE ( 'NONE', *, *, #8632, .F. ) ;
#2715 = LINE ( 'NONE', #10687, #4723 ) ;
#2716 = CARTESIAN_POINT ( 'NONE',  ( 6.215462857231999649, 0.5000000000000000000, -19.51500000000000057 ) ) ;
#2717 = DIRECTION ( 'NONE',  ( 0.000000000000000000, -1.000000000000000000, 0.000000000000000000 ) ) ;
#2718 = LINE ( 'NONE', #5306, #7643 ) ;
#2719 = ORIENTED_EDGE ( 'NONE', *, *, #4470, .F. ) ;
#2720 = FACE_OUTER_BOUND ( 'NONE', #6997, .T. ) ;
#2721 = CARTESIAN_POINT ( 'NONE',  ( 17.58046285723199986, 17.30000000000000071, -21.25000000000000000 ) ) ;
#2722 = VERTEX_POINT ( 'NONE', #4194 ) ;
#2723 = CARTESIAN_POINT ( 'NONE',  ( 17.76079236082700064, 4.480504497176994505, -13.70998360655599946 ) ) ;
#2724 = LINE ( 'NONE', #1838, #3584 ) ;
#2725 = ORIENTED_EDGE ( 'NONE', *, *, #11309, .T. ) ;
#2726 = VERTEX_POINT ( 'NONE', #7773 ) ;
#2727 = CARTESIAN_POINT ( 'NONE',  ( 9.615462857231998228, 0.000000000000000000, -21.25000000000000000 ) ) ;
#2728 = DIRECTION ( 'NONE',  ( 0.000000000000000000, -1.000000000000000000, 0.000000000000000000 ) ) ;
#2729 = DIRECTION ( 'NONE',  ( -0.06374322529214698774, 0.000000000000000000, -0.9979663327133607709 ) ) ;
#2730 = DIRECTION ( 'NONE',  ( 0.000000000000000000, 0.000000000000000000, 1.000000000000000000 ) ) ;
#2731 = EDGE_LOOP ( 'NONE', ( #8297, #10415, #2381, #10307 ) ) ;
#2732 = LINE ( 'NONE', #45, #5839 ) ;
#2733 = VERTEX_POINT ( 'NONE', #670 ) ;
#2734 = ORIENTED_EDGE ( 'NONE', *, *, #1561, .T. ) ;
#2735 = VERTEX_POINT ( 'NONE', #4246 ) ;
#2736 = EDGE_CURVE ( 'NONE', #8575, #5439, #8204, .T. ) ;
#2737 = ORIENTED_EDGE ( 'NONE', *, *, #3265, .F. ) ;
#2738 = CARTESIAN_POINT ( 'NONE',  ( 10.90348519061599930, 17.30000000000000071, -15.45000000000000107 ) ) ;
#2739 = CARTESIAN_POINT ( 'NONE',  ( 2.443928485430999942, 4.000000000000000000, -10.56733581331999972 ) ) ;
#2740 = CARTESIAN_POINT ( 'NONE',  ( 2.437554162901999888, 0.5000000000000000000, -11.13246081994999948 ) ) ;
#2741 = LINE ( 'NONE', #9733, #914 ) ;
#2742 = VERTEX_POINT ( 'NONE', #8052 ) ;
#2743 = CARTESIAN_POINT ( 'NONE',  ( 15.76546285723199858, 9.679999999999999716, 0.000000000000000000 ) ) ;
#2744 = CARTESIAN_POINT ( 'NONE',  ( 13.32716239665476010, 17.10000000000000142, -16.98816152254494938 ) ) ;
#2745 = CARTESIAN_POINT ( 'NONE',  ( 15.76546285723199858, 11.67999999999999972, 0.000000000000000000 ) ) ;
#2746 = EDGE_CURVE ( 'NONE', #5931, #5744, #1480, .T. ) ;
#2747 = FACE_OUTER_BOUND ( 'NONE', #9829, .T. ) ;
#2748 = EDGE_CURVE ( 'NONE', #8927, #1229, #7057, .T. ) ;
#2749 = EDGE_LOOP ( 'NONE', ( #5560, #9418, #8414, #3344 ) ) ;
#2750 = ORIENTED_EDGE ( 'NONE', *, *, #2128, .F. ) ;
#2751 = ADVANCED_FACE ( 'NONE', ( #9819 ), #2593, .T. ) ;
#2752 = ADVANCED_FACE ( 'NONE', ( #1079 ), #8999, .T. ) ;
#2753 = DIRECTION ( 'NONE',  ( -1.000000000000000000, 0.000000000000000000, 0.000000000000000000 ) ) ;
#2754 = ADVANCED_FACE ( 'NONE', ( #1779 ), #7993, .T. ) ;
#2755 = EDGE_CURVE ( 'NONE', #3067, #1121, #4539, .T. ) ;
#2756 = DIRECTION ( 'NONE',  ( 0.000000000000000000, 0.000000000000000000, -1.000000000000000000 ) ) ;
#2757 = VECTOR ( 'NONE', #374, 1000.000000000000000 ) ;
#2758 = FACE_OUTER_BOUND ( 'NONE', #802, .T. ) ;
#2759 = LINE ( 'NONE', #124, #2230 ) ;
#2760 = FACE_OUTER_BOUND ( 'NONE', #2122, .T. ) ;
#2761 = ORIENTED_EDGE ( 'NONE', *, *, #10083, .T. ) ;
#2762 = DIRECTION ( 'NONE',  ( 0.000000000000000000, 0.000000000000000000, 1.000000000000000000 ) ) ;
#2763 = CARTESIAN_POINT ( 'NONE',  ( 15.52700791484399900, 17.10000000000000142, -17.56236614695500009 ) ) ;
#2764 = ORIENTED_EDGE ( 'NONE', *, *, #5498, .T. ) ;
#2765 = VECTOR ( 'NONE', #3655, 1000.000000000000000 ) ;
#2766 = CARTESIAN_POINT ( 'NONE',  ( 3.900462857232000147, 0.5000000000000000000, -10.80000000000000071 ) ) ;
#2767 = EDGE_CURVE ( 'NONE', #4567, #3431, #9157, .T. ) ;
#2768 = EDGE_CURVE ( 'NONE', #4259, #7241, #7232, .T. ) ;
#2769 = ORIENTED_EDGE ( 'NONE', *, *, #1561, .F. ) ;
#2770 = CARTESIAN_POINT ( 'NONE',  ( 2.443928485430999942, 4.000000000000000000, -11.03266418667999993 ) ) ;
#2771 = DIRECTION ( 'NONE',  ( -0.1961161351382035567, 0.9805806756909163369, 0.000000000000000000 ) ) ;
#2772 = DIRECTION ( 'NONE',  ( 0.000000000000000000, 0.000000000000000000, -1.000000000000000000 ) ) ;
#2773 = CARTESIAN_POINT ( 'NONE',  ( 3.568002037280999961, 4.000000000000000000, -12.26290869432999919 ) ) ;
#2774 = VERTEX_POINT ( 'NONE', #10688 ) ;
#2775 = VECTOR ( 'NONE', #6446, 1000.000000000000000 ) ;
#2776 = CYLINDRICAL_SURFACE ( 'NONE', #376, 0.2300000000000010369 ) ;
#2777 = FACE_BOUND ( 'NONE', #10319, .T. ) ;
#2778 = ORIENTED_EDGE ( 'NONE', *, *, #2858, .T. ) ;
#2779 = CIRCLE ( 'NONE', #1845, 0.1500000000000008271 ) ;
#2780 = DIRECTION ( 'NONE',  ( 1.000000000000000000, 0.000000000000000000, 0.000000000000000000 ) ) ;
#2781 = CARTESIAN_POINT ( 'NONE',  ( 1.880462857232000129, 4.230000000000000426, 0.000000000000000000 ) ) ;
#2782 = EDGE_LOOP ( 'NONE', ( #4959, #225, #6736, #4032 ) ) ;
#2783 = VERTEX_POINT ( 'NONE', #5534 ) ;
#2784 = LINE ( 'NONE', #1789, #789 ) ;
#2785 = AXIS2_PLACEMENT_3D ( 'NONE', #10915, #5581, #9861 ) ;
#2786 = DIRECTION ( 'NONE',  ( 0.000000000000000000, 0.000000000000000000, -1.000000000000000000 ) ) ;
#2787 = VECTOR ( 'NONE', #6580, 1000.000000000000000 ) ;
#2788 = VECTOR ( 'NONE', #358, 1000.000000000000000 ) ;
#2789 = CARTESIAN_POINT ( 'NONE',  ( 17.72482299013098839, 0.7325790969110055340, -13.98002886297199332 ) ) ;
#2790 = DIRECTION ( 'NONE',  ( 1.000000000000000000, 0.000000000000000000, 0.000000000000000000 ) ) ;
#2791 = ORIENTED_EDGE ( 'NONE', *, *, #7266, .F. ) ;
#2792 = AXIS2_PLACEMENT_3D ( 'NONE', #4947, #6597, #9403 ) ;
#2793 = CARTESIAN_POINT ( 'NONE',  ( 12.61170228694399853, 17.30000000000000071, -16.30027856230699612 ) ) ;
#2794 = ORIENTED_EDGE ( 'NONE', *, *, #2349, .T. ) ;
#2795 = VECTOR ( 'NONE', #2453, 1000.000000000000227 ) ;
#2796 = VECTOR ( 'NONE', #5449, 1000.000000000000000 ) ;
#2797 = ORIENTED_EDGE ( 'NONE', *, *, #6335, .T. ) ;
#2798 = ORIENTED_EDGE ( 'NONE', *, *, #11501, .F. ) ;
#2799 = ORIENTED_EDGE ( 'NONE', *, *, #7707, .F. ) ;
#2800 = PLANE ( 'NONE',  #347 ) ;
#2801 = CARTESIAN_POINT ( 'NONE',  ( 9.205462857231999863, 0.5000000000000000000, -19.51500000000000057 ) ) ;
#2802 = CARTESIAN_POINT ( 'NONE',  ( 6.315462857232000182, 0.000000000000000000, -19.86500000000000199 ) ) ;
#2803 = VECTOR ( 'NONE', #6779, 1000.000000000000000 ) ;
#2804 = AXIS2_PLACEMENT_3D ( 'NONE', #7279, #7172, #947 ) ;
#2805 = DIRECTION ( 'NONE',  ( 0.9979663327133606598, 0.000000000000000000, 0.06374322529215076250 ) ) ;
#2806 = ORIENTED_EDGE ( 'NONE', *, *, #2209, .F. ) ;
#2807 = LINE ( 'NONE', #10144, #11587 ) ;
#2808 = PLANE ( 'NONE',  #2262 ) ;
#2809 = CARTESIAN_POINT ( 'NONE',  ( 14.96184219096700119, 17.30000000000000071, -17.64999999999999858 ) ) ;
#2810 = DIRECTION ( 'NONE',  ( 0.000000000000000000, 0.000000000000000000, -1.000000000000000000 ) ) ;
#2811 = VECTOR ( 'NONE', #8984, 1000.000000000000000 ) ;
#2812 = ORIENTED_EDGE ( 'NONE', *, *, #630, .T. ) ;
#2813 = AXIS2_PLACEMENT_3D ( 'NONE', #3171, #6829, #8574 ) ;
#2814 = ORIENTED_EDGE ( 'NONE', *, *, #3381, .F. ) ;
#2815 = DIRECTION ( 'NONE',  ( -1.000000000000000000, 0.000000000000000000, 0.000000000000000000 ) ) ;
#2816 = EDGE_CURVE ( 'NONE', #7455, #1624, #5596, .T. ) ;
#2817 = B_SPLINE_CURVE_WITH_KNOTS ( 'NONE', 3,
 ( #6419, #7401, #5469, #5349 ),
 .UNSPECIFIED., .F., .F.,
 ( 4, 4 ),
 ( 0.000000000000000000, 1.000000000000000000 ),
 .UNSPECIFIED. ) ;
#2818 = DIRECTION ( 'NONE',  ( 0.000000000000000000, 0.000000000000000000, 1.000000000000000000 ) ) ;
#2819 = EDGE_CURVE ( 'NONE', #10742, #2311, #9533, .T. ) ;
#2820 = CIRCLE ( 'NONE', #3205, 0.1000000000000001166 ) ;
#2821 = LINE ( 'NONE', #8039, #2444 ) ;
#2822 = DIRECTION ( 'NONE',  ( 0.000000000000000000, 0.000000000000000000, -1.000000000000000000 ) ) ;
#2823 = CARTESIAN_POINT ( 'NONE',  ( 13.93546285723200029, 0.000000000000000000, -19.51500000000000057 ) ) ;
#2824 = ORIENTED_EDGE ( 'NONE', *, *, #5848, .F. ) ;
#2825 = LINE ( 'NONE', #1018, #7916 ) ;
#2826 = EDGE_CURVE ( 'NONE', #11468, #2554, #5356, .T. ) ;
#2827 = DIRECTION ( 'NONE',  ( -0.7011213444061837885, -0.1298372860010969521, 0.7011213444061837885 ) ) ;
#2828 = EDGE_LOOP ( 'NONE', ( #4953, #690, #5195, #1575 ) ) ;
#2829 = PRESENTATION_LAYER_ASSIGNMENT (  '', '', ( #2459 ) ) ;
#2830 = VECTOR ( 'NONE', #7772, 1000.000000000000000 ) ;
#2831 = CARTESIAN_POINT ( 'NONE',  ( 16.87050344111299793, 4.000000000000000000, -12.34004058388099878 ) ) ;
#2832 = EDGE_CURVE ( 'NONE', #9250, #11153, #10864, .T. ) ;
#2833 = ADVANCED_FACE ( 'NONE', ( #9117 ), #11505, .T. ) ;
#2834 = ORIENTED_EDGE ( 'NONE', *, *, #4268, .F. ) ;
#2835 = DIRECTION ( 'NONE',  ( -6.661338147750000183E-14, 0.000000000000000000, -1.000000000000000000 ) ) ;
#2836 = CARTESIAN_POINT ( 'NONE',  ( 15.56546285723199929, 9.679999999999999716, -0.4500000000000000111 ) ) ;
#2837 = VECTOR ( 'NONE', #6576, 1000.000000000000000 ) ;
#2838 = B_SPLINE_CURVE_WITH_KNOTS ( 'NONE', 3,
 ( #6983, #2521, #6103, #9673 ),
 .UNSPECIFIED., .F., .F.,
 ( 4, 4 ),
 ( 0.000000000000000000, 1.000000000000000000 ),
 .UNSPECIFIED. ) ;
#2839 = VECTOR ( 'NONE', #5327, 1000.000000000000000 ) ;
#2840 = DIRECTION ( 'NONE',  ( -1.000000000000000000, 0.000000000000000000, 0.000000000000000000 ) ) ;
#2841 = AXIS2_PLACEMENT_3D ( 'NONE', #6708, #5761, #10391 ) ;
#2842 = CARTESIAN_POINT ( 'NONE',  ( 3.900462857232000147, 3.600000000000000089, -10.80000000000000071 ) ) ;
#2843 = ORIENTED_EDGE ( 'NONE', *, *, #9572, .F. ) ;
#2844 = LINE ( 'NONE', #1958, #6003 ) ;
#2845 = LINE ( 'NONE', #86, #922 ) ;
#2846 = ORIENTED_EDGE ( 'NONE', *, *, #10010, .F. ) ;
#2847 = LINE ( 'NONE', #10936, #3788 ) ;
#2848 = ADVANCED_FACE ( 'NONE', ( #5304 ), #8938, .T. ) ;
#2849 = EDGE_CURVE ( 'NONE', #1342, #11344, #8885, .T. ) ;
#2850 = EDGE_CURVE ( 'NONE', #7143, #152, #4473, .T. ) ;
#2851 = CARTESIAN_POINT ( 'NONE',  ( 1.804199456112657307, 4.153740473240156383, -0.01300913090970632832 ) ) ;
#2852 = AXIS2_PLACEMENT_3D ( 'NONE', #7114, #5409, #5975 ) ;
#2853 = ORIENTED_EDGE ( 'NONE', *, *, #3333, .F. ) ;
#2854 = VECTOR ( 'NONE', #1671, 1000.000000000000000 ) ;
#2855 = ORIENTED_EDGE ( 'NONE', *, *, #3315, .T. ) ;
#2856 = AXIS2_PLACEMENT_3D ( 'NONE', #10656, #2624, #5267 ) ;
#2857 = FACE_OUTER_BOUND ( 'NONE', #7304, .T. ) ;
#2858 = EDGE_CURVE ( 'NONE', #240, #9577, #5606, .T. ) ;
#2859 = LINE ( 'NONE', #7191, #2775 ) ;
#2860 = LINE ( 'NONE', #8244, #4271 ) ;
#2861 = CARTESIAN_POINT ( 'NONE',  ( 15.76546285723199858, 7.450000000000000178, -0.2500000000000000000 ) ) ;
#2862 = ORIENTED_EDGE ( 'NONE', *, *, #7409, .T. ) ;
#2863 = COLOUR_RGB ( '',0.7921568627450980005, 0.8196078431372548767, 0.9333333333333333481 ) ;
#2864 = VECTOR ( 'NONE', #2370, 1000.000000000000000 ) ;
#2865 = CARTESIAN_POINT ( 'NONE',  ( 16.42783201400199999, 6.500000000000000000, -0.2000000000000000111 ) ) ;
#2866 = ORIENTED_EDGE ( 'NONE', *, *, #10370, .T. ) ;
#2867 = ORIENTED_EDGE ( 'NONE', *, *, #7853, .T. ) ;
#2868 = ORIENTED_EDGE ( 'NONE', *, *, #10578, .F. ) ;
#2869 = ORIENTED_EDGE ( 'NONE', *, *, #6341, .T. ) ;
#2870 = VECTOR ( 'NONE', #8385, 1000.000000000000114 ) ;
#2871 = CARTESIAN_POINT ( 'NONE',  ( 7.485462857232000111, 4.000000000000000000, -16.97500000000000142 ) ) ;
#2872 = DIRECTION ( 'NONE',  ( 0.000000000000000000, -1.000000000000000000, 0.000000000000000000 ) ) ;
#2873 = LINE ( 'NONE', #6330, #5883 ) ;
#2874 = LINE ( 'NONE', #10958, #5600 ) ;
#2875 = ORIENTED_EDGE ( 'NONE', *, *, #7047, .T. ) ;
#2876 = DIRECTION ( 'NONE',  ( 0.000000000000000000, 0.000000000000000000, -1.000000000000000000 ) ) ;
#2877 = CARTESIAN_POINT ( 'NONE',  ( 15.72479451957689989, 17.10000000000000142, -17.42479105646184934 ) ) ;
#2878 = DIRECTION ( 'NONE',  ( 0.000000000000000000, 1.000000000000000000, 0.000000000000000000 ) ) ;
#2879 = CARTESIAN_POINT ( 'NONE',  ( 15.47995980478541789, 3.644366529710962865, -12.36788900055148410 ) ) ;
#2880 = ORIENTED_EDGE ( 'NONE', *, *, #4144, .T. ) ;
#2881 = VERTEX_POINT ( 'NONE', #3763 ) ;
#2882 = LINE ( 'NONE', #9458, #6227 ) ;
#2883 = LINE ( 'NONE', #5756, #2788 ) ;
#2884 = LINE ( 'NONE', #1814, #2811 ) ;
#2885 = DIRECTION ( 'NONE',  ( 0.000000000000000000, -1.000000000000000000, 0.000000000000000000 ) ) ;
#2886 = CARTESIAN_POINT ( 'NONE',  ( 13.95546285723199986, 4.000000000000000000, -6.989999999999999325 ) ) ;
#2887 = ORIENTED_EDGE ( 'NONE', *, *, #7986, .T. ) ;
#2888 = CARTESIAN_POINT ( 'NONE',  ( 11.74546285723200079, 0.5000000000000000000, -19.51500000000000057 ) ) ;
#2889 = CARTESIAN_POINT ( 'NONE',  ( 7.163791668162000192, 17.10000000000000142, -16.83955427408200123 ) ) ;
#2890 = VERTEX_POINT ( 'NONE', #7356 ) ;
#2891 = ORIENTED_EDGE ( 'NONE', *, *, #2048, .T. ) ;
#2892 = ADVANCED_FACE ( 'NONE', ( #2249 ), #5592, .T. ) ;
#2893 = ADVANCED_FACE ( 'NONE', ( #4013 ), #372, .T. ) ;
#2894 = PLANE ( 'NONE',  #8269 ) ;
#2895 = ORIENTED_EDGE ( 'NONE', *, *, #9868, .F. ) ;
#2896 = PLANE ( 'NONE',  #7716 ) ;
#2897 = LINE ( 'NONE', #5769, #4664 ) ;
#2898 = EDGE_CURVE ( 'NONE', #8288, #1212, #9412, .T. ) ;
#2899 = DIRECTION ( 'NONE',  ( 0.000000000000000000, 0.000000000000000000, -1.000000000000000000 ) ) ;
#2900 = CARTESIAN_POINT ( 'NONE',  ( 17.58046285723199986, 4.000000000000000000, -13.23000000000000043 ) ) ;
#2901 = ORIENTED_EDGE ( 'NONE', *, *, #8581, .T. ) ;
#2902 = PLANE ( 'NONE',  #9555 ) ;
#2903 = DIRECTION ( 'NONE',  ( 0.000000000000000000, 0.000000000000000000, -1.000000000000000000 ) ) ;
#2904 = ORIENTED_EDGE ( 'NONE', *, *, #10733, .F. ) ;
#2905 = DIRECTION ( 'NONE',  ( 0.000000000000000000, 0.000000000000000000, -1.000000000000000000 ) ) ;
#2906 = DIRECTION ( 'NONE',  ( 1.000000000000000000, 0.000000000000000000, 0.000000000000000000 ) ) ;
#2907 = ORIENTED_EDGE ( 'NONE', *, *, #3120, .F. ) ;
#2908 = CARTESIAN_POINT ( 'NONE',  ( 13.56546285723199929, 6.400000000000000355, -0.2500000000000000000 ) ) ;
#2909 = CARTESIAN_POINT ( 'NONE',  ( 13.50181416394920042, 17.10000000000000142, -16.36309189034965073 ) ) ;
#2910 = EDGE_CURVE ( 'NONE', #4392, #4021, #8033, .T. ) ;
#2911 = EDGE_CURVE ( 'NONE', #9097, #6100, #3824, .T. ) ;
#2912 = DIRECTION ( 'NONE',  ( 0.000000000000000000, 0.000000000000000000, -1.000000000000000000 ) ) ;
#2913 = DIRECTION ( 'NONE',  ( 1.000000000000000000, 0.000000000000000000, 0.000000000000000000 ) ) ;
#2914 = DIRECTION ( 'NONE',  ( 0.000000000000000000, -1.000000000000000000, 0.000000000000000000 ) ) ;
#2915 = VERTEX_POINT ( 'NONE', #5662 ) ;
#2916 = DIRECTION ( 'NONE',  ( 1.000000000000000000, 0.000000000000000000, 0.000000000000000000 ) ) ;
#2918 = EDGE_CURVE ( 'NONE', #5084, #9540, #2897, .T. ) ;
#2917 = CARTESIAN_POINT ( 'NONE',  ( 8.113652288661000966, 17.10000000000000142, -17.64999999999999858 ) ) ;
#2919 = ORIENTED_EDGE ( 'NONE', *, *, #7726, .F. ) ;
#2920 = ORIENTED_EDGE ( 'NONE', *, *, #5991, .T. ) ;
#2921 = EDGE_LOOP ( 'NONE', ( #7736, #7493, #3308, #8318 ) ) ;
#2922 = VERTEX_POINT ( 'NONE', #4893 ) ;
#2923 = FACE_OUTER_BOUND ( 'NONE', #7199, .T. ) ;
#2924 = DIRECTION ( 'NONE',  ( 0.000000000000000000, -1.000000000000000000, 0.000000000000000000 ) ) ;
#2925 = EDGE_CURVE ( 'NONE', #10952, #867, #3125, .T. ) ;
#2926 = EDGE_CURVE ( 'NONE', #3924, #6809, #4355, .T. ) ;
#2927 = CARTESIAN_POINT ( 'NONE',  ( 1.500462857232000013, 0.7900000000000000355, -13.84113101483900188 ) ) ;
#2928 = CARTESIAN_POINT ( 'NONE',  ( 1.506102724332999854, 0.6950250329679986683, -13.86996359987699989 ) ) ;
#2929 = ORIENTED_EDGE ( 'NONE', *, *, #5571, .T. ) ;
#2930 = DIRECTION ( 'NONE',  ( 0.000000000000000000, 1.000000000000000000, 0.000000000000000000 ) ) ;
#2931 = CARTESIAN_POINT ( 'NONE',  ( 6.665462857231999827, 4.000000000000000000, -19.86500000000000199 ) ) ;
#2932 = PLANE ( 'NONE',  #4336 ) ;
#2933 = CARTESIAN_POINT ( 'NONE',  ( 6.265462857232000360, 0.2500000000000000000, -19.68999999999999773 ) ) ;
#2934 = ORIENTED_EDGE ( 'NONE', *, *, #6126, .T. ) ;
#2935 = VERTEX_POINT ( 'NONE', #8225 ) ;
#2936 = DIRECTION ( 'NONE',  ( 1.000000000000000000, 0.000000000000000000, 0.000000000000000000 ) ) ;
#2937 = CARTESIAN_POINT ( 'NONE',  ( 13.27966912959599988, 17.10000000000000142, -16.30027856230699612 ) ) ;
#2938 = LINE ( 'NONE', #1070, #9742 ) ;
#2939 = ORIENTED_EDGE ( 'NONE', *, *, #342, .T. ) ;
#2940 = VERTEX_POINT ( 'NONE', #2076 ) ;
#2941 = SURFACE_SIDE_STYLE ('',( #1947 ) ) ;
#2942 = CARTESIAN_POINT ( 'NONE',  ( 15.09779867055200064, 0.4000000000000000222, -9.343465628199998818 ) ) ;
#2943 = EDGE_LOOP ( 'NONE', ( #1056, #5494, #473, #3578 ) ) ;
#2944 = LINE ( 'NONE', #6537, #5270 ) ;
#2945 = VERTEX_POINT ( 'NONE', #3944 ) ;
#2946 = DIRECTION ( 'NONE',  ( -1.000000000000000000, 0.000000000000000000, 0.000000000000000000 ) ) ;
#2947 = CARTESIAN_POINT ( 'NONE',  ( 3.465462857232000093, 7.315000000000000391, -0.2500000000000000000 ) ) ;
#2948 = CYLINDRICAL_SURFACE ( 'NONE', #10644, 0.1000000000000002554 ) ;
#2949 = CARTESIAN_POINT ( 'NONE',  ( 10.99081109736899897, 17.10000000000000142, -16.37841224074399804 ) ) ;
#2950 = ORIENTED_EDGE ( 'NONE', *, *, #1822, .T. ) ;
#2951 = CARTESIAN_POINT ( 'NONE',  ( 9.615462857231998228, 10.65000000000000036, -0.2500000000000000000 ) ) ;
#2952 = LINE ( 'NONE', #3883, #6763 ) ;
#2953 = VERTEX_POINT ( 'NONE', #3016 ) ;
#2954 = CARTESIAN_POINT ( 'NONE',  ( 15.82284425332425037, 17.30000000000000071, -17.22409469141155114 ) ) ;
#2955 = VERTEX_POINT ( 'NONE', #6608 ) ;
#2956 = AXIS2_PLACEMENT_3D ( 'NONE', #8763, #727, #7890 ) ;
#2957 = ORIENTED_EDGE ( 'NONE', *, *, #5848, .T. ) ;
#2958 = EDGE_CURVE ( 'NONE', #5024, #7565, #3347, .T. ) ;
#2959 = LINE ( 'NONE', #3891, #10335 ) ;
#2960 = CARTESIAN_POINT ( 'NONE',  ( 7.010588299974999771, 17.30000000000000071, -15.45000000000000107 ) ) ;
#2961 = CARTESIAN_POINT ( 'NONE',  ( 17.66715801717102252, 0.8830524835500037639, -14.16538525908100077 ) ) ;
#2962 = DIRECTION ( 'NONE',  ( 0.000000000000000000, 0.000000000000000000, 1.000000000000000000 ) ) ;
#2963 = VECTOR ( 'NONE', #2912, 1000.000000000000000 ) ;
#2964 = DIRECTION ( 'NONE',  ( -0.1961161351382035567, 0.9805806756909162258, 0.000000000000000000 ) ) ;
#2965 = ORIENTED_EDGE ( 'NONE', *, *, #4864, .F. ) ;
#2966 = EDGE_CURVE ( 'NONE', #50, #5007, #260, .T. ) ;
#2967 = ADVANCED_FACE ( 'NONE', ( #2006 ), #10172, .T. ) ;
#2968 = FACE_OUTER_BOUND ( 'NONE', #6775, .T. ) ;
#2969 = LINE ( 'NONE', #2917, #8820 ) ;
#2970 = ORIENTED_EDGE ( 'NONE', *, *, #10300, .F. ) ;
#2971 = EDGE_CURVE ( 'NONE', #3942, #2151, #7408, .T. ) ;
#2972 = VECTOR ( 'NONE', #5546, 1000.000000000000000 ) ;
#2973 = ADVANCED_FACE ( 'NONE', ( #5837 ), #10107, .T. ) ;
#2974 = ORIENTED_EDGE ( 'NONE', *, *, #9503, .T. ) ;
#2975 = ORIENTED_EDGE ( 'NONE', *, *, #6207, .F. ) ;
#2976 = VECTOR ( 'NONE', #4049, 1000.000000000000000 ) ;
#2977 = ORIENTED_EDGE ( 'NONE', *, *, #4269, .T. ) ;
#2978 = VECTOR ( 'NONE', #8038, 1000.000000000000000 ) ;
#2979 = DIRECTION ( 'NONE',  ( -0.9979663327133594386, 0.000000000000000000, -0.06374322529216858157 ) ) ;
#2980 = VERTEX_POINT ( 'NONE', #8351 ) ;
#2981 = DIRECTION ( 'NONE',  ( 0.000000000000000000, -1.000000000000000000, 0.000000000000000000 ) ) ;
#2982 = EDGE_CURVE ( 'NONE', #5506, #4004, #312, .T. ) ;
#2983 = CARTESIAN_POINT ( 'NONE',  ( 5.765462857231999472, 4.549999999999999822, -0.2500000000000000000 ) ) ;
#2984 = CIRCLE ( 'NONE', #1110, 0.1000000000000002692 ) ;
#2985 = CARTESIAN_POINT ( 'NONE',  ( 14.88046285723199880, 3.600000000000000089, -11.81467429248800016 ) ) ;
#2986 = ORIENTED_EDGE ( 'NONE', *, *, #5422, .T. ) ;
#2987 = DIRECTION ( 'NONE',  ( 0.000000000000000000, 0.000000000000000000, 1.000000000000000000 ) ) ;
#2988 = AXIS2_PLACEMENT_3D ( 'NONE', #1521, #3104, #10378 ) ;
#2989 = LINE ( 'NONE', #2931, #5253 ) ;
#2990 = EDGE_CURVE ( 'NONE', #9595, #9770, #6363, .T. ) ;
#2991 = EDGE_CURVE ( 'NONE', #7565, #2733, #9909, .T. ) ;
#2992 = EDGE_CURVE ( 'NONE', #5868, #5036, #6776, .T. ) ;
#2993 = CARTESIAN_POINT ( 'NONE',  ( 6.166437780604000274, 17.30000000000000071, -17.64999999999999858 ) ) ;
#2994 = ORIENTED_EDGE ( 'NONE', *, *, #2470, .F. ) ;
#2995 = EDGE_LOOP ( 'NONE', ( #11030, #6326, #8835, #3877 ) ) ;
#2996 = AXIS2_PLACEMENT_3D ( 'NONE', #9442, #7435, #6637 ) ;
#2997 = CIRCLE ( 'NONE', #563, 1.574999999999999734 ) ;
#2998 =( BOUNDED_SURFACE ( )  B_SPLINE_SURFACE ( 3, 3, ( 
 ( #8415, #9527, #3190, #10346 ),
 ( #6617, #7600, #5071, #2319 ),
 ( #10180, #5726, #8650, #10401 ),
 ( #11276, #6722, #3885, #6840 ) ),
 .UNSPECIFIED., .F., .F., .F. ) 
 B_SPLINE_SURFACE_WITH_KNOTS ( ( 4, 4 ),
 ( 4, 4 ),
 ( 0.000000000000000000, 1.000000000000000000 ),
 ( 0.000000000000000000, 1.000000000000000000 ),
 .UNSPECIFIED. ) 
 GEOMETRIC_REPRESENTATION_ITEM ( )  RATIONAL_B_SPLINE_SURFACE ( (
 ( 1.826639217224000022, 1.203690208500999947, 1.203690208500999947, 1.826639217224000022),
 ( 1.182697249577000065, 0.7793553787268999722, 0.7793553787268999722, 1.182697249577000065),
 ( 1.182697249577000065, 0.7793553787268999722, 0.7793553787268999722, 1.182697249577000065),
 ( 1.826639217224000022, 1.203690208500999947, 1.203690208500999947, 1.826639217224000022) ) ) 
 REPRESENTATION_ITEM ( '' )  SURFACE ( )  );
#2999 = VECTOR ( 'NONE', #1322, 1000.000000000000000 ) ;
#3000 = EDGE_CURVE ( 'NONE', #11021, #11515, #7731, .T. ) ;
#3001 = CARTESIAN_POINT ( 'NONE',  ( 10.02546285723200015, 0.5000000000000000000, -16.97500000000000142 ) ) ;
#3002 = CARTESIAN_POINT ( 'NONE',  ( 16.87050344111299793, 0.5000000000000000000, -9.259959416120000952 ) ) ;
#3003 = CARTESIAN_POINT ( 'NONE',  ( 15.33046285723199986, 0.5000000000000000000, -10.80000000000000071 ) ) ;
#3004 = CARTESIAN_POINT ( 'NONE',  ( 7.585462857231999756, 4.750000000000000000, 0.000000000000000000 ) ) ;
#3005 = CYLINDRICAL_SURFACE ( 'NONE', #747, 0.2300000000000010369 ) ;
#3006 = EDGE_LOOP ( 'NONE', ( #4147, #5492, #10240, #8592, #4377, #10765 ) ) ;
#3007 = AXIS2_PLACEMENT_3D ( 'NONE', #3687, #7276, #3810 ) ;
#3008 = VECTOR ( 'NONE', #2238, 1000.000000000000000 ) ;
#3009 = ORIENTED_EDGE ( 'NONE', *, *, #5178, .T. ) ;
#3010 = LINE ( 'NONE', #6772, #7900 ) ;
#3011 = CARTESIAN_POINT ( 'NONE',  ( 1.500462857232000013, 0.7900000000000000355, -13.70113101483899953 ) ) ;
#3012 = EDGE_LOOP ( 'NONE', ( #1787, #3662, #9634 ) ) ;
#3013 = LINE ( 'NONE', #1313, #10697 ) ;
#3014 = ORIENTED_EDGE ( 'NONE', *, *, #8709, .T. ) ;
#3015 = CARTESIAN_POINT ( 'NONE',  ( 12.76546285723199858, 5.890000000000000568, -9.799999999999998934 ) ) ;
#3016 = CARTESIAN_POINT ( 'NONE',  ( 12.76546285723199858, 7.649999999999999467, -9.799999999999998934 ) ) ;
#3017 = VECTOR ( 'NONE', #5553, 1000.000000000000000 ) ;
#3018 = DIRECTION ( 'NONE',  ( -0.03174603174602052408, 0.000000000000000000, -0.9994959677099155559 ) ) ;
#3019 = VERTEX_POINT ( 'NONE', #1382 ) ;
#3020 = DIRECTION ( 'NONE',  ( -1.000000000000000000, 0.000000000000000000, 0.000000000000000000 ) ) ;
#3021 = CARTESIAN_POINT ( 'NONE',  ( 17.58046285723199986, 4.000000000000000000, -0.2300000000000000100 ) ) ;
#3022 = ORIENTED_EDGE ( 'NONE', *, *, #11202, .F. ) ;
#3023 = CARTESIAN_POINT ( 'NONE',  ( 3.665462857232000271, 9.679999999999999716, -9.799999999999998934 ) ) ;
#3024 = DIRECTION ( 'NONE',  ( 0.000000000000000000, 0.000000000000000000, -1.000000000000000000 ) ) ;
#3025 = ORIENTED_EDGE ( 'NONE', *, *, #5497, .F. ) ;
#3026 = LINE ( 'NONE', #1565, #5840 ) ;
#3027 = VECTOR ( 'NONE', #707, 1000.000000000000227 ) ;
#3028 = VECTOR ( 'NONE', #768, 1000.000000000000000 ) ;
#3029 = FACE_OUTER_BOUND ( 'NONE', #11173, .T. ) ;
#3030 = CARTESIAN_POINT ( 'NONE',  ( 4.405319332394010523, 3.615269827468059027, -11.71316325613424958 ) ) ;
#3031 = PLANE ( 'NONE',  #3741 ) ;
#3032 = LINE ( 'NONE', #2269, #6174 ) ;
#3033 = ORIENTED_EDGE ( 'NONE', *, *, #11492, .T. ) ;
#3034 = VECTOR ( 'NONE', #7383, 1000.000000000000000 ) ;
#3035 = DIRECTION ( 'NONE',  ( 0.000000000000000000, 0.000000000000000000, 1.000000000000000000 ) ) ;
#3036 = LINE ( 'NONE', #3849, #3017 ) ;
#3037 = AXIS2_PLACEMENT_3D ( 'NONE', #6228, #6465, #9849 ) ;
#3038 = VERTEX_POINT ( 'NONE', #3454 ) ;
#3039 = CIRCLE ( 'NONE', #3221, 0.1400000000000003741 ) ;
#3040 = ORIENTED_EDGE ( 'NONE', *, *, #3531, .F. ) ;
#3041 = EDGE_LOOP ( 'NONE', ( #3806, #10971, #7202, #272 ) ) ;
#3042 = ORIENTED_EDGE ( 'NONE', *, *, #4106, .T. ) ;
#3043 = ADVANCED_FACE ( 'NONE', ( #6015 ), #6170, .T. ) ;
#3044 = DIRECTION ( 'NONE',  ( 0.000000000000000000, -1.000000000000000000, 0.000000000000000000 ) ) ;
#3045 = EDGE_CURVE ( 'NONE', #8673, #7188, #2537, .T. ) ;
#3046 = ORIENTED_EDGE ( 'NONE', *, *, #9942, .F. ) ;
#3047 = CARTESIAN_POINT ( 'NONE',  ( 15.99546285723199901, 4.000000000000000000, -6.490000000000000213 ) ) ;
#3048 = DIRECTION ( 'NONE',  ( 0.000000000000000000, -1.000000000000000000, 0.000000000000000000 ) ) ;
#3049 = ADVANCED_FACE ( 'NONE', ( #7049 ), #9686, .T. ) ;
#3050 = FACE_OUTER_BOUND ( 'NONE', #2634, .T. ) ;
#3051 = ORIENTED_EDGE ( 'NONE', *, *, #2910, .F. ) ;
#3052 = CARTESIAN_POINT ( 'NONE',  ( 5.275462857231999259, 4.000000000000000000, -6.989999999999999325 ) ) ;
#3053 = DIRECTION ( 'NONE',  ( 1.000000000000000000, 0.000000000000000000, 0.000000000000000000 ) ) ;
#3054 = CARTESIAN_POINT ( 'NONE',  ( 10.99081109736899897, 17.30000000000000071, -16.10264624357199992 ) ) ;
#3055 = AXIS2_PLACEMENT_3D ( 'NONE', #2506, #1618, #5188 ) ;
#3056 = ORIENTED_EDGE ( 'NONE', *, *, #10509, .F. ) ;
#3057 = VECTOR ( 'NONE', #10682, 1000.000000000000000 ) ;
#3058 = ORIENTED_EDGE ( 'NONE', *, *, #10565, .F. ) ;
#3059 = LINE ( 'NONE', #1940, #5873 ) ;
#3060 = EDGE_CURVE ( 'NONE', #8949, #10869, #10831, .T. ) ;
#3061 = EDGE_CURVE ( 'NONE', #10016, #14, #6466, .T. ) ;
#3062 = EDGE_CURVE ( 'NONE', #10705, #1817, #5233, .T. ) ;
#3063 = CARTESIAN_POINT ( 'NONE',  ( 2.803093700461999571, 6.915000000000000036, -0.2500000000000000000 ) ) ;
#3064 = CARTESIAN_POINT ( 'NONE',  ( 15.38046285723200057, 3.600000000000000089, -4.750000000000000000 ) ) ;
#3065 = CARTESIAN_POINT ( 'NONE',  ( 17.66715801717101186, 4.389096053305994616, -14.24989280386898649 ) ) ;
#3066 = CARTESIAN_POINT ( 'NONE',  ( 1.880462857232000129, 4.000000000000000000, -21.25000000000000000 ) ) ;
#3067 = VERTEX_POINT ( 'NONE', #9749 ) ;
#3068 = DIRECTION ( 'NONE',  ( 0.000000000000000000, -1.000000000000000000, 0.000000000000000000 ) ) ;
#3069 = FACE_OUTER_BOUND ( 'NONE', #1238, .T. ) ;
#3070 = VERTEX_POINT ( 'NONE', #9585 ) ;
#3071 = LINE ( 'NONE', #8473, #10146 ) ;
#3072 = VERTEX_POINT ( 'NONE', #7765 ) ;
#3073 = DIRECTION ( 'NONE',  ( 0.000000000000000000, 0.000000000000000000, 1.000000000000000000 ) ) ;
#3074 = DIRECTION ( 'NONE',  ( 0.000000000000000000, 0.000000000000000000, 1.000000000000000000 ) ) ;
#3075 = EDGE_CURVE ( 'NONE', #11295, #5024, #10099, .T. ) ;
#3076 = EDGE_CURVE ( 'NONE', #7790, #9250, #4360, .T. ) ;
#3077 = CARTESIAN_POINT ( 'NONE',  ( 14.78055388839592865, 3.684470065472534639, -11.64445620755018496 ) ) ;
#3078 = ORIENTED_EDGE ( 'NONE', *, *, #2705, .F. ) ;
#3079 = CARTESIAN_POINT ( 'NONE',  ( 1.850462857232000102, 0.5999999999999999778, -13.83000000000000007 ) ) ;
#3080 = CARTESIAN_POINT ( 'NONE',  ( 12.76546285723199858, 7.649999999999999467, -0.4500000000000000111 ) ) ;
#3081 = EDGE_LOOP ( 'NONE', ( #9204, #10953, #3477, #9682, #1641, #8896, #209, #1707, #6599, #11595, #9805, #3439, #3694, #3856, #7966, #10639, #1341, #1785, #7812, #10797, #998 ) ) ;
#3082 = B_SPLINE_CURVE_WITH_KNOTS ( 'NONE', 3,
 ( #9476, #11332, #6893, #1442 ),
 .UNSPECIFIED., .F., .F.,
 ( 4, 4 ),
 ( 0.000000000000000000, 1.000000000000000000 ),
 .UNSPECIFIED. ) ;
#3083 = FACE_OUTER_BOUND ( 'NONE', #5112, .T. ) ;
#3084 = CARTESIAN_POINT ( 'NONE',  ( 3.235462857232000111, 0.000000000000000000, -6.989999999999999325 ) ) ;
#3085 = VERTEX_POINT ( 'NONE', #11542 ) ;
#3086 = CARTESIAN_POINT ( 'NONE',  ( 5.395462857232000253, 4.000000000000000000, -16.97500000000000142 ) ) ;
#3087 = CARTESIAN_POINT ( 'NONE',  ( 11.29546285723199972, 4.000000000000000000, -19.51500000000000057 ) ) ;
#3088 = DIRECTION ( 'NONE',  ( -1.000000000000000000, 0.000000000000000000, 0.000000000000000000 ) ) ;
#3089 = LINE ( 'NONE', #456, #8053 ) ;
#3090 = CARTESIAN_POINT ( 'NONE',  ( 15.66546285723199894, 13.06499999999999950, -0.3499999999999999778 ) ) ;
#3091 = ORIENTED_EDGE ( 'NONE', *, *, #2925, .F. ) ;
#3092 = LINE ( 'NONE', #4915, #3398 ) ;
#3093 = CARTESIAN_POINT ( 'NONE',  ( 13.87392848543099966, 0.5000000000000000000, -10.56733581331999972 ) ) ;
#3094 = VERTEX_POINT ( 'NONE', #6887 ) ;
#3095 = VERTEX_POINT ( 'NONE', #5296 ) ;
#3096 = EDGE_LOOP ( 'NONE', ( #7380, #2887, #7285, #9083, #11003, #545, #2338 ) ) ;
#3097 = VERTEX_POINT ( 'NONE', #5068 ) ;
#3098 = LINE ( 'NONE', #10195, #5425 ) ;
#3099 = ORIENTED_EDGE ( 'NONE', *, *, #8416, .F. ) ;
#3100 = LINE ( 'NONE', #4152, #3216 ) ;
#3101 = CARTESIAN_POINT ( 'NONE',  ( 1.650462857231999925, 3.850000000000000089, -14.47000000000000064 ) ) ;
#3102 = CARTESIAN_POINT ( 'NONE',  ( 3.900462857232000147, 4.000000000000000000, -10.80000000000000071 ) ) ;
#3103 = VERTEX_POINT ( 'NONE', #8753 ) ;
#3104 = DIRECTION ( 'NONE',  ( 0.000000000000000000, 0.000000000000000000, 1.000000000000000000 ) ) ;
#3105 = DIRECTION ( 'NONE',  ( 0.000000000000000000, 1.000000000000000000, 0.000000000000000000 ) ) ;
#3106 = CARTESIAN_POINT ( 'NONE',  ( 15.33754101531466674, 17.10000000000000142, -17.14857346504708957 ) ) ;
#3107 = ORIENTED_EDGE ( 'NONE', *, *, #2694, .F. ) ;
#3108 = ORIENTED_EDGE ( 'NONE', *, *, #3830, .F. ) ;
#3109 = CARTESIAN_POINT ( 'NONE',  ( 5.395462857232000253, 4.000000000000000000, -17.32499999999999929 ) ) ;
#3110 = CARTESIAN_POINT ( 'NONE',  ( 2.437554162901999888, 4.000000000000000000, -10.46753918005000017 ) ) ;
#3111 = CARTESIAN_POINT ( 'NONE',  ( 8.957802808031898323, 17.30000000000000071, -15.45000000000000107 ) ) ;
#3112 = CARTESIAN_POINT ( 'NONE',  ( 17.76079236082700064, 4.480504497276999842, -13.99001639323299528 ) ) ;
#3113 = DIRECTION ( 'NONE',  ( 0.000000000000000000, -1.000000000000000000, 0.000000000000000000 ) ) ;
#3114 = ORIENTED_EDGE ( 'NONE', *, *, #5074, .T. ) ;
#3115 = EDGE_CURVE ( 'NONE', #579, #2980, #8647, .T. ) ;
#3116 = EDGE_CURVE ( 'NONE', #6642, #10191, #4183, .T. ) ;
#3117 = CARTESIAN_POINT ( 'NONE',  ( 17.58046285723199986, 4.203779418117999711, -14.14886898516100011 ) ) ;
#3118 = CARTESIAN_POINT ( 'NONE',  ( 1.650462857231999925, 4.203779420528999999, -14.14886898516100011 ) ) ;
#3119 = EDGE_CURVE ( 'NONE', #1648, #3564, #8782, .T. ) ;
#3120 = EDGE_CURVE ( 'NONE', #1648, #4567, #2984, .T. ) ;
#3121 = ORIENTED_EDGE ( 'NONE', *, *, #6595, .F. ) ;
#3122 = CARTESIAN_POINT ( 'NONE',  ( 17.58046285723199986, 4.203779418383999378, -13.99886898516100153 ) ) ;
#3123 = VERTEX_POINT ( 'NONE', #3293 ) ;
#3124 = DIRECTION ( 'NONE',  ( 0.7071067811865475727, 0.7071067811865475727, 0.000000000000000000 ) ) ;
#3125 = LINE ( 'NONE', #8476, #549 ) ;
#3126 = EDGE_CURVE ( 'NONE', #419, #278, #10452, .T. ) ;
#3127 = EDGE_CURVE ( 'NONE', #6953, #3038, #7816, .T. ) ;
#3128 = CARTESIAN_POINT ( 'NONE',  ( 5.363371551561999517, 4.000000000000000000, -11.13246081994999948 ) ) ;
#3129 = ORIENTED_EDGE ( 'NONE', *, *, #10508, .T. ) ;
#3130 = CARTESIAN_POINT ( 'NONE',  ( 15.48046285723199844, 4.000000000000000000, -9.232159127970000156 ) ) ;
#3131 = DIRECTION ( 'NONE',  ( 0.000000000000000000, 0.000000000000000000, -1.000000000000000000 ) ) ;
#3132 = ORIENTED_EDGE ( 'NONE', *, *, #8003, .T. ) ;
#3133 = DIRECTION ( 'NONE',  ( 0.000000000000000000, -1.000000000000000000, 0.000000000000000000 ) ) ;
#3134 = CARTESIAN_POINT ( 'NONE',  ( 1.650462857231999925, 0.7900000000000000355, -13.85886898516099919 ) ) ;
#3135 = EDGE_CURVE ( 'NONE', #5622, #1632, #3409, .T. ) ;
#3136 = EDGE_CURVE ( 'NONE', #4288, #1212, #4239, .T. ) ;
#3137 = ORIENTED_EDGE ( 'NONE', *, *, #10734, .T. ) ;
#3138 = DIRECTION ( 'NONE',  ( 0.000000000000000000, 0.000000000000000000, 1.000000000000000000 ) ) ;
#3139 = DIRECTION ( 'NONE',  ( 1.000000000000000000, 0.000000000000000000, 0.000000000000000000 ) ) ;
#3140 = EDGE_CURVE ( 'NONE', #2945, #5440, #10515, .T. ) ;
#3141 = SPHERICAL_SURFACE ( 'NONE', #2217, 0.1000000000000000056 ) ;
#3142 = LINE ( 'NONE', #1393, #7695 ) ;
#3143 = LINE ( 'NONE', #507, #4491 ) ;
#3144 = ORIENTED_EDGE ( 'NONE', *, *, #5421, .F. ) ;
#3145 = DIRECTION ( 'NONE',  ( 0.000000000000000000, -1.000000000000000000, 0.000000000000000000 ) ) ;
#3146 = LINE ( 'NONE', #1339, #7322 ) ;
#3147 = ORIENTED_EDGE ( 'NONE', *, *, #5934, .F. ) ;
#3148 = VERTEX_POINT ( 'NONE', #1943 ) ;
#3149 = ORIENTED_EDGE ( 'NONE', *, *, #11358, .F. ) ;
#3150 = B_SPLINE_SURFACE_WITH_KNOTS ( 'NONE', 3, 1, ( 
 ( #9419, #1556 ),
 ( #9689, #11383 ),
 ( #8817, #3296 ),
 ( #11546, #11448 ) ),
 .UNSPECIFIED., .F., .F., .F.,
 ( 4, 4 ),
 ( 2, 2 ),
 ( 0.02870347989263415112, 0.9765889407311499903 ),
 ( 0.000000000000000000, 1.000000000000000000 ),
 .UNSPECIFIED. ) ;
#3151 = ORIENTED_EDGE ( 'NONE', *, *, #41, .F. ) ;
#3152 = DIRECTION ( 'NONE',  ( 0.000000000000000000, -1.000000000000000000, 0.000000000000000000 ) ) ;
#3153 = ORIENTED_EDGE ( 'NONE', *, *, #8729, .T. ) ;
#3154 = DIRECTION ( 'NONE',  ( 1.000000000000000000, 0.000000000000000000, 0.000000000000000000 ) ) ;
#3155 = CARTESIAN_POINT ( 'NONE',  ( 3.665462857232000271, 11.67999999999999972, -0.4500000000000000111 ) ) ;
#3156 = DIRECTION ( 'NONE',  ( -0.09523809523809302624, 0.000000000000000000, 0.9954545219222321606 ) ) ;
#3157 = ORIENTED_EDGE ( 'NONE', *, *, #2992, .F. ) ;
#3158 = CARTESIAN_POINT ( 'NONE',  ( 4.350462857232000324, 3.600000000000000089, -11.81467429248800016 ) ) ;
#3159 = AXIS2_PLACEMENT_3D ( 'NONE', #133, #9063, #1889 ) ;
#3160 = DIRECTION ( 'NONE',  ( 0.000000000000000000, -1.000000000000000000, 0.000000000000000000 ) ) ;
#3161 = CARTESIAN_POINT ( 'NONE',  ( 15.09779867055200064, 0.5000000000000000000, -9.343465628199998818 ) ) ;
#3162 = VERTEX_POINT ( 'NONE', #3751 ) ;
#3163 = ORIENTED_EDGE ( 'NONE', *, *, #606, .T. ) ;
#3164 = AXIS2_PLACEMENT_3D ( 'NONE', #1257, #6668, #11160 ) ;
#3165 = DIRECTION ( 'NONE',  ( 0.000000000000000000, -1.000000000000000000, 0.000000000000000000 ) ) ;
#3166 = VECTOR ( 'NONE', #10946, 1000.000000000000000 ) ;
#3167 = VECTOR ( 'NONE', #120, 1000.000000000000000 ) ;
#3168 = CARTESIAN_POINT ( 'NONE',  ( 13.01546285723199858, 0.5000000000000000000, -17.32499999999999929 ) ) ;
#3169 = CARTESIAN_POINT ( 'NONE',  ( 13.11267737465229999, 17.30000000000000071, -17.29456827725629964 ) ) ;
#3170 = CARTESIAN_POINT ( 'NONE',  ( 17.76079236082698998, 4.137926765563999965, -14.07578861003701221 ) ) ;
#3171 = CARTESIAN_POINT ( 'NONE',  ( 38.88789085723199435, 3.850000000000000089, -13.08000000000000007 ) ) ;
#3172 = ORIENTED_EDGE ( 'NONE', *, *, #9081, .T. ) ;
#3173 = LINE ( 'NONE', #8343, #9598 ) ;
#3174 = FACE_OUTER_BOUND ( 'NONE', #861, .T. ) ;
#3175 = VECTOR ( 'NONE', #2600, 1000.000000000000000 ) ;
#3176 = AXIS2_PLACEMENT_3D ( 'NONE', #9098, #3672, #291 ) ;
#3177 = VERTEX_POINT ( 'NONE', #5 ) ;
#3178 = EDGE_CURVE ( 'NONE', #10600, #867, #7223, .T. ) ;
#3179 = VERTEX_POINT ( 'NONE', #3505 ) ;
#3180 = CARTESIAN_POINT ( 'NONE',  ( 7.010588300443379772, 17.30000000000000071, -17.22869080141185094 ) ) ;
#3181 = DIRECTION ( 'NONE',  ( 0.000000000000000000, -1.000000000000000000, 0.000000000000000000 ) ) ;
#3182 = ADVANCED_FACE ( 'NONE', ( #8212 ), #3632, .F. ) ;
#3183 = CARTESIAN_POINT ( 'NONE',  ( 15.96546285723199965, 7.115000000000000213, -0.2500000000000000000 ) ) ;
#3184 = CIRCLE ( 'NONE', #9741, 0.5999999999999998668 ) ;
#3185 = VECTOR ( 'NONE', #11495, 1000.000000000000000 ) ;
#3186 = ADVANCED_FACE ( 'NONE', ( #181 ), #9917, .T. ) ;
#3187 = CARTESIAN_POINT ( 'NONE',  ( 17.58046285723199986, 0.5000000000000000000, -13.85886898489499863 ) ) ;
#3188 = CARTESIAN_POINT ( 'NONE',  ( 17.43813724360228079, 4.142313478084393097, -0.01731309252569349436 ) ) ;
#3189 = VERTEX_POINT ( 'NONE', #1879 ) ;
#3190 = CARTESIAN_POINT ( 'NONE',  ( 1.470133353637004481, 0.8558526528200084416, -14.07578861003701221 ) ) ;
#3191 = SPHERICAL_SURFACE ( 'NONE', #7918, 0.1000000000000000056 ) ;
#3192 = ADVANCED_FACE ( 'NONE', ( #7278 ), #9983, .T. ) ;
#3193 = ORIENTED_EDGE ( 'NONE', *, *, #2018, .T. ) ;
#3194 = VECTOR ( 'NONE', #8545, 1000.000000000000000 ) ;
#3195 = VECTOR ( 'NONE', #6867, 1000.000000000000000 ) ;
#3196 = CARTESIAN_POINT ( 'NONE',  ( 16.42783201400199999, 4.750000000000000000, 0.000000000000000000 ) ) ;
#3197 = CARTESIAN_POINT ( 'NONE',  ( 7.485462857232000111, 4.000000000000000000, -16.97500000000000142 ) ) ;
#3198 = DIRECTION ( 'NONE',  ( -0.06374322529215131761, 0.000000000000000000, -0.9979663327133606598 ) ) ;
#3199 = CARTESIAN_POINT ( 'NONE',  ( 13.87392848543099966, 0.5000000000000000000, -10.56733581331999972 ) ) ;
#3200 = EDGE_CURVE ( 'NONE', #353, #6502, #3688, .T. ) ;
#3201 = EDGE_CURVE ( 'NONE', #282, #3488, #10280, .T. ) ;
#3202 = CARTESIAN_POINT ( 'NONE',  ( 16.78699722903299829, 39.85228000000000037, -11.03266418667999993 ) ) ;
#3203 = EDGE_CURVE ( 'NONE', #5471, #126, #2759, .T. ) ;
#3204 = EDGE_LOOP ( 'NONE', ( #2565, #10728, #6781, #9721 ) ) ;
#3205 = AXIS2_PLACEMENT_3D ( 'NONE', #810, #4266, #7198 ) ;
#3206 = CYLINDRICAL_SURFACE ( 'NONE', #4538, 0.2300000000000010369 ) ;
#3207 = LINE ( 'NONE', #9539, #9019 ) ;
#3208 = ORIENTED_EDGE ( 'NONE', *, *, #9007, .T. ) ;
#3209 = VERTEX_POINT ( 'NONE', #10034 ) ;
#3210 = ORIENTED_EDGE ( 'NONE', *, *, #2388, .F. ) ;
#3211 = EDGE_LOOP ( 'NONE', ( #4068, #1617, #6817, #8997 ) ) ;
#3212 = DIRECTION ( 'NONE',  ( -0.7071067811865507924, -0.7071067811865442421, 0.000000000000000000 ) ) ;
#3213 = EDGE_LOOP ( 'NONE', ( #10653, #4589, #4366, #7530 ) ) ;
#3214 = PLANE ( 'NONE',  #1361 ) ;
#3215 = CARTESIAN_POINT ( 'NONE',  ( 17.72482299013099194, 0.6950250329900061752, -13.86996359994899031 ) ) ;
#3216 = VECTOR ( 'NONE', #10249, 1000.000000000000000 ) ;
#3217 = LINE ( 'NONE', #2168, #8218 ) ;
#3218 = EDGE_LOOP ( 'NONE', ( #11065, #10001, #6986, #6978 ) ) ;
#3219 = CARTESIAN_POINT ( 'NONE',  ( 1.850462857232000102, 4.000000000000000000, -13.08000000000000007 ) ) ;
#3220 = VECTOR ( 'NONE', #6063, 1000.000000000000000 ) ;
#3221 = AXIS2_PLACEMENT_3D ( 'NONE', #3563, #1120, #4581 ) ;
#3222 = CARTESIAN_POINT ( 'NONE',  ( 15.33046285723199986, 0.4000000000000000222, -10.80000000000000071 ) ) ;
#3223 = VERTEX_POINT ( 'NONE', #10740 ) ;
#3224 = PLANE ( 'NONE',  #1909 ) ;
#3225 = ORIENTED_EDGE ( 'NONE', *, *, #5073, .T. ) ;
#3226 = VECTOR ( 'NONE', #831, 1000.000000000000000 ) ;
#3227 = AXIS2_PLACEMENT_3D ( 'NONE', #3899, #3790, #6631 ) ;
#3228 = ORIENTED_EDGE ( 'NONE', *, *, #4558, .T. ) ;
#3229 = CARTESIAN_POINT ( 'NONE',  ( 11.64546285723199937, 5.890000000000000568, -0.4500000000000000111 ) ) ;
#3230 = LINE ( 'NONE', #10325, #11393 ) ;
#3231 = FACE_OUTER_BOUND ( 'NONE', #2247, .T. ) ;
#3232 = AXIS2_PLACEMENT_3D ( 'NONE', #8459, #2353, #594 ) ;
#3233 = CARTESIAN_POINT ( 'NONE',  ( 2.803093700461999571, 4.549999999999999822, 0.000000000000000000 ) ) ;
#3234 = CARTESIAN_POINT ( 'NONE',  ( 7.163791668162000192, 17.30000000000000071, -16.83955427408200123 ) ) ;
#3235 = AXIS2_PLACEMENT_3D ( 'NONE', #5238, #7052, #1717 ) ;
#3236 = DIRECTION ( 'NONE',  ( 0.1961161351382035567, -0.9805806756909162258, 0.000000000000000000 ) ) ;
#3237 = VERTEX_POINT ( 'NONE', #2707 ) ;
#3238 = ORIENTED_EDGE ( 'NONE', *, *, #5421, .T. ) ;
#3239 = LINE ( 'NONE', #660, #9596 ) ;
#3240 = DIRECTION ( 'NONE',  ( 0.06374322529214752897, 0.000000000000000000, -0.9979663327133607709 ) ) ;
#3241 = LINE ( 'NONE', #5901, #2620 ) ;
#3242 = CARTESIAN_POINT ( 'NONE',  ( 14.98941824855049987, 17.10000000000000142, -17.29456826448420159 ) ) ;
#3243 = ORIENTED_EDGE ( 'NONE', *, *, #1414, .F. ) ;
#3244 = B_SPLINE_SURFACE_WITH_KNOTS ( 'NONE', 3, 1, ( 
 ( #9070, #7416 ),
 ( #4785, #267 ),
 ( #3835, #2954 ),
 ( #4603, #10002 ) ),
 .UNSPECIFIED., .F., .F., .F.,
 ( 4, 4 ),
 ( 2, 2 ),
 ( 0.05102632724105169576, 0.9439706890604809830 ),
 ( 0.000000000000000000, 1.000000000000000000 ),
 .UNSPECIFIED. ) ;
#3245 = FACE_OUTER_BOUND ( 'NONE', #7070, .T. ) ;
#3246 = ADVANCED_FACE ( 'NONE', ( #5464, #3571 ), #8925, .T. ) ;
#3247 = LINE ( 'NONE', #6841, #2864 ) ;
#3248 = ADVANCED_FACE ( 'NONE', ( #4639 ), #6295, .T. ) ;
#3249 = ORIENTED_EDGE ( 'NONE', *, *, #11560, .F. ) ;
#3250 = PLANE ( 'NONE',  #1703 ) ;
#3251 = EDGE_CURVE ( 'NONE', #6809, #8373, #2377, .T. ) ;
#3252 = LINE ( 'NONE', #6844, #7836 ) ;
#3253 = FACE_OUTER_BOUND ( 'NONE', #10233, .T. ) ;
#3254 = LINE ( 'NONE', #9479, #7128 ) ;
#3255 = CARTESIAN_POINT ( 'NONE',  ( 17.38046285723200057, 3.850000000000000089, -14.47000000000000064 ) ) ;
#3256 = ORIENTED_EDGE ( 'NONE', *, *, #406, .T. ) ;
#3257 = CYLINDRICAL_SURFACE ( 'NONE', #5467, 1.574999999999999956 ) ;
#3258 = CARTESIAN_POINT ( 'NONE',  ( 6.215462857231999649, 0.5000000000000000000, -19.51500000000000057 ) ) ;
#3259 = EDGE_CURVE ( 'NONE', #3767, #2074, #4294, .T. ) ;
#3260 = ORIENTED_EDGE ( 'NONE', *, *, #1331, .T. ) ;
#3261 = EDGE_CURVE ( 'NONE', #1150, #3148, #5395, .T. ) ;
#3262 = ORIENTED_EDGE ( 'NONE', *, *, #2329, .T. ) ;
#3263 = ORIENTED_EDGE ( 'NONE', *, *, #2832, .F. ) ;
#3264 = VERTEX_POINT ( 'NONE', #8985 ) ;
#3265 = EDGE_CURVE ( 'NONE', #1064, #5105, #8104, .T. ) ;
#3266 = EDGE_CURVE ( 'NONE', #6606, #9123, #4587, .T. ) ;
#3267 = DIRECTION ( 'NONE',  ( 0.000000000000000000, 0.7071067811865506814, 0.7071067811865444641 ) ) ;
#3268 = VERTEX_POINT ( 'NONE', #247 ) ;
#3269 = DIRECTION ( 'NONE',  ( 0.000000000000000000, 1.000000000000000000, 0.000000000000000000 ) ) ;
#3270 = LINE ( 'NONE', #7501, #9429 ) ;
#3271 = CARTESIAN_POINT ( 'NONE',  ( 17.58046285723199986, 0.5999999999999999778, -14.47000000000000064 ) ) ;
#3272 = ORIENTED_EDGE ( 'NONE', *, *, #1972, .F. ) ;
#3273 = DIRECTION ( 'NONE',  ( 0.000000000000000000, 1.000000000000000000, 0.000000000000000000 ) ) ;
#3274 = CARTESIAN_POINT ( 'NONE',  ( 3.667798670551999596, 4.000000000000000000, -9.343465628199998818 ) ) ;
#3275 = ORIENTED_EDGE ( 'NONE', *, *, #10647, .F. ) ;
#3276 = PLANE ( 'NONE',  #7908 ) ;
#3277 = ORIENTED_EDGE ( 'NONE', *, *, #1184, .F. ) ;
#3278 = EDGE_CURVE ( 'NONE', #3237, #9908, #4995, .T. ) ;
#3279 = EDGE_CURVE ( 'NONE', #4594, #11310, #10094, .T. ) ;
#3280 = ORIENTED_EDGE ( 'NONE', *, *, #10446, .F. ) ;
#3281 = FACE_OUTER_BOUND ( 'NONE', #2508, .T. ) ;
#3282 = DIRECTION ( 'NONE',  ( 0.000000000000000000, 0.000000000000000000, -1.000000000000000000 ) ) ;
#3283 = CARTESIAN_POINT ( 'NONE',  ( 12.92883283598169974, 17.30000000000000071, -17.64999999999999858 ) ) ;
#3284 = CARTESIAN_POINT ( 'NONE',  ( 14.28546285723199993, 4.000000000000000000, -19.51500000000000057 ) ) ;
#3285 = LINE ( 'NONE', #8695, #3008 ) ;
#3286 = CARTESIAN_POINT ( 'NONE',  ( 9.435797106966900216, 17.10000000000000142, -16.70167137384400391 ) ) ;
#3287 = DIRECTION ( 'NONE',  ( -0.1961161351382035567, -0.9805806756909162258, 0.000000000000000000 ) ) ;
#3288 = EDGE_LOOP ( 'NONE', ( #3898, #4072, #3580, #4823 ) ) ;
#3289 = ORIENTED_EDGE ( 'NONE', *, *, #6230, .T. ) ;
#3290 = CARTESIAN_POINT ( 'NONE',  ( 15.31267741893299927, 17.30000000000000071, -16.30027856230699612 ) ) ;
#3291 = DIRECTION ( 'NONE',  ( 0.1577384316472046910, 0.000000000000000000, 0.9874809300343374563 ) ) ;
#3292 = CARTESIAN_POINT ( 'NONE',  ( 14.64471057628099970, 17.30000000000000071, -16.65417823791499785 ) ) ;
#3293 = CARTESIAN_POINT ( 'NONE',  ( 14.18546285723200029, 0.000000000000000000, -19.86500000000000199 ) ) ;
#3294 = FACE_OUTER_BOUND ( 'NONE', #3288, .T. ) ;
#3295 = ORIENTED_EDGE ( 'NONE', *, *, #6142, .F. ) ;
#3296 = CARTESIAN_POINT ( 'NONE',  ( 13.18468258315602171, 17.30000000000000071, -16.65417823722314949 ) ) ;
#3297 = CARTESIAN_POINT ( 'NONE',  ( 3.900462857232000147, 4.000000000000000000, -10.80000000000000071 ) ) ;
#3298 = EDGE_LOOP ( 'NONE', ( #1011, #1140, #10400, #5821 ) ) ;
#3299 = FACE_OUTER_BOUND ( 'NONE', #154, .T. ) ;
#3300 = CARTESIAN_POINT ( 'NONE',  ( 4.615462857232000005, 11.67999999999999972, -9.799999999999998934 ) ) ;
#3301 = CARTESIAN_POINT ( 'NONE',  ( 13.95546285723199986, 4.000000000000000000, -6.989999999999999325 ) ) ;
#3302 = DIRECTION ( 'NONE',  ( -0.1961161351382035567, 0.9805806756909162258, 0.000000000000000000 ) ) ;
#3303 = LINE ( 'NONE', #8716, #737 ) ;
#3304 = ORIENTED_EDGE ( 'NONE', *, *, #4428, .F. ) ;
#3305 = DIRECTION ( 'NONE',  ( 0.000000000000000000, 0.000000000000000000, -1.000000000000000000 ) ) ;
#3306 = CARTESIAN_POINT ( 'NONE',  ( 3.465462857232000093, 7.450000000000000178, -0.2500000000000000000 ) ) ;
#3307 = ORIENTED_EDGE ( 'NONE', *, *, #5940, .F. ) ;
#3308 = ORIENTED_EDGE ( 'NONE', *, *, #8630, .F. ) ;
#3309 = EDGE_LOOP ( 'NONE', ( #271, #7436, #9796, #2419, #9318, #4805 ) ) ;
#3310 = VERTEX_POINT ( 'NONE', #3811 ) ;
#3311 = CARTESIAN_POINT ( 'NONE',  ( 17.35046285723199944, 17.06999999999999673, -0.2300000000000000100 ) ) ;
#3312 = EDGE_LOOP ( 'NONE', ( #7798, #11002, #11337, #9825 ) ) ;
#3313 = EDGE_CURVE ( 'NONE', #6805, #5558, #8397, .T. ) ;
#3314 = DIRECTION ( 'NONE',  ( 0.000000000000000000, 0.000000000000000000, 1.000000000000000000 ) ) ;
#3315 = EDGE_CURVE ( 'NONE', #4602, #11296, #7396, .T. ) ;
#3316 = CARTESIAN_POINT ( 'NONE',  ( 15.48046285723199844, 3.700000000000000178, -4.750000000000000000 ) ) ;
#3317 = ORIENTED_EDGE ( 'NONE', *, *, #8356, .F. ) ;
#3318 = ADVANCED_FACE ( 'NONE', ( #7630 ), #6528, .T. ) ;
#3319 = LINE ( 'NONE', #5102, #3937 ) ;
#3320 = ORIENTED_EDGE ( 'NONE', *, *, #559, .T. ) ;
#3321 = DIRECTION ( 'NONE',  ( -0.9805806756909163369, -0.1961161351382035567, 0.000000000000000000 ) ) ;
#3322 = AXIS2_PLACEMENT_3D ( 'NONE', #6611, #9997, #8303 ) ;
#3323 = EDGE_LOOP ( 'NONE', ( #2441, #8005, #6340, #5070 ) ) ;
#3324 = EDGE_CURVE ( 'NONE', #5146, #526, #11028, .T. ) ;
#3325 = CARTESIAN_POINT ( 'NONE',  ( 4.115462857232000005, 9.679999999999999716, 0.000000000000000000 ) ) ;
#3326 = DIRECTION ( 'NONE',  ( 0.000000000000000000, -1.000000000000000000, 0.000000000000000000 ) ) ;
#3327 = VECTOR ( 'NONE', #6327, 1000.000000000000114 ) ;
#3328 = DIRECTION ( 'NONE',  ( 0.000000000000000000, -1.000000000000000000, 0.000000000000000000 ) ) ;
#3329 = EDGE_LOOP ( 'NONE', ( #317, #3535, #11097, #10657 ) ) ;
#3330 = CARTESIAN_POINT ( 'NONE',  ( 13.21379139603302022, 17.10000000000000142, -17.26545959801125107 ) ) ;
#3331 = VECTOR ( 'NONE', #4197, 1000.000000000000000 ) ;
#3332 = ADVANCED_FACE ( 'NONE', ( #8525 ), #5707, .T. ) ;
#3333 = EDGE_CURVE ( 'NONE', #6342, #306, #11198, .T. ) ;
#3334 = CARTESIAN_POINT ( 'NONE',  ( 3.235462857232000111, 4.000000000000000000, -6.490000000000000213 ) ) ;
#3335 = CARTESIAN_POINT ( 'NONE',  ( 11.81964114879099981, 17.10000000000000142, -16.37841224074399804 ) ) ;
#3336 = ADVANCED_FACE ( 'NONE', ( #4768 ), #7452, .F. ) ;
#3337 = CARTESIAN_POINT ( 'NONE',  ( 17.58046285723199986, 3.850000000000000089, -14.61999999999999922 ) ) ;
#3338 = LINE ( 'NONE', #8637, #9981 ) ;
#3339 = VECTOR ( 'NONE', #11575, 1000.000000000000000 ) ;
#3340 = ORIENTED_EDGE ( 'NONE', *, *, #4195, .F. ) ;
#3341 = ADVANCED_FACE ( 'NONE', ( #9337 ), #11373, .T. ) ;
#3342 = AXIS2_PLACEMENT_3D ( 'NONE', #11528, #3491, #6985 ) ;
#3343 = CIRCLE ( 'NONE', #11215, 1.574999999999999289 ) ;
#3344 = ORIENTED_EDGE ( 'NONE', *, *, #245, .T. ) ;
#3345 = DIRECTION ( 'NONE',  ( -1.000000000000000000, 0.000000000000000000, 0.000000000000000000 ) ) ;
#3346 = CARTESIAN_POINT ( 'NONE',  ( 15.33719038152650072, 17.30000000000000071, -17.14902511908015015 ) ) ;
#3347 = CIRCLE ( 'NONE', #7845, 0.09999999999999983902 ) ;
#3348 = CARTESIAN_POINT ( 'NONE',  ( 13.01546285723199858, 4.000000000000000000, -16.97500000000000142 ) ) ;
#3349 = CARTESIAN_POINT ( 'NONE',  ( 11.39546285723199937, 0.000000000000000000, -19.86500000000000199 ) ) ;
#3350 = CARTESIAN_POINT ( 'NONE',  ( 17.42932123799921129, 4.151136797622281271, -0.01393474908560648345 ) ) ;
#3351 = VERTEX_POINT ( 'NONE', #5758 ) ;
#3352 = AXIS2_PLACEMENT_3D ( 'NONE', #8371, #5500, #329 ) ;
#3353 = CIRCLE ( 'NONE', #6369, 0.1000000000000002692 ) ;
#3354 = CARTESIAN_POINT ( 'NONE',  ( 15.21769087249360020, 17.30000000000000071, -16.65417823722350121 ) ) ;
#3355 = DIRECTION ( 'NONE',  ( 0.000000000000000000, 0.000000000000000000, 1.000000000000000000 ) ) ;
#3356 = EDGE_LOOP ( 'NONE', ( #143, #8283, #1577, #2799, #6135, #3040, #7874, #760 ) ) ;
#3357 = CARTESIAN_POINT ( 'NONE',  ( 2.735462857232000555, 4.000000000000000000, -6.989999999999999325 ) ) ;
#3358 = CARTESIAN_POINT ( 'NONE',  ( 2.803093700461999571, 6.915000000000000036, 0.000000000000000000 ) ) ;
#3359 = AXIS2_PLACEMENT_3D ( 'NONE', #2550, #6129, #2665 ) ;
#3360 =( BOUNDED_SURFACE ( )  B_SPLINE_SURFACE ( 3, 3, ( 
 ( #5875, #5030, #10250, #7567 ),
 ( #11072, #2341, #9550, #8445 ),
 ( #10312, #4153, #11132, #9446 ),
 ( #1518, #11182, #2167, #3215 ) ),
 .UNSPECIFIED., .F., .F., .F. ) 
 B_SPLINE_SURFACE_WITH_KNOTS ( ( 4, 4 ),
 ( 4, 4 ),
 ( 0.000000000000000000, 1.000000000000000000 ),
 ( 0.000000000000000000, 1.000000000000000000 ),
 .UNSPECIFIED. ) 
 GEOMETRIC_REPRESENTATION_ITEM ( )  RATIONAL_B_SPLINE_SURFACE ( (
 ( 1.826639217224000022, 1.203690208500999947, 1.203690208500999947, 1.826639217224000022),
 ( 1.182697249577000065, 0.7793553787268999722, 0.7793553787268999722, 1.182697249577000065),
 ( 1.182697249577000065, 0.7793553787268999722, 0.7793553787268999722, 1.182697249577000065),
 ( 1.826639217224000022, 1.203690208500999947, 1.203690208500999947, 1.826639217224000022) ) ) 
 REPRESENTATION_ITEM ( '' )  SURFACE ( )  );
#3361 = LINE ( 'NONE', #11334, #7460 ) ;
#3362 = LINE ( 'NONE', #11458, #8248 ) ;
#3363 = DIRECTION ( 'NONE',  ( 0.000000000000000000, 1.000000000000000000, 0.000000000000000000 ) ) ;
#3364 = VERTEX_POINT ( 'NONE', #4818 ) ;
#3365 = ORIENTED_EDGE ( 'NONE', *, *, #9314, .T. ) ;
#3366 = CIRCLE ( 'NONE', #4683, 0.5999999999999998668 ) ;
#3367 = VECTOR ( 'NONE', #8744, 1000.000000000000000 ) ;
#3368 = ORIENTED_EDGE ( 'NONE', *, *, #6862, .F. ) ;
#3369 = ORIENTED_EDGE ( 'NONE', *, *, #4252, .T. ) ;
#3370 = ORIENTED_EDGE ( 'NONE', *, *, #3259, .F. ) ;
#3371 = DIRECTION ( 'NONE',  ( 0.000000000000000000, 0.000000000000000000, 1.000000000000000000 ) ) ;
#3372 = ORIENTED_EDGE ( 'NONE', *, *, #11339, .F. ) ;
#3373 = CARTESIAN_POINT ( 'NONE',  ( 1.650462857231999925, 4.000000000000000000, -0.2300000000000000100 ) ) ;
#3374 = VECTOR ( 'NONE', #10486, 1000.000000000000000 ) ;
#3375 = DIRECTION ( 'NONE',  ( 0.000000000000000000, 0.000000000000000000, 1.000000000000000000 ) ) ;
#3376 = ORIENTED_EDGE ( 'NONE', *, *, #4457, .T. ) ;
#3377 = CARTESIAN_POINT ( 'NONE',  ( 14.93579763148800055, 17.30000000000000071, -16.65417823791499785 ) ) ;
#3378 = ORIENTED_EDGE ( 'NONE', *, *, #9229, .T. ) ;
#3379 = EDGE_CURVE ( 'NONE', #1481, #335, #9461, .T. ) ;
#3380 = DIRECTION ( 'NONE',  ( 0.000000000000000000, 0.000000000000000000, -1.000000000000000000 ) ) ;
#3381 = EDGE_CURVE ( 'NONE', #2671, #3237, #8845, .T. ) ;
#3382 = ORIENTED_EDGE ( 'NONE', *, *, #10932, .T. ) ;
#3383 = AXIS2_PLACEMENT_3D ( 'NONE', #2908, #8365, #323 ) ;
#3384 = DIRECTION ( 'NONE',  ( 0.000000000000000000, 1.000000000000000000, 0.000000000000000000 ) ) ;
#3385 = VECTOR ( 'NONE', #7074, 1000.000000000000000 ) ;
#3386 = ADVANCED_FACE ( 'NONE', ( #9678 ), #717, .F. ) ;
#3387 = DIRECTION ( 'NONE',  ( -1.000000000000000000, 0.000000000000000000, 0.000000000000000000 ) ) ;
#3388 = AXIS2_PLACEMENT_3D ( 'NONE', #9974, #1990, #3740 ) ;
#3389 = AXIS2_PLACEMENT_3D ( 'NONE', #3337, #9513, #7758 ) ;
#3390 = CARTESIAN_POINT ( 'NONE',  ( 3.652024827387999828, 4.000000000000000000, -12.35528246480399872 ) ) ;
#3391 = ORIENTED_EDGE ( 'NONE', *, *, #4214, .F. ) ;
#3392 = CARTESIAN_POINT ( 'NONE',  ( 5.688443350538999965, 17.30000000000000071, -15.45000000000000107 ) ) ;
#3393 = PLANE ( 'NONE',  #1178 ) ;
#3394 = CARTESIAN_POINT ( 'NONE',  ( 5.765462857231999472, 4.549999999999999822, -0.2500000000000000000 ) ) ;
#3395 = CIRCLE ( 'NONE', #1710, 0.1499999999999999667 ) ;
#3396 = LINE ( 'NONE', #11430, #5459 ) ;
#3397 = DIRECTION ( 'NONE',  ( 0.000000000000000000, 1.000000000000000000, 0.000000000000000000 ) ) ;
#3398 = VECTOR ( 'NONE', #395, 1000.000000000000000 ) ;
#3399 = VECTOR ( 'NONE', #4328, 1000.000000000000000 ) ;
#3400 = VERTEX_POINT ( 'NONE', #10389 ) ;
#3401 = EDGE_CURVE ( 'NONE', #4952, #10954, #1643, .T. ) ;
#3402 = EDGE_CURVE ( 'NONE', #1795, #32, #7807, .T. ) ;
#3403 = ORIENTED_EDGE ( 'NONE', *, *, #2406, .T. ) ;
#3404 = LINE ( 'NONE', #6999, #8665 ) ;
#3405 = AXIS2_PLACEMENT_3D ( 'NONE', #355, #4763, #7393 ) ;
#3406 = CIRCLE ( 'NONE', #9791, 0.2899999999999999800 ) ;
#3407 = CARTESIAN_POINT ( 'NONE',  ( 6.166437780604000274, 17.30000000000000071, -17.64999999999999858 ) ) ;
#3408 = DIRECTION ( 'NONE',  ( 0.000000000000000000, 0.000000000000000000, -1.000000000000000000 ) ) ;
#3409 = LINE ( 'NONE', #11380, #1850 ) ;
#3410 = DIRECTION ( 'NONE',  ( 0.000000000000000000, 1.000000000000000000, 0.000000000000000000 ) ) ;
#3411 = ORIENTED_EDGE ( 'NONE', *, *, #5328, .F. ) ;
#3412 = DIRECTION ( 'NONE',  ( 1.000000000000000000, 0.000000000000000000, 0.000000000000000000 ) ) ;
#3413 = CARTESIAN_POINT ( 'NONE',  ( 1.650462857231999925, 4.000000000000000000, -14.47000000000000064 ) ) ;
#3414 = AXIS2_PLACEMENT_3D ( 'NONE', #5329, #758, #4335 ) ;
#3415 = EDGE_LOOP ( 'NONE', ( #3627, #7182, #9266, #7398 ) ) ;
#3416 = CIRCLE ( 'NONE', #10546, 0.1000000000000002554 ) ;
#3417 = CARTESIAN_POINT ( 'NONE',  ( 1.563767697292995917, 4.510295692375004606, -13.76581650184399130 ) ) ;
#3418 = EDGE_CURVE ( 'NONE', #11516, #8673, #654, .T. ) ;
#3419 = EDGE_CURVE ( 'NONE', #4869, #1795, #2573, .T. ) ;
#3420 = DIRECTION ( 'NONE',  ( 1.000000000000000000, 0.000000000000000000, 0.000000000000000000 ) ) ;
#3421 = LINE ( 'NONE', #671, #3331 ) ;
#3422 = DIRECTION ( 'NONE',  ( 0.000000000000000000, 0.000000000000000000, -1.000000000000000000 ) ) ;
#3423 = DIRECTION ( 'NONE',  ( 1.000000000000000000, 0.000000000000000000, 0.000000000000000000 ) ) ;
#3424 = EDGE_LOOP ( 'NONE', ( #3262, #339, #680, #6288 ) ) ;
#3425 = PLANE ( 'NONE',  #5117 ) ;
#3426 = PRESENTATION_STYLE_ASSIGNMENT (( #797 ) ) ;
#3427 = ORIENTED_EDGE ( 'NONE', *, *, #2020, .F. ) ;
#3428 = ORIENTED_EDGE ( 'NONE', *, *, #3119, .T. ) ;
#3429 = ORIENTED_EDGE ( 'NONE', *, *, #3140, .T. ) ;
#3430 = AXIS2_PLACEMENT_3D ( 'NONE', #7855, #7032, #11526 ) ;
#3431 = VERTEX_POINT ( 'NONE', #1594 ) ;
#3432 = CARTESIAN_POINT ( 'NONE',  ( 14.78046285723200093, 3.700000000000000178, -9.955673334989999290 ) ) ;
#3433 = CARTESIAN_POINT ( 'NONE',  ( 7.485462857232000111, 4.000000000000000000, -17.32499999999999929 ) ) ;
#3434 = DIRECTION ( 'NONE',  ( 1.000000000000000000, 0.000000000000000000, 0.000000000000000000 ) ) ;
#3435 = ORIENTED_EDGE ( 'NONE', *, *, #530, .F. ) ;
#3436 = DIRECTION ( 'NONE',  ( -1.000000000000000000, 0.000000000000000000, 0.000000000000000000 ) ) ;
#3437 = ORIENTED_EDGE ( 'NONE', *, *, #3379, .F. ) ;
#3438 = CARTESIAN_POINT ( 'NONE',  ( 13.83546285723200064, 4.000000000000000000, -19.86500000000000199 ) ) ;
#3439 = ORIENTED_EDGE ( 'NONE', *, *, #9441, .T. ) ;
#3440 = CARTESIAN_POINT ( 'NONE',  ( 4.425099789352677782, 3.632315437433781380, -9.918339287236257462 ) ) ;
#3441 = FACE_OUTER_BOUND ( 'NONE', #854, .T. ) ;
#3442 = CYLINDRICAL_SURFACE ( 'NONE', #8206, 1.574999999999999956 ) ;
#3443 = VERTEX_POINT ( 'NONE', #7756 ) ;
#3444 = LINE ( 'NONE', #10440, #2109 ) ;
#3445 = LINE ( 'NONE', #7039, #6387 ) ;
#3446 = CARTESIAN_POINT ( 'NONE',  ( 17.58046285723199986, 0.5000000000000000000, -13.84113101483900188 ) ) ;
#3447 = LINE ( 'NONE', #8747, #5118 ) ;
#3448 = ORIENTED_EDGE ( 'NONE', *, *, #4428, .T. ) ;
#3449 = DIRECTION ( 'NONE',  ( 0.000000000000000000, 0.000000000000000000, -1.000000000000000000 ) ) ;
#3450 = EDGE_CURVE ( 'NONE', #2726, #5906, #7164, .T. ) ;
#3451 = LINE ( 'NONE', #7170, #11394 ) ;
#3452 = ADVANCED_FACE ( 'NONE', ( #11366 ), #4172, .T. ) ;
#3453 = DIRECTION ( 'NONE',  ( 0.000000000000000000, -1.000000000000000000, 0.000000000000000000 ) ) ;
#3454 = CARTESIAN_POINT ( 'NONE',  ( 15.56546285723199929, 11.67999999999999972, -9.799999999999998934 ) ) ;
#3455 = LINE ( 'NONE', #7050, #10855 ) ;
#3456 = ORIENTED_EDGE ( 'NONE', *, *, #1254, .T. ) ;
#3457 = CARTESIAN_POINT ( 'NONE',  ( 14.93579762883479845, 17.30000000000000071, -16.65417823791529983 ) ) ;
#3458 = ADVANCED_FACE ( 'NONE', ( #6108 ), #3393, .F. ) ;
#3459 = EDGE_CURVE ( 'NONE', #2664, #6020, #6828, .T. ) ;
#3460 = DIRECTION ( 'NONE',  ( 1.000000000000000000, 0.000000000000000000, 0.000000000000000000 ) ) ;
#3461 = ORIENTED_EDGE ( 'NONE', *, *, #11558, .T. ) ;
#3462 = CARTESIAN_POINT ( 'NONE',  ( 9.435797106966900216, 17.10000000000000142, -16.57910867929499688 ) ) ;
#3463 = CARTESIAN_POINT ( 'NONE',  ( 1.650462857231999925, 4.000000000000000000, -21.25000000000000000 ) ) ;
#3464 = CARTESIAN_POINT ( 'NONE',  ( 9.615462857231998228, 17.10000000000000142, -21.25000000000000000 ) ) ;
#3465 = DIRECTION ( 'NONE',  ( 0.000000000000000000, 0.000000000000000000, -1.000000000000000000 ) ) ;
#3466 = DIRECTION ( 'NONE',  ( -0.9979663327133608819, 0.000000000000000000, 0.06374322529214807020 ) ) ;
#3467 = ORIENTED_EDGE ( 'NONE', *, *, #952, .F. ) ;
#3468 = CARTESIAN_POINT ( 'NONE',  ( 9.155462857232000928, 0.2500000000000000000, -19.68999999999999773 ) ) ;
#3469 = DIRECTION ( 'NONE',  ( 0.000000000000000000, 0.000000000000000000, 1.000000000000000000 ) ) ;
#3470 = VERTEX_POINT ( 'NONE', #11483 ) ;
#3471 = LINE ( 'NONE', #10584, #7742 ) ;
#3472 = EDGE_CURVE ( 'NONE', #7612, #4869, #3444, .T. ) ;
#3473 = EDGE_CURVE ( 'NONE', #5859, #6085, #10606, .T. ) ;
#3474 = ORIENTED_EDGE ( 'NONE', *, *, #10725, .T. ) ;
#3475 = ORIENTED_EDGE ( 'NONE', *, *, #7346, .T. ) ;
#3476 = VERTEX_POINT ( 'NONE', #1699 ) ;
#3477 = ORIENTED_EDGE ( 'NONE', *, *, #6584, .T. ) ;
#3478 = DIRECTION ( 'NONE',  ( 0.000000000000000000, 0.000000000000000000, -1.000000000000000000 ) ) ;
#3479 = ADVANCED_FACE ( 'NONE', ( #8573 ), #8694, .F. ) ;
#3480 = LINE ( 'NONE', #9662, #6534 ) ;
#3481 = LINE ( 'NONE', #8779, #3385 ) ;
#3482 = CARTESIAN_POINT ( 'NONE',  ( 10.99081109736899897, 17.30000000000000071, -16.37841224074399804 ) ) ;
#3483 = ORIENTED_EDGE ( 'NONE', *, *, #6858, .F. ) ;
#3484 = LINE ( 'NONE', #7080, #9395 ) ;
#3485 = ORIENTED_EDGE ( 'NONE', *, *, #8147, .F. ) ;
#3486 = B_SPLINE_CURVE_WITH_KNOTS ( 'NONE', 3,
 ( #11018, #5701, #6646, #6586 ),
 .UNSPECIFIED., .F., .F.,
 ( 4, 4 ),
 ( 0.000000000000000000, 1.000000000000000000 ),
 .UNSPECIFIED. ) ;
#3487 = DIRECTION ( 'NONE',  ( 1.000000000000000000, 0.000000000000000000, 0.000000000000000000 ) ) ;
#3488 = VERTEX_POINT ( 'NONE', #5048 ) ;
#3489 = CARTESIAN_POINT ( 'NONE',  ( 3.900462857232000147, 4.000000000000000000, -10.80000000000000071 ) ) ;
#3490 = CARTESIAN_POINT ( 'NONE',  ( 1.650462857231999925, 0.000000000000000000, -13.83000000000000007 ) ) ;
#3491 = DIRECTION ( 'NONE',  ( -0.6728772455790055229, 0.000000000000000000, 0.7397541567183051336 ) ) ;
#3492 = ORIENTED_EDGE ( 'NONE', *, *, #4614, .F. ) ;
#3493 = SPHERICAL_SURFACE ( 'NONE', #5609, 0.2300000000000000100 ) ;
#3494 = DIRECTION ( 'NONE',  ( 1.000000000000000000, 0.000000000000000000, 0.000000000000000000 ) ) ;
#3495 = CARTESIAN_POINT ( 'NONE',  ( 7.102942129529999704, 17.10000000000000142, -16.95927343660500242 ) ) ;
#3496 = AXIS2_PLACEMENT_3D ( 'NONE', #2079, #1956, #200 ) ;
#3497 = CARTESIAN_POINT ( 'NONE',  ( 8.957802808031898323, 17.10000000000000142, -17.64999999999999858 ) ) ;
#3498 = DIRECTION ( 'NONE',  ( 0.000000000000000000, 1.000000000000000000, 0.000000000000000000 ) ) ;
#3499 = ORIENTED_EDGE ( 'NONE', *, *, #5714, .F. ) ;
#3500 = AXIS2_PLACEMENT_3D ( 'NONE', #4034, #5919, #11179 ) ;
#3501 = CARTESIAN_POINT ( 'NONE',  ( 1.470133353637004481, 4.137926765563999965, -13.62421138996299064 ) ) ;
#3502 = VECTOR ( 'NONE', #5305, 1000.000000000000000 ) ;
#3503 = CARTESIAN_POINT ( 'NONE',  ( 10.72117327426400024, 17.30000000000000071, -17.64999999999999858 ) ) ;
#3504 = LINE ( 'NONE', #9685, #11235 ) ;
#3505 = CARTESIAN_POINT ( 'NONE',  ( 7.935462857231999401, 0.5000000000000000000, -17.32499999999999929 ) ) ;
#3506 = PLANE ( 'NONE',  #4123 ) ;
#3507 = ORIENTED_EDGE ( 'NONE', *, *, #7045, .F. ) ;
#3508 = B_SPLINE_SURFACE_WITH_KNOTS ( 'NONE', 3, 1, ( 
 ( #2090, #7548 ),
 ( #10293, #4738 ),
 ( #2909, #11169 ),
 ( #5679, #10184 ) ),
 .UNSPECIFIED., .F., .F., .F.,
 ( 4, 4 ),
 ( 2, 2 ),
 ( 0.02645487402846299907, 0.9526975798118280103 ),
 ( 0.000000000000000000, 1.000000000000000000 ),
 .UNSPECIFIED. ) ;
#3509 = CARTESIAN_POINT ( 'NONE',  ( 13.69178623023975838, 17.10000000000000142, -17.42479105646210158 ) ) ;
#3510 = VECTOR ( 'NONE', #7014, 1000.000000000000000 ) ;
#3511 = CARTESIAN_POINT ( 'NONE',  ( 3.568002037280999961, 4.000000000000000000, -12.26290869432999919 ) ) ;
#3512 = VECTOR ( 'NONE', #7793, 1000.000000000000000 ) ;
#3513 = CIRCLE ( 'NONE', #10091, 0.1000000000000002692 ) ;
#3514 = EDGE_LOOP ( 'NONE', ( #4661, #10030, #10759, #4662, #5339, #4508 ) ) ;
#3515 = ADVANCED_FACE ( 'NONE', ( #11317 ), #974, .T. ) ;
#3516 = EDGE_CURVE ( 'NONE', #1150, #9109, #2411, .T. ) ;
#3517 = CARTESIAN_POINT ( 'NONE',  ( 14.93579763148800055, 17.30000000000000071, -16.65417823791499785 ) ) ;
#3518 = FACE_BOUND ( 'NONE', #3081, .T. ) ;
#3519 = DIRECTION ( 'NONE',  ( -0.7397541567183137934, -0.000000000000000000, -0.6728772455789958640 ) ) ;
#3520 = VECTOR ( 'NONE', #2487, 1000.000000000000000 ) ;
#3521 = EDGE_CURVE ( 'NONE', #6940, #5931, #8478, .T. ) ;
#3522 = DIRECTION ( 'NONE',  ( 0.000000000000000000, 0.000000000000000000, 1.000000000000000000 ) ) ;
#3523 = PLANE ( 'NONE',  #10621 ) ;
#3524 = ORIENTED_EDGE ( 'NONE', *, *, #10858, .F. ) ;
#3525 = AXIS2_PLACEMENT_3D ( 'NONE', #3102, #10251, #3156 ) ;
#3526 = VECTOR ( 'NONE', #2876, 1000.000000000000000 ) ;
#3527 = FACE_OUTER_BOUND ( 'NONE', #3298, .T. ) ;
#3528 = DIRECTION ( 'NONE',  ( 1.000000000000000000, 0.000000000000000000, 0.000000000000000000 ) ) ;
#3529 = ORIENTED_EDGE ( 'NONE', *, *, #5423, .T. ) ;
#3530 = CARTESIAN_POINT ( 'NONE',  ( 2.443928485430999942, 0.5000000000000000000, -11.03266418667999993 ) ) ;
#3531 = EDGE_CURVE ( 'NONE', #8109, #4376, #7732, .T. ) ;
#3532 = ORIENTED_EDGE ( 'NONE', *, *, #6647, .F. ) ;
#3533 = AXIS2_PLACEMENT_3D ( 'NONE', #7837, #11405, #3371 ) ;
#3534 = EDGE_LOOP ( 'NONE', ( #3777, #2986, #1158, #3833 ) ) ;
#3535 = ORIENTED_EDGE ( 'NONE', *, *, #4454, .F. ) ;
#3536 = ORIENTED_EDGE ( 'NONE', *, *, #6943, .T. ) ;
#3537 = AXIS2_PLACEMENT_3D ( 'NONE', #3812, #8340, #3870 ) ;
#3538 = PLANE ( 'NONE',  #1542 ) ;
#3539 = DIRECTION ( 'NONE',  ( 0.000000000000000000, -1.000000000000000000, 0.000000000000000000 ) ) ;
#3540 = EDGE_CURVE ( 'NONE', #370, #2940, #8374, .T. ) ;
#3541 = ADVANCED_FACE ( 'NONE', ( #3558 ), #7972, .T. ) ;
#3542 = ADVANCED_FACE ( 'NONE', ( #7159 ), #9264, .T. ) ;
#3543 = DIRECTION ( 'NONE',  ( 0.000000000000000000, 1.000000000000000000, 0.000000000000000000 ) ) ;
#3544 = CARTESIAN_POINT ( 'NONE',  ( 2.360422273350999856, 0.4000000000000000222, -9.259959416120000952 ) ) ;
#3545 = EDGE_LOOP ( 'NONE', ( #4771, #6848, #3864 ) ) ;
#3546 = VECTOR ( 'NONE', #8338, 1000.000000000000000 ) ;
#3547 = LINE ( 'NONE', #6267, #5085 ) ;
#3548 = EDGE_LOOP ( 'NONE', ( #7259, #2737, #1075, #8252, #2030, #6475, #5844, #7147, #5505, #2642, #1020, #7954, #3485 ) ) ;
#3549 = ORIENTED_EDGE ( 'NONE', *, *, #7723, .T. ) ;
#3550 = ORIENTED_EDGE ( 'NONE', *, *, #4284, .F. ) ;
#3551 = CARTESIAN_POINT ( 'NONE',  ( 7.163791668162000192, 17.30000000000000071, -16.83955427408200123 ) ) ;
#3552 = VECTOR ( 'NONE', #5382, 1000.000000000000000 ) ;
#3553 = EDGE_CURVE ( 'NONE', #1928, #5549, #10127, .T. ) ;
#3554 = DIRECTION ( 'NONE',  ( 0.000000000000000000, -1.000000000000000000, 0.000000000000000000 ) ) ;
#3555 = CARTESIAN_POINT ( 'NONE',  ( 11.64546285723199937, 4.250000000000000000, 0.000000000000000000 ) ) ;
#3556 = ORIENTED_EDGE ( 'NONE', *, *, #4061, .T. ) ;
#3557 = CARTESIAN_POINT ( 'NONE',  ( 1.880462857232000129, 17.06999999999999673, -21.01999999999999957 ) ) ;
#3558 = FACE_OUTER_BOUND ( 'NONE', #909, .T. ) ;
#3559 = PLANE ( 'NONE',  #10119 ) ;
#3560 = AXIS2_PLACEMENT_3D ( 'NONE', #4563, #1043, #4615 ) ;
#3561 = LINE ( 'NONE', #3739, #6037 ) ;
#3562 = CIRCLE ( 'NONE', #7705, 0.5000000000000000000 ) ;
#3563 = CARTESIAN_POINT ( 'NONE',  ( 1.500462857232000013, 4.203779418383999378, -13.85886898516099919 ) ) ;
#3564 = VERTEX_POINT ( 'NONE', #4671 ) ;
#3565 = EDGE_LOOP ( 'NONE', ( #5926, #9636, #5268, #10244 ) ) ;
#3566 = LINE ( 'NONE', #4402, #6810 ) ;
#3567 = AXIS2_PLACEMENT_3D ( 'NONE', #9991, #4647, #4010 ) ;
#3568 = LINE ( 'NONE', #8154, #10256 ) ;
#3569 = VECTOR ( 'NONE', #1517, 1000.000000000000000 ) ;
#3570 = DIRECTION ( 'NONE',  ( 0.000000000000000000, 0.000000000000000000, 1.000000000000000000 ) ) ;
#3571 = FACE_BOUND ( 'NONE', #1986, .T. ) ;
#3572 = CARTESIAN_POINT ( 'NONE',  ( 14.98941835139700096, 17.30000000000000071, -17.29456826448399909 ) ) ;
#3573 = ORIENTED_EDGE ( 'NONE', *, *, #4047, .T. ) ;
#3574 = CIRCLE ( 'NONE', #6407, 0.1999999999999987899 ) ;
#3575 = VECTOR ( 'NONE', #3992, 1000.000000000000000 ) ;
#3576 = CARTESIAN_POINT ( 'NONE',  ( 1.650462857231999925, 0.7899999978549999691, -13.55113101483900095 ) ) ;
#3577 = DIRECTION ( 'NONE',  ( 0.7397541567183137934, 0.000000000000000000, -0.6728772455789958640 ) ) ;
#3578 = ORIENTED_EDGE ( 'NONE', *, *, #8369, .T. ) ;
#3579 = DIRECTION ( 'NONE',  ( 0.000000000000000000, -1.000000000000000000, 0.000000000000000000 ) ) ;
#3580 = ORIENTED_EDGE ( 'NONE', *, *, #9020, .F. ) ;
#3581 = FACE_BOUND ( 'NONE', #10770, .T. ) ;
#3582 = AXIS2_PLACEMENT_3D ( 'NONE', #10666, #8865, #2636 ) ;
#3583 = CARTESIAN_POINT ( 'NONE',  ( 7.765880787119999518, 17.10000000000000142, -16.61434546709099891 ) ) ;
#3584 = VECTOR ( 'NONE', #3649, 1000.000000000000114 ) ;
#3585 = CARTESIAN_POINT ( 'NONE',  ( 15.66044916634199957, 17.10000000000000142, -16.48871893137700084 ) ) ;
#3586 = DIRECTION ( 'NONE',  ( 0.1577384316472059955, 0.000000000000000000, 0.9874809300343372342 ) ) ;
#3587 = ORIENTED_EDGE ( 'NONE', *, *, #5550, .F. ) ;
#3588 = DIRECTION ( 'NONE',  ( 0.9805806756909163369, -0.1961161351382035567, 0.000000000000000000 ) ) ;
#3589 = DIRECTION ( 'NONE',  ( 0.000000000000000000, 0.000000000000000000, -1.000000000000000000 ) ) ;
#3590 = VERTEX_POINT ( 'NONE', #10061 ) ;
#3591 = EDGE_CURVE ( 'NONE', #10522, #4801, #8250, .T. ) ;
#3592 = DIRECTION ( 'NONE',  ( 0.000000000000000000, -1.000000000000000000, 0.000000000000000000 ) ) ;
#3593 = AXIS2_PLACEMENT_3D ( 'NONE', #1630, #3543, #2617 ) ;
#3594 = CARTESIAN_POINT ( 'NONE',  ( 7.226604878649999897, 17.30000000000000071, -17.64999999999999858 ) ) ;
#3595 = AXIS2_PLACEMENT_3D ( 'NONE', #11114, #4019, #3951 ) ;
#3596 = CARTESIAN_POINT ( 'NONE',  ( 1.742740437661661534, 4.092273327810379335, -0.04538042019984812186 ) ) ;
#3597 = AXIS2_PLACEMENT_3D ( 'NONE', #7174, #10037, #10796 ) ;
#3598 = ORIENTED_EDGE ( 'NONE', *, *, #10156, .T. ) ;
#3599 = ORIENTED_EDGE ( 'NONE', *, *, #6871, .F. ) ;
#3600 = DIRECTION ( 'NONE',  ( 0.000000000000000000, -1.000000000000000000, 0.000000000000000000 ) ) ;
#3601 = LINE ( 'NONE', #4433, #2972 ) ;
#3602 = DIRECTION ( 'NONE',  ( -0.9979663327133609929, 0.000000000000000000, 0.06374322529214700161 ) ) ;
#3603 = CARTESIAN_POINT ( 'NONE',  ( 8.755462857231998797, 4.000000000000000000, -19.86500000000000199 ) ) ;
#3604 = EDGE_LOOP ( 'NONE', ( #11047, #7861, #1432, #8139 ) ) ;
#3605 = EDGE_CURVE ( 'NONE', #3364, #3801, #8285, .T. ) ;
#3606 = EDGE_CURVE ( 'NONE', #3488, #6889, #7376, .T. ) ;
#3607 = DIRECTION ( 'NONE',  ( 0.000000000000000000, 0.000000000000000000, -1.000000000000000000 ) ) ;
#3608 = ORIENTED_EDGE ( 'NONE', *, *, #326, .T. ) ;
#3609 = ADVANCED_FACE ( 'NONE', ( #2027 ), #43, .T. ) ;
#3610 = ADVANCED_FACE ( 'NONE', ( #1227 ), #8028, .T. ) ;
#3611 = ORIENTED_EDGE ( 'NONE', *, *, #2176, .T. ) ;
#3612 = ORIENTED_EDGE ( 'NONE', *, *, #3886, .T. ) ;
#3613 = ORIENTED_EDGE ( 'NONE', *, *, #10636, .T. ) ;
#3614 = CARTESIAN_POINT ( 'NONE',  ( 14.88046285723199880, 3.600000000000000089, -4.750000000000000000 ) ) ;
#3615 = ORIENTED_EDGE ( 'NONE', *, *, #9802, .T. ) ;
#3616 = FACE_OUTER_BOUND ( 'NONE', #3628, .T. ) ;
#3617 = DIRECTION ( 'NONE',  ( 0.000000000000000000, 0.000000000000000000, -1.000000000000000000 ) ) ;
#3618 = VECTOR ( 'NONE', #1638, 1000.000000000000000 ) ;
#3619 = DIRECTION ( 'NONE',  ( 0.000000000000000000, 0.000000000000000000, -1.000000000000000000 ) ) ;
#3620 = ORIENTED_EDGE ( 'NONE', *, *, #5139, .F. ) ;
#3621 = DIRECTION ( 'NONE',  ( 0.000000000000000000, -1.000000000000000000, 0.000000000000000000 ) ) ;
#3622 = FACE_OUTER_BOUND ( 'NONE', #5441, .T. ) ;
#3623 = DIRECTION ( 'NONE',  ( 0.7071067811865475727, 0.000000000000000000, 0.7071067811865475727 ) ) ;
#3624 = ADVANCED_FACE ( 'NONE', ( #869 ), #1907, .T. ) ;
#3625 = ADVANCED_FACE ( 'NONE', ( #1097 ), #2696, .T. ) ;
#3626 = CARTESIAN_POINT ( 'NONE',  ( 17.38046285723200057, 3.850000000000000089, -14.47000000000000064 ) ) ;
#3627 = ORIENTED_EDGE ( 'NONE', *, *, #7658, .F. ) ;
#3628 = EDGE_LOOP ( 'NONE', ( #10085, #6405, #6648, #2489, #8335, #9074 ) ) ;
#3629 = CARTESIAN_POINT ( 'NONE',  ( 1.691207820469998513, 4.121175673721997335, -13.56903304250099040 ) ) ;
#3630 = LINE ( 'NONE', #6346, #4860 ) ;
#3631 = CARTESIAN_POINT ( 'NONE',  ( 13.45546285723199986, 4.000000000000000000, -6.490000000000000213 ) ) ;
#3632 = PLANE ( 'NONE',  #8977 ) ;
#3633 = DIRECTION ( 'NONE',  ( 0.000000000000000000, -1.000000000000000000, 0.000000000000000000 ) ) ;
#3634 = VERTEX_POINT ( 'NONE', #9800 ) ;
#3635 = DIRECTION ( 'NONE',  ( 0.000000000000000000, 0.000000000000000000, -1.000000000000000000 ) ) ;
#3636 = DIRECTION ( 'NONE',  ( -0.6728772455789959750, 0.000000000000000000, -0.7397541567183137934 ) ) ;
#3637 = ORIENTED_EDGE ( 'NONE', *, *, #11137, .F. ) ;
#3638 = FACE_OUTER_BOUND ( 'NONE', #9440, .T. ) ;
#3639 = EDGE_LOOP ( 'NONE', ( #9853, #1849, #10036, #9881 ) ) ;
#3640 = FACE_BOUND ( 'NONE', #255, .T. ) ;
#3641 = DIRECTION ( 'NONE',  ( 1.000000000000000000, 0.000000000000000000, 0.000000000000000000 ) ) ;
#3642 = CARTESIAN_POINT ( 'NONE',  ( 10.90348519061599930, 17.10000000000000142, -15.45000000000000107 ) ) ;
#3643 = CARTESIAN_POINT ( 'NONE',  ( 5.406549179301000763, 17.10000000000000142, -15.80389970838999858 ) ) ;
#3644 = ORIENTED_EDGE ( 'NONE', *, *, #3419, .T. ) ;
#3645 = CARTESIAN_POINT ( 'NONE',  ( 17.38046285723200057, 0.5999999999999999778, -13.83000000000000007 ) ) ;
#3646 = DIRECTION ( 'NONE',  ( 1.000000000000000000, 0.000000000000000000, 0.000000000000000000 ) ) ;
#3647 = EDGE_LOOP ( 'NONE', ( #9668, #3078, #6090, #4727 ) ) ;
#3648 = DIRECTION ( 'NONE',  ( -0.000000000000000000, 1.000000000000000000, 0.000000000000000000 ) ) ;
#3649 = DIRECTION ( 'NONE',  ( -0.7011213444061837885, 0.1298372860010969521, -0.7011213444061837885 ) ) ;
#3650 = B_SPLINE_CURVE_WITH_KNOTS ( 'NONE', 3,
 ( #8405, #11036, #10922, #6662 ),
 .UNSPECIFIED., .F., .F.,
 ( 4, 4 ),
 ( 0.000000000000000000, 1.000000000000000000 ),
 .UNSPECIFIED. ) ;
#3651 = VERTEX_POINT ( 'NONE', #9199 ) ;
#3652 = EDGE_LOOP ( 'NONE', ( #2867, #794, #4761, #9537 ) ) ;
#3653 = CARTESIAN_POINT ( 'NONE',  ( 4.015462861701999842, 17.30000000000000071, -15.45000000000000107 ) ) ;
#3654 = CARTESIAN_POINT ( 'NONE',  ( 15.48046285723199844, 3.700000000000000178, -14.75000000000000000 ) ) ;
#3655 = DIRECTION ( 'NONE',  ( -1.385558024322999951E-13, -1.000000000000000000, -8.673694738343999964E-13 ) ) ;
#3656 = FACE_OUTER_BOUND ( 'NONE', #4826, .T. ) ;
#3657 = VERTEX_POINT ( 'NONE', #4446 ) ;
#3658 = CARTESIAN_POINT ( 'NONE',  ( 7.010588299974999771, 17.30000000000000071, -15.45000000000000107 ) ) ;
#3659 = ORIENTED_EDGE ( 'NONE', *, *, #8352, .F. ) ;
#3660 = EDGE_LOOP ( 'NONE', ( #5320, #7042, #10845, #9155 ) ) ;
#3661 = EDGE_LOOP ( 'NONE', ( #8119, #10533, #11306, #2602 ) ) ;
#3662 = ORIENTED_EDGE ( 'NONE', *, *, #10022, .T. ) ;
#3663 = EDGE_CURVE ( 'NONE', #10169, #9939, #8319, .T. ) ;
#3664 = LINE ( 'NONE', #5442, #7488 ) ;
#3665 = ADVANCED_FACE ( 'NONE', ( #11597 ), #6282, .T. ) ;
#3666 = ORIENTED_EDGE ( 'NONE', *, *, #8531, .T. ) ;
#3667 = DIRECTION ( 'NONE',  ( 1.000000000000000000, 0.000000000000000000, 0.000000000000000000 ) ) ;
#3668 = CARTESIAN_POINT ( 'NONE',  ( 15.72479451869500089, 17.30000000000000071, -17.42479106187800042 ) ) ;
#3669 = ADVANCED_FACE ( 'NONE', ( #2968 ), #6503, .T. ) ;
#3670 = LINE ( 'NONE', #3859, #2787 ) ;
#3671 = ORIENTED_EDGE ( 'NONE', *, *, #4614, .T. ) ;
#3672 = DIRECTION ( 'NONE',  ( 0.000000000000000000, 0.000000000000000000, -1.000000000000000000 ) ) ;
#3673 = CARTESIAN_POINT ( 'NONE',  ( 2.360422273350999856, 4.000000000000000000, -9.259959416120000952 ) ) ;
#3674 = LINE ( 'NONE', #8146, #413 ) ;
#3675 = ADVANCED_FACE ( 'NONE', ( #8548 ), #11290, .T. ) ;
#3676 = ADVANCED_FACE ( 'NONE', ( #1279 ), #6621, .T. ) ;
#3677 = CARTESIAN_POINT ( 'NONE',  ( 15.43573839396604619, 3.600000000000000089, -12.37245048528790470 ) ) ;
#3678 = VERTEX_POINT ( 'NONE', #10362 ) ;
#3679 = ORIENTED_EDGE ( 'NONE', *, *, #2292, .F. ) ;
#3680 = DIRECTION ( 'NONE',  ( 1.000000000000000000, 0.000000000000000000, 0.000000000000000000 ) ) ;
#3681 = B_SPLINE_CURVE_WITH_KNOTS ( 'NONE', 3,
 ( #8752, #7003, #8646, #7879 ),
 .UNSPECIFIED., .F., .F.,
 ( 4, 4 ),
 ( 0.000000000000000000, 1.000000000000000000 ),
 .UNSPECIFIED. ) ;
#3682 = EDGE_CURVE ( 'NONE', #5503, #6146, #3092, .T. ) ;
#3683 = ADVANCED_FACE ( 'NONE', ( #1448 ), #4202, .T. ) ;
#3684 = ADVANCED_FACE ( 'NONE', ( #632 ), #4852, .F. ) ;
#3685 = FACE_OUTER_BOUND ( 'NONE', #11353, .T. ) ;
#3686 = VECTOR ( 'NONE', #8535, 1000.000000000000000 ) ;
#3687 = CARTESIAN_POINT ( 'NONE',  ( 14.16546285723199894, 7.550000000000000711, -0.3499999999999999778 ) ) ;
#3688 = LINE ( 'NONE', #4460, #7282 ) ;
#3689 = CARTESIAN_POINT ( 'NONE',  ( 7.485462857232000111, 0.5000000000000000000, -16.97500000000000142 ) ) ;
#3690 = VERTEX_POINT ( 'NONE', #6737 ) ;
#3691 = FACE_OUTER_BOUND ( 'NONE', #6552, .T. ) ;
#3692 = ADVANCED_FACE ( 'NONE', ( #11230 ), #3206, .T. ) ;
#3693 = LINE ( 'NONE', #6353, #8858 ) ;
#3694 = ORIENTED_EDGE ( 'NONE', *, *, #2819, .T. ) ;
#3695 = VECTOR ( 'NONE', #11506, 1000.000000000000000 ) ;
#3696 = DIRECTION ( 'NONE',  ( 1.000000000000000000, 0.000000000000000000, 0.000000000000000000 ) ) ;
#3697 = ORIENTED_EDGE ( 'NONE', *, *, #9441, .F. ) ;
#3698 = DIRECTION ( 'NONE',  ( 0.000000000000000000, 0.000000000000000000, -1.000000000000000000 ) ) ;
#3699 = CARTESIAN_POINT ( 'NONE',  ( 13.79042227335100002, 4.000000000000000000, -9.259959416120000952 ) ) ;
#3700 = CARTESIAN_POINT ( 'NONE',  ( 9.615462857231998228, 0.000000000000000000, -21.25000000000000000 ) ) ;
#3701 = DIRECTION ( 'NONE',  ( 0.000000000000000000, 1.000000000000000000, 0.000000000000000000 ) ) ;
#3702 = ORIENTED_EDGE ( 'NONE', *, *, #7568, .F. ) ;
#3703 = VECTOR ( 'NONE', #11389, 1000.000000000000000 ) ;
#3704 = LINE ( 'NONE', #1899, #931 ) ;
#3705 = DIRECTION ( 'NONE',  ( 0.000000000000000000, -1.000000000000000000, 0.000000000000000000 ) ) ;
#3706 = ORIENTED_EDGE ( 'NONE', *, *, #7714, .F. ) ;
#3707 = CIRCLE ( 'NONE', #8971, 0.09999999999999956146 ) ;
#3708 = DIRECTION ( 'NONE',  ( 0.000000000000000000, 0.000000000000000000, -1.000000000000000000 ) ) ;
#3709 = ORIENTED_EDGE ( 'NONE', *, *, #11284, .T. ) ;
#3710 = VERTEX_POINT ( 'NONE', #8430 ) ;
#3711 = ORIENTED_EDGE ( 'NONE', *, *, #6211, .F. ) ;
#3712 = CARTESIAN_POINT ( 'NONE',  ( 4.015462861701999842, 17.30000000000000071, -17.64999999999999858 ) ) ;
#3713 = VECTOR ( 'NONE', #3879, 1000.000000000000000 ) ;
#3714 = CARTESIAN_POINT ( 'NONE',  ( 3.665462857232000271, 14.44999999999999929, -0.4500000000000000111 ) ) ;
#3715 = CIRCLE ( 'NONE', #4479, 0.1000000000000002692 ) ;
#3716 = VECTOR ( 'NONE', #8101, 1000.000000000000000 ) ;
#3717 = CARTESIAN_POINT ( 'NONE',  ( 15.29228167395999982, 17.30000000000000071, -17.20687313279400144 ) ) ;
#3718 = FACE_OUTER_BOUND ( 'NONE', #7882, .T. ) ;
#3719 = ORIENTED_EDGE ( 'NONE', *, *, #3251, .F. ) ;
#3720 = VECTOR ( 'NONE', #7582, 1000.000000000000000 ) ;
#3721 = PLANE ( 'NONE',  #6588 ) ;
#3722 = ORIENTED_EDGE ( 'NONE', *, *, #5987, .T. ) ;
#3723 = VECTOR ( 'NONE', #11172, 1000.000000000000000 ) ;
#3724 = AXIS2_PLACEMENT_3D ( 'NONE', #968, #3705, #6187 ) ;
#3725 = ORIENTED_EDGE ( 'NONE', *, *, #2560, .T. ) ;
#3726 = EDGE_LOOP ( 'NONE', ( #6853, #6589, #5307, #1976, #9472, #7235, #8676, #7330, #2165, #10096 ) ) ;
#3727 = VERTEX_POINT ( 'NONE', #7556 ) ;
#3728 = DIRECTION ( 'NONE',  ( 0.000000000000000000, -1.000000000000000000, 0.000000000000000000 ) ) ;
#3729 = FACE_OUTER_BOUND ( 'NONE', #1226, .T. ) ;
#3730 = DIRECTION ( 'NONE',  ( 0.000000000000000000, 0.000000000000000000, 1.000000000000000000 ) ) ;
#3731 = VECTOR ( 'NONE', #9336, 1000.000000000000000 ) ;
#3732 = CIRCLE ( 'NONE', #574, 0.1000000000000012962 ) ;
#3733 = DIRECTION ( 'NONE',  ( 0.000000000000000000, 0.000000000000000000, -1.000000000000000000 ) ) ;
#3734 = ORIENTED_EDGE ( 'NONE', *, *, #642, .F. ) ;
#3735 = FACE_OUTER_BOUND ( 'NONE', #1281, .T. ) ;
#3736 = LINE ( 'NONE', #348, #11603 ) ;
#3737 = ADVANCED_FACE ( 'NONE', ( #5087 ), #11340, .T. ) ;
#3738 = EDGE_CURVE ( 'NONE', #579, #10590, #9372, .T. ) ;
#3739 = CARTESIAN_POINT ( 'NONE',  ( 5.295462857231999720, 0.000000000000000000, -16.97500000000000142 ) ) ;
#3740 = DIRECTION ( 'NONE',  ( 0.000000000000000000, 1.000000000000000000, 0.000000000000000000 ) ) ;
#3741 = AXIS2_PLACEMENT_3D ( 'NONE', #7373, #6625, #4740 ) ;
#3742 = VERTEX_POINT ( 'NONE', #7729 ) ;
#3743 = AXIS2_PLACEMENT_3D ( 'NONE', #6768, #6878, #2469 ) ;
#3744 = ADVANCED_FACE ( 'NONE', ( #10410 ), #3257, .T. ) ;
#3745 = VERTEX_POINT ( 'NONE', #5965 ) ;
#3746 = CARTESIAN_POINT ( 'NONE',  ( 5.440503441113000882, 4.000000000000000000, -12.34004058388099878 ) ) ;
#3747 = LINE ( 'NONE', #1130, #8219 ) ;
#3748 = VECTOR ( 'NONE', #5797, 1000.000000000000000 ) ;
#3749 = CIRCLE ( 'NONE', #3383, 0.09999999999999939493 ) ;
#3750 = LINE ( 'NONE', #6411, #5629 ) ;
#3751 = CARTESIAN_POINT ( 'NONE',  ( 1.850462857232000102, 0.5999999999999999778, -13.23000000000000043 ) ) ;
#3752 = CARTESIAN_POINT ( 'NONE',  ( 1.650462857231999925, 4.493779418384000302, -13.84113101269399948 ) ) ;
#3753 = ORIENTED_EDGE ( 'NONE', *, *, #1754, .F. ) ;
#3754 = CARTESIAN_POINT ( 'NONE',  ( 3.265462857231999916, 7.115000000000000213, -0.2500000000000000000 ) ) ;
#3755 = LINE ( 'NONE', #7227, #961 ) ;
#3756 = EDGE_CURVE ( 'NONE', #4178, #11403, #1396, .T. ) ;
#3757 = EDGE_CURVE ( 'NONE', #10920, #3690, #6045, .T. ) ;
#3758 = VERTEX_POINT ( 'NONE', #4080 ) ;
#3759 = VERTEX_POINT ( 'NONE', #4028 ) ;
#3760 = DIRECTION ( 'NONE',  ( 0.000000000000000000, -1.000000000000000000, 0.000000000000000000 ) ) ;
#3761 = ORIENTED_EDGE ( 'NONE', *, *, #982, .F. ) ;
#3762 = LINE ( 'NONE', #7463, #7152 ) ;
#3763 = CARTESIAN_POINT ( 'NONE',  ( 5.765462857231999472, 6.400000000000000355, -0.2000000000000000111 ) ) ;
#3764 = AXIS2_PLACEMENT_3D ( 'NONE', #9385, #11304, #3914 ) ;
#3765 = CARTESIAN_POINT ( 'NONE',  ( 12.13370798800900019, 17.10000000000000142, -15.45000000000000107 ) ) ;
#3766 = LINE ( 'NONE', #6542, #2757 ) ;
#3767 = VERTEX_POINT ( 'NONE', #1338 ) ;
#3768 = VECTOR ( 'NONE', #2614, 1000.000000000000000 ) ;
#3769 = DIRECTION ( 'NONE',  ( 1.000000000000000000, 0.000000000000000000, 0.000000000000000000 ) ) ;
#3770 = CARTESIAN_POINT ( 'NONE',  ( 17.55835511957387496, 4.022133933730868804, -0.1312863209654725472 ) ) ;
#3771 = ORIENTED_EDGE ( 'NONE', *, *, #8632, .T. ) ;
#3772 = CARTESIAN_POINT ( 'NONE',  ( 9.615462857231998228, 0.000000000000000000, -21.25000000000000000 ) ) ;
#3773 = CARTESIAN_POINT ( 'NONE',  ( 1.801599654853259125, 4.151141619231561108, -0.01393474908597625017 ) ) ;
#3774 = VECTOR ( 'NONE', #9116, 1000.000000000000000 ) ;
#3775 = EDGE_CURVE ( 'NONE', #6146, #6823, #8498, .T. ) ;
#3776 = ADVANCED_FACE ( 'NONE', ( #7609 ), #2603, .T. ) ;
#3777 = ORIENTED_EDGE ( 'NONE', *, *, #1704, .F. ) ;
#3778 = VECTOR ( 'NONE', #6932, 1000.000000000000000 ) ;
#3779 = EDGE_LOOP ( 'NONE', ( #4206, #2597, #10638, #4085 ) ) ;
#3780 = AXIS2_PLACEMENT_3D ( 'NONE', #10051, #4604, #7303 ) ;
#3781 = DIRECTION ( 'NONE',  ( 0.000000000000000000, 1.000000000000000000, 0.000000000000000000 ) ) ;
#3782 = PLANE ( 'NONE',  #11574 ) ;
#3783 = CARTESIAN_POINT ( 'NONE',  ( 16.78699722903299829, 0.5000000000000000000, -11.03266418667999993 ) ) ;
#3784 = DIRECTION ( 'NONE',  ( 0.000000000000000000, -1.000000000000000000, 0.000000000000000000 ) ) ;
#3785 = VECTOR ( 'NONE', #4012, 1000.000000000000000 ) ;
#3786 = CARTESIAN_POINT ( 'NONE',  ( 3.900462857232000147, 0.5000000000000000000, -10.80000000000000071 ) ) ;
#3787 = ORIENTED_EDGE ( 'NONE', *, *, #10059, .T. ) ;
#3788 = VECTOR ( 'NONE', #8236, 1000.000000000000000 ) ;
#3789 = AXIS2_PLACEMENT_3D ( 'NONE', #10745, #76, #9865 ) ;
#3790 = DIRECTION ( 'NONE',  ( 0.000000000000000000, -1.000000000000000000, 0.000000000000000000 ) ) ;
#3791 = CARTESIAN_POINT ( 'NONE',  ( 4.450462857231999081, 3.700000000000000178, -14.75000000000000000 ) ) ;
#3792 = ORIENTED_EDGE ( 'NONE', *, *, #2052, .T. ) ;
#3793 = ORIENTED_EDGE ( 'NONE', *, *, #10141, .F. ) ;
#3794 = ORIENTED_EDGE ( 'NONE', *, *, #10021, .F. ) ;
#3795 = ORIENTED_EDGE ( 'NONE', *, *, #9652, .T. ) ;
#3796 = B_SPLINE_CURVE_WITH_KNOTS ( 'NONE', 3,
 ( #27, #7417, #9012, #6492, #10116, #3836, #971, #9944, #5603, #4551, #8237, #2014, #2085, #5673, #3596, #8172, #207, #10988, #9187, #1155, #3773, #2851, #6551, #9256, #2781 ),
 .UNSPECIFIED., .F., .F.,
 ( 4, 2, 2, 2, 2, 1, 2, 2, 2, 1, 1, 2, 2, 4 ),
 ( 0.000000000000000000, 0.1249999999999960032, 0.1874999999999939215, 0.2499999999999918399, 0.3749999999999876765, 0.4374999999999851785, 0.4687499999999855116, 0.4999999999999857891, 0.6249999999999827915, 0.6874999999999807931, 0.7187499999999797939, 0.7343749999999805711, 0.7499999999999814593, 1.000000000000000000 ),
 .UNSPECIFIED. ) ;
#3797 = LINE ( 'NONE', #8257, #3327 ) ;
#3798 = DIRECTION ( 'NONE',  ( 0.000000000000000000, 0.000000000000000000, -1.000000000000000000 ) ) ;
#3799 = LINE ( 'NONE', #108, #53 ) ;
#3800 = DIRECTION ( 'NONE',  ( -0.9874809300343372342, 0.000000000000000000, 0.1577384316472061065 ) ) ;
#3801 = VERTEX_POINT ( 'NONE', #9826 ) ;
#3802 = LINE ( 'NONE', #8330, #2796 ) ;
#3803 = CARTESIAN_POINT ( 'NONE',  ( 1.500462857232000013, 4.203779418383999378, -13.70113101483899953 ) ) ;
#3804 = CARTESIAN_POINT ( 'NONE',  ( 3.565462857231999738, 13.06499999999999950, -0.3499999999999999778 ) ) ;
#3805 = CARTESIAN_POINT ( 'NONE',  ( 3.667798670551999596, 0.5000000000000000000, -12.25653437180100092 ) ) ;
#3806 = ORIENTED_EDGE ( 'NONE', *, *, #1628, .T. ) ;
#3807 = ORIENTED_EDGE ( 'NONE', *, *, #7404, .T. ) ;
#3808 = DIRECTION ( 'NONE',  ( -0.7071067811865475727, 0.7071067811865475727, 0.000000000000000000 ) ) ;
#3809 = DIRECTION ( 'NONE',  ( -1.000000000000000000, 0.000000000000000000, 0.000000000000000000 ) ) ;
#3810 = DIRECTION ( 'NONE',  ( 1.000000000000000000, 0.000000000000000000, 0.000000000000000000 ) ) ;
#3811 = CARTESIAN_POINT ( 'NONE',  ( 4.015462861701999842, 17.10000000000000142, -17.64999999999999858 ) ) ;
#3812 = CARTESIAN_POINT ( 'NONE',  ( 15.33046285723199986, 0.5000000000000000000, -10.80000000000000071 ) ) ;
#3813 = ORIENTED_EDGE ( 'NONE', *, *, #192, .T. ) ;
#3814 = ORIENTED_EDGE ( 'NONE', *, *, #3818, .F. ) ;
#3815 = DIRECTION ( 'NONE',  ( 0.000000000000000000, -1.000000000000000000, 0.000000000000000000 ) ) ;
#3816 = LINE ( 'NONE', #9987, #444 ) ;
#3817 = ORIENTED_EDGE ( 'NONE', *, *, #7744, .F. ) ;
#3818 = EDGE_CURVE ( 'NONE', #6455, #4379, #6415, .T. ) ;
#3819 = ORIENTED_EDGE ( 'NONE', *, *, #203, .T. ) ;
#3820 = CARTESIAN_POINT ( 'NONE',  ( 9.615462857231998228, 10.65000000000000036, -0.2500000000000000000 ) ) ;
#3821 = EDGE_CURVE ( 'NONE', #5957, #3758, #9766, .T. ) ;
#3822 = ORIENTED_EDGE ( 'NONE', *, *, #9941, .F. ) ;
#3823 = DIRECTION ( 'NONE',  ( 0.000000000000000000, 1.000000000000000000, 0.000000000000000000 ) ) ;
#3824 = LINE ( 'NONE', #2190, #11583 ) ;
#3825 = EDGE_CURVE ( 'NONE', #9457, #2722, #4174, .T. ) ;
#3826 = CYLINDRICAL_SURFACE ( 'NONE', #2589, 0.2300000000000000100 ) ;
#3827 = DIRECTION ( 'NONE',  ( 0.000000000000000000, 0.000000000000000000, -1.000000000000000000 ) ) ;
#3828 = ORIENTED_EDGE ( 'NONE', *, *, #10082, .F. ) ;
#3829 = ADVANCED_FACE ( 'NONE', ( #2552 ), #10470, .T. ) ;
#3830 = EDGE_CURVE ( 'NONE', #6102, #1960, #3471, .T. ) ;
#3831 = CARTESIAN_POINT ( 'NONE',  ( 15.53482249949900051, 17.10000000000000142, -16.36309190392499957 ) ) ;
#3832 = CARTESIAN_POINT ( 'NONE',  ( 15.36017068599200108, 17.10000000000000142, -16.98816152811100011 ) ) ;
#3833 = ORIENTED_EDGE ( 'NONE', *, *, #268, .F. ) ;
#3834 = EDGE_CURVE ( 'NONE', #6481, #4648, #988, .T. ) ;
#3835 = CARTESIAN_POINT ( 'NONE',  ( 15.82284425332425037, 17.10000000000000142, -17.22409469141155114 ) ) ;
#3836 = CARTESIAN_POINT ( 'NONE',  ( 1.667958821419110116, 4.017481283803188141, -0.1415330940105980206 ) ) ;
#3837 = ADVANCED_FACE ( 'NONE', ( #2442 ), #8830, .T. ) ;
#3838 = EDGE_LOOP ( 'NONE', ( #11250, #2904, #1952, #11067 ) ) ;
#3839 = DIRECTION ( 'NONE',  ( 0.000000000000000000, -1.000000000000000000, 0.000000000000000000 ) ) ;
#3840 = CARTESIAN_POINT ( 'NONE',  ( 3.465462857232000093, 11.67999999999999972, 0.000000000000000000 ) ) ;
#3841 = CARTESIAN_POINT ( 'NONE',  ( 17.76079236082700064, 0.6588525919279972776, -14.13559406405398988 ) ) ;
#3842 = PLANE ( 'NONE',  #2077 ) ;
#3843 = EDGE_CURVE ( 'NONE', #7821, #11535, #8062, .T. ) ;
#3844 = ADVANCED_FACE ( 'NONE', ( #10634 ), #7355, .T. ) ;
#3845 = DIRECTION ( 'NONE',  ( 1.000000000000000000, 0.000000000000000000, 0.000000000000000000 ) ) ;
#3846 = EDGE_CURVE ( 'NONE', #4504, #3209, #24, .T. ) ;
#3847 = ORIENTED_EDGE ( 'NONE', *, *, #679, .T. ) ;
#3848 = DIRECTION ( 'NONE',  ( 0.000000000000000000, 0.000000000000000000, -1.000000000000000000 ) ) ;
#3849 = CARTESIAN_POINT ( 'NONE',  ( 13.95546285723199986, 4.000000000000000000, -6.490000000000000213 ) ) ;
#3850 = ORIENTED_EDGE ( 'NONE', *, *, #9453, .F. ) ;
#3851 = EDGE_CURVE ( 'NONE', #1817, #2940, #4425, .T. ) ;
#3852 = ORIENTED_EDGE ( 'NONE', *, *, #10997, .T. ) ;
#3853 = ORIENTED_EDGE ( 'NONE', *, *, #1762, .T. ) ;
#3854 = ORIENTED_EDGE ( 'NONE', *, *, #5646, .F. ) ;
#3855 = DIRECTION ( 'NONE',  ( 0.000000000000000000, -1.000000000000000000, 0.000000000000000000 ) ) ;
#3856 = ORIENTED_EDGE ( 'NONE', *, *, #7423, .T. ) ;
#3857 = DIRECTION ( 'NONE',  ( -1.000000000000000000, 0.000000000000000000, 0.000000000000000000 ) ) ;
#3858 = DIRECTION ( 'NONE',  ( 0.000000000000000000, 0.000000000000000000, 1.000000000000000000 ) ) ;
#3859 = CARTESIAN_POINT ( 'NONE',  ( 8.855462857232000218, 0.000000000000000000, -19.86500000000000199 ) ) ;
#3860 = ORIENTED_EDGE ( 'NONE', *, *, #7492, .F. ) ;
#3861 = CYLINDRICAL_SURFACE ( 'NONE', #10478, 0.2000000000000000944 ) ;
#3862 = LINE ( 'NONE', #9277, #9747 ) ;
#3863 = DIRECTION ( 'NONE',  ( 1.000000000000000000, 0.000000000000000000, 0.000000000000000000 ) ) ;
#3864 = ORIENTED_EDGE ( 'NONE', *, *, #877, .T. ) ;
#3865 = ORIENTED_EDGE ( 'NONE', *, *, #11007, .F. ) ;
#3866 = CARTESIAN_POINT ( 'NONE',  ( 7.485462857232000111, 0.5000000000000000000, -16.97500000000000142 ) ) ;
#3867 = CARTESIAN_POINT ( 'NONE',  ( 9.435797106966900216, 17.30000000000000071, -16.70167137384400391 ) ) ;
#3868 = FACE_OUTER_BOUND ( 'NONE', #9319, .T. ) ;
#3869 = DIRECTION ( 'NONE',  ( -0.6728772455790075213, 0.000000000000000000, 0.7397541567183032463 ) ) ;
#3870 = DIRECTION ( 'NONE',  ( -0.9874809300343372342, 0.000000000000000000, -0.1577384316472059955 ) ) ;
#3871 = ORIENTED_EDGE ( 'NONE', *, *, #9489, .T. ) ;
#3872 = ORIENTED_EDGE ( 'NONE', *, *, #10567, .T. ) ;
#3873 = DIRECTION ( 'NONE',  ( -1.000000000000000000, 0.000000000000000000, 0.000000000000000000 ) ) ;
#3874 = CARTESIAN_POINT ( 'NONE',  ( 13.78983596398725986, 17.30000000000000071, -17.22409469141155114 ) ) ;
#3875 = ORIENTED_EDGE ( 'NONE', *, *, #11156, .T. ) ;
#3876 = DIRECTION ( 'NONE',  ( 1.000000000000000000, 0.000000000000000000, 0.000000000000000000 ) ) ;
#3877 = ORIENTED_EDGE ( 'NONE', *, *, #1705, .T. ) ;
#3878 = DIRECTION ( 'NONE',  ( 0.000000000000000000, 1.000000000000000000, 0.000000000000000000 ) ) ;
#3879 = DIRECTION ( 'NONE',  ( -1.000000000000000000, 0.000000000000000000, 0.000000000000000000 ) ) ;
#3880 = CARTESIAN_POINT ( 'NONE',  ( 14.78046285723200093, 3.700000000000000178, -11.64432666501200053 ) ) ;
#3881 = ORIENTED_EDGE ( 'NONE', *, *, #4251, .T. ) ;
#3882 = FACE_OUTER_BOUND ( 'NONE', #1314, .T. ) ;
#3883 = CARTESIAN_POINT ( 'NONE',  ( 17.35046285723199944, 17.06999999999999673, -21.25000000000000000 ) ) ;
#3884 = VERTEX_POINT ( 'NONE', #9606 ) ;
#3885 = CARTESIAN_POINT ( 'NONE',  ( 1.470133353637004481, 0.5730803751700003223, -13.79301633217601797 ) ) ;
#3886 = EDGE_CURVE ( 'NONE', #6102, #5219, #11397, .T. ) ;
#3887 = DIRECTION ( 'NONE',  ( 0.6728772455790055229, 0.000000000000000000, -0.7397541567183051336 ) ) ;
#3888 = CIRCLE ( 'NONE', #338, 0.1499999999999999667 ) ;
#3889 = EDGE_CURVE ( 'NONE', #6457, #6569, #11565, .T. ) ;
#3890 = ORIENTED_EDGE ( 'NONE', *, *, #2849, .T. ) ;
#3891 = CARTESIAN_POINT ( 'NONE',  ( 7.585462857231999756, 4.537037037036999898, -0.4500000000000000111 ) ) ;
#3892 = ADVANCED_FACE ( 'NONE', ( #4374 ), #10535, .T. ) ;
#3893 = CARTESIAN_POINT ( 'NONE',  ( 3.235462857232000111, 4.000000000000000000, -6.989999999999999325 ) ) ;
#3894 = DIRECTION ( 'NONE',  ( -0.6728772455790055229, 0.000000000000000000, 0.7397541567183051336 ) ) ;
#3895 = DIRECTION ( 'NONE',  ( 0.000000000000000000, -1.000000000000000000, 0.000000000000000000 ) ) ;
#3896 = VECTOR ( 'NONE', #1223, 1000.000000000000000 ) ;
#3897 = CARTESIAN_POINT ( 'NONE',  ( 4.148900887075999577, 3.600000000000000089, -12.35528246480399872 ) ) ;
#3898 = ORIENTED_EDGE ( 'NONE', *, *, #10231, .F. ) ;
#3899 = CARTESIAN_POINT ( 'NONE',  ( 2.360422273350999856, 0.5000000000000000000, -9.259959416120000952 ) ) ;
#3900 = PLANE ( 'NONE',  #394 ) ;
#3901 = ORIENTED_EDGE ( 'NONE', *, *, #8377, .T. ) ;
#3902 = VECTOR ( 'NONE', #9017, 1000.000000000000000 ) ;
#3903 = ORIENTED_EDGE ( 'NONE', *, *, #10932, .F. ) ;
#3904 = ORIENTED_EDGE ( 'NONE', *, *, #8787, .T. ) ;
#3905 = VECTOR ( 'NONE', #2717, 1000.000000000000000 ) ;
#3906 = ORIENTED_EDGE ( 'NONE', *, *, #11302, .T. ) ;
#3907 = VECTOR ( 'NONE', #9510, 1000.000000000000000 ) ;
#3908 = EDGE_CURVE ( 'NONE', #152, #2664, #8769, .T. ) ;
#3909 = ADVANCED_FACE ( 'NONE', ( #4313 ), #3425, .T. ) ;
#3910 = ADVANCED_FACE ( 'NONE', ( #9124 ), #3244, .F. ) ;
#3911 = DIRECTION ( 'NONE',  ( -0.1577384316472046910, 0.000000000000000000, 0.9874809300343374563 ) ) ;
#3912 = ORIENTED_EDGE ( 'NONE', *, *, #743, .T. ) ;
#3913 = DIRECTION ( 'NONE',  ( -1.000000000000000000, 0.000000000000000000, 0.000000000000000000 ) ) ;
#3914 = DIRECTION ( 'NONE',  ( 0.000000000000000000, -1.000000000000000000, 0.000000000000000000 ) ) ;
#3915 = VECTOR ( 'NONE', #4406, 1000.000000000000000 ) ;
#3916 = DIRECTION ( 'NONE',  ( -1.000000000000000000, 0.000000000000000000, 0.000000000000000000 ) ) ;
#3917 = EDGE_CURVE ( 'NONE', #3097, #6636, #7239, .T. ) ;
#3918 = VERTEX_POINT ( 'NONE', #88 ) ;
#3919 = DIRECTION ( 'NONE',  ( -1.000000000000000000, 0.000000000000000000, 0.000000000000000000 ) ) ;
#3920 = CIRCLE ( 'NONE', #10476, 0.2300000000000000100 ) ;
#3921 = VECTOR ( 'NONE', #2045, 1000.000000000000000 ) ;
#3922 = CARTESIAN_POINT ( 'NONE',  ( 11.84546285723200043, 4.349999999999999645, 0.000000000000000000 ) ) ;
#3923 = CARTESIAN_POINT ( 'NONE',  ( 15.36017068599199931, 17.10000000000000142, -17.07566959681942365 ) ) ;
#3924 = VERTEX_POINT ( 'NONE', #7302 ) ;
#3925 = EDGE_CURVE ( 'NONE', #90, #682, #7363, .T. ) ;
#3926 = CIRCLE ( 'NONE', #1832, 0.1999999999999996503 ) ;
#3927 = CIRCLE ( 'NONE', #4675, 1.574999999999999289 ) ;
#3928 = ORIENTED_EDGE ( 'NONE', *, *, #2966, .T. ) ;
#3929 = AXIS2_PLACEMENT_3D ( 'NONE', #498, #4240, #5902 ) ;
#3930 = FACE_OUTER_BOUND ( 'NONE', #7375, .T. ) ;
#3931 = CARTESIAN_POINT ( 'NONE',  ( 12.96253856395200010, 17.10000000000000142, -16.30027856230699612 ) ) ;
#3932 = CARTESIAN_POINT ( 'NONE',  ( 13.79042227335100002, 4.000000000000000000, -12.34004058388099878 ) ) ;
#3933 = CARTESIAN_POINT ( 'NONE',  ( 10.17883337710849823, 17.10000000000000142, -17.64999999999999858 ) ) ;
#3934 = LINE ( 'NONE', #301, #8806 ) ;
#3935 = ORIENTED_EDGE ( 'NONE', *, *, #3135, .F. ) ;
#3936 = VECTOR ( 'NONE', #9162, 1000.000000000000000 ) ;
#3937 = VECTOR ( 'NONE', #10427, 1000.000000000000114 ) ;
#3938 = LINE ( 'NONE', #1307, #4725 ) ;
#3939 = DIRECTION ( 'NONE',  ( 0.000000000000000000, -1.000000000000000000, 0.000000000000000000 ) ) ;
#3940 = ORIENTED_EDGE ( 'NONE', *, *, #5555, .F. ) ;
#3941 = CARTESIAN_POINT ( 'NONE',  ( 10.99081109736899897, 17.10000000000000142, -16.37841224074399804 ) ) ;
#3942 = VERTEX_POINT ( 'NONE', #10809 ) ;
#3943 = PLANE ( 'NONE',  #10340 ) ;
#3944 = CARTESIAN_POINT ( 'NONE',  ( 1.500462857232000013, 4.343779418383999946, -13.84113101483900188 ) ) ;
#3945 = AXIS2_PLACEMENT_3D ( 'NONE', #10597, #220, #9265 ) ;
#3946 = DIRECTION ( 'NONE',  ( 0.000000000000000000, 0.000000000000000000, 1.000000000000000000 ) ) ;
#3947 = ORIENTED_EDGE ( 'NONE', *, *, #480, .T. ) ;
#3948 = DIRECTION ( 'NONE',  ( 0.000000000000000000, 0.000000000000000000, -1.000000000000000000 ) ) ;
#3949 = DIRECTION ( 'NONE',  ( 0.9979663327133586614, 0.000000000000000000, 0.06374322529218477695 ) ) ;
#3950 = ORIENTED_EDGE ( 'NONE', *, *, #11071, .F. ) ;
#3951 = DIRECTION ( 'NONE',  ( 1.000000000000000000, 0.000000000000000000, 0.000000000000000000 ) ) ;
#3952 = DIRECTION ( 'NONE',  ( 0.000000000000000000, -1.000000000000000000, 0.000000000000000000 ) ) ;
#3953 = ORIENTED_EDGE ( 'NONE', *, *, #1810, .F. ) ;
#3954 = AXIS2_PLACEMENT_3D ( 'NONE', #581, #3048, #5976 ) ;
#3955 = CYLINDRICAL_SURFACE ( 'NONE', #1884, 0.1500000000000008271 ) ;
#3956 = B_SPLINE_CURVE_WITH_KNOTS ( 'NONE', 3,
 ( #4086, #5743, #9321, #1285 ),
 .UNSPECIFIED., .F., .F.,
 ( 4, 4 ),
 ( 0.000000000000000000, 1.000000000000000000 ),
 .UNSPECIFIED. ) ;
#3957 = AXIS2_PLACEMENT_3D ( 'NONE', #783, #11499, #2491 ) ;
#3958 = AXIS2_PLACEMENT_3D ( 'NONE', #9206, #8084, #1000 ) ;
#3959 = CARTESIAN_POINT ( 'NONE',  ( 12.13370798800900019, 17.30000000000000071, -17.64999999999999858 ) ) ;
#3961 = DIRECTION ( 'NONE',  ( 0.000000000000000000, -1.000000000000000000, 0.000000000000000000 ) ) ;
#3960 = B_SPLINE_CURVE_WITH_KNOTS ( 'NONE', 3,
 ( #8866, #9041, #3495, #114 ),
 .UNSPECIFIED., .F., .F.,
 ( 4, 4 ),
 ( 0.000000000000000000, 1.000000000000000000 ),
 .UNSPECIFIED. ) ;
#3962 = CARTESIAN_POINT ( 'NONE',  ( 15.76546285723199858, 9.679999999999999716, -0.2500000000000000000 ) ) ;
#3963 = LINE ( 'NONE', #7607, #6745 ) ;
#3964 = ORIENTED_EDGE ( 'NONE', *, *, #953, .T. ) ;
#3965 = CIRCLE ( 'NONE', #420, 0.09999999999999939493 ) ;
#3966 = CARTESIAN_POINT ( 'NONE',  ( 3.900462857232000147, 4.000000000000000000, -10.80000000000000071 ) ) ;
#3967 = CARTESIAN_POINT ( 'NONE',  ( 7.226604878649999897, 17.30000000000000071, -17.64999999999999858 ) ) ;
#3968 = AXIS2_PLACEMENT_3D ( 'NONE', #10501, #2468, #219 ) ;
#3969 = ORIENTED_EDGE ( 'NONE', *, *, #8346, .T. ) ;
#3970 = EDGE_CURVE ( 'NONE', #6758, #1831, #206, .T. ) ;
#3971 = CIRCLE ( 'NONE', #8481, 0.09999999999999999167 ) ;
#3972 = EDGE_LOOP ( 'NONE', ( #9998, #1082, #3794, #5623 ) ) ;
#3973 = ORIENTED_EDGE ( 'NONE', *, *, #5264, .T. ) ;
#3974 = B_SPLINE_CURVE_WITH_KNOTS ( 'NONE', 3,
 ( #4014, #1259, #7595, #4830 ),
 .UNSPECIFIED., .F., .F.,
 ( 4, 4 ),
 ( 0.000000000000000000, 1.000000000000000000 ),
 .UNSPECIFIED. ) ;
#3975 = VERTEX_POINT ( 'NONE', #318 ) ;
#3976 = CARTESIAN_POINT ( 'NONE',  ( 4.450462857231999081, 3.700000000000000178, -9.955673334989999290 ) ) ;
#3977 = ORIENTED_EDGE ( 'NONE', *, *, #5075, .T. ) ;
#3979 = DIRECTION ( 'NONE',  ( 0.000000000000000000, 0.000000000000000000, -1.000000000000000000 ) ) ;
#3978 = AXIS2_PLACEMENT_3D ( 'NONE', #6700, #1420, #5755 ) ;
#3980 = ADVANCED_FACE ( 'NONE', ( #6438 ), #1031, .F. ) ;
#3981 = LINE ( 'NONE', #3155, #2870 ) ;
#3982 = AXIS2_PLACEMENT_3D ( 'NONE', #3772, #9940, #1216 ) ;
#3983 = EDGE_CURVE ( 'NONE', #2200, #8807, #2847, .T. ) ;
#3984 = VECTOR ( 'NONE', #3355, 1000.000000000000000 ) ;
#3985 = CARTESIAN_POINT ( 'NONE',  ( 1.563767697292995917, 0.8830524835500037639, -13.53461474091900207 ) ) ;
#3986 = ORIENTED_EDGE ( 'NONE', *, *, #5140, .T. ) ;
#3987 = CARTESIAN_POINT ( 'NONE',  ( 13.32716239665499813, 17.30000000000000071, -16.98816152811100011 ) ) ;
#3988 = ADVANCED_FACE ( 'NONE', ( #2013 ), #1961, .T. ) ;
#3989 = ADVANCED_FACE ( 'NONE', ( #6373 ), #9255, .T. ) ;
#3990 = DIRECTION ( 'NONE',  ( 1.000000000000000000, 0.000000000000000000, 0.000000000000000000 ) ) ;
#3991 = AXIS2_PLACEMENT_3D ( 'NONE', #6910, #9778, #1742 ) ;
#3992 = DIRECTION ( 'NONE',  ( 0.000000000000000000, -1.000000000000000000, 0.000000000000000000 ) ) ;
#3993 = VECTOR ( 'NONE', #3873, 1000.000000000000000 ) ;
#3994 = VERTEX_POINT ( 'NONE', #10115 ) ;
#3995 = VECTOR ( 'NONE', #2577, 1000.000000000000000 ) ;
#3996 = EDGE_LOOP ( 'NONE', ( #6391, #692, #5725, #4784 ) ) ;
#3997 = CARTESIAN_POINT ( 'NONE',  ( 15.74775042278500337, 14.63228756555300158, -0.2677124344499999808 ) ) ;
#3998 = DIRECTION ( 'NONE',  ( 0.000000000000000000, 1.000000000000000000, 0.000000000000000000 ) ) ;
#3999 = EDGE_CURVE ( 'NONE', #5558, #8933, #8855, .T. ) ;
#4000 = ADVANCED_FACE ( 'NONE', ( #8171 ), #7034, .T. ) ;
#4001 = DIRECTION ( 'NONE',  ( 0.000000000000000000, -1.000000000000000000, 0.000000000000000000 ) ) ;
#4002 = CARTESIAN_POINT ( 'NONE',  ( 11.64546285723199937, 5.890000000000000568, -9.799999999999998934 ) ) ;
#4003 = LINE ( 'NONE', #10035, #8054 ) ;
#4004 = VERTEX_POINT ( 'NONE', #8539 ) ;
#4005 = CARTESIAN_POINT ( 'NONE',  ( 13.81588052019972146, 17.10000000000000142, -16.78286903040024924 ) ) ;
#4006 = DIRECTION ( 'NONE',  ( 0.000000000000000000, 0.000000000000000000, 1.000000000000000000 ) ) ;
#4007 = LINE ( 'NONE', #305, #9793 ) ;
#4008 = ORIENTED_EDGE ( 'NONE', *, *, #884, .F. ) ;
#4009 = EDGE_CURVE ( 'NONE', #1101, #3470, #10287, .T. ) ;
#4010 = DIRECTION ( 'NONE',  ( 0.000000000000000000, 1.000000000000000000, 0.000000000000000000 ) ) ;
#4011 = VERTEX_POINT ( 'NONE', #4069 ) ;
#4012 = DIRECTION ( 'NONE',  ( 0.000000000000000000, 0.000000000000000000, -1.000000000000000000 ) ) ;
#4013 = FACE_OUTER_BOUND ( 'NONE', #11101, .T. ) ;
#4014 = CARTESIAN_POINT ( 'NONE',  ( 15.66044916634199957, 17.10000000000000142, -16.48871893137700084 ) ) ;
#4015 = ORIENTED_EDGE ( 'NONE', *, *, #4397, .T. ) ;
#4016 = LINE ( 'NONE', #7708, #8239 ) ;
#4017 = CARTESIAN_POINT ( 'NONE',  ( 12.61170228694399853, 17.10000000000000142, -16.65417823791499785 ) ) ;
#4018 = VERTEX_POINT ( 'NONE', #500 ) ;
#4019 = DIRECTION ( 'NONE',  ( 0.000000000000000000, 0.000000000000000000, 1.000000000000000000 ) ) ;
#4020 = DIRECTION ( 'NONE',  ( 1.000000000000000000, 0.000000000000000000, 0.000000000000000000 ) ) ;
#4021 = VERTEX_POINT ( 'NONE', #11216 ) ;
#4022 = FACE_OUTER_BOUND ( 'NONE', #4421, .T. ) ;
#4023 = DIRECTION ( 'NONE',  ( 0.000000000000000000, -1.000000000000000000, 0.000000000000000000 ) ) ;
#4024 = LINE ( 'NONE', #11286, #3896 ) ;
#4025 = LINE ( 'NONE', #10238, #1692 ) ;
#4026 = LINE ( 'NONE', #7725, #3723 ) ;
#4027 = VERTEX_POINT ( 'NONE', #8589 ) ;
#4028 = CARTESIAN_POINT ( 'NONE',  ( 12.56546285723199929, 0.5000000000000000000, -17.32499999999999929 ) ) ;
#4029 = CARTESIAN_POINT ( 'NONE',  ( 12.92883285258800008, 17.10000000000000142, -17.64999999999999858 ) ) ;
#4030 = ORIENTED_EDGE ( 'NONE', *, *, #7484, .T. ) ;
#4031 = ORIENTED_EDGE ( 'NONE', *, *, #3135, .T. ) ;
#4032 = ORIENTED_EDGE ( 'NONE', *, *, #9593, .F. ) ;
#4033 = VERTEX_POINT ( 'NONE', #7649 ) ;
#4034 = CARTESIAN_POINT ( 'NONE',  ( 12.61546285723200000, 0.2500000000000000000, -17.14999999999999858 ) ) ;
#4035 = ORIENTED_EDGE ( 'NONE', *, *, #2898, .F. ) ;
#4036 = DIRECTION ( 'NONE',  ( 0.000000000000000000, -1.000000000000000000, 0.000000000000000000 ) ) ;
#4037 = CARTESIAN_POINT ( 'NONE',  ( 9.435797106966900216, 17.30000000000000071, -16.70167137384400391 ) ) ;
#4038 = DIRECTION ( 'NONE',  ( 0.000000000000000000, 1.000000000000000000, 0.000000000000000000 ) ) ;
#4039 = ORIENTED_EDGE ( 'NONE', *, *, #6126, .F. ) ;
#4040 = CARTESIAN_POINT ( 'NONE',  ( 16.42783201400199999, 6.915000000000000036, 0.000000000000000000 ) ) ;
#4041 = CARTESIAN_POINT ( 'NONE',  ( 13.81588052485900064, 17.10000000000000142, -17.11378834247599912 ) ) ;
#4042 = ADVANCED_FACE ( 'NONE', ( #4835 ), #5008, .T. ) ;
#4043 = PLANE ( 'NONE',  #5101 ) ;
#4044 = EDGE_CURVE ( 'NONE', #1738, #2275, #1497, .T. ) ;
#4045 = VERTEX_POINT ( 'NONE', #3023 ) ;
#4046 = ORIENTED_EDGE ( 'NONE', *, *, #10154, .F. ) ;
#4047 = EDGE_CURVE ( 'NONE', #8622, #3924, #10360, .T. ) ;
#4048 = DIRECTION ( 'NONE',  ( 0.000000000000000000, 1.000000000000000000, 0.000000000000000000 ) ) ;
#4049 = DIRECTION ( 'NONE',  ( 0.000000000000000000, -1.000000000000000000, 0.000000000000000000 ) ) ;
#4050 = LINE ( 'NONE', #596, #8786 ) ;
#4051 = CARTESIAN_POINT ( 'NONE',  ( 7.850378063013119245, 17.10000000000000142, -16.45207234230045046 ) ) ;
#4052 = ADVANCED_FACE ( 'NONE', ( #6782 ), #1324, .T. ) ;
#4053 = DIRECTION ( 'NONE',  ( 0.7397541567183032463, 0.000000000000000000, 0.6728772455790076323 ) ) ;
#4054 = DIRECTION ( 'NONE',  ( -1.000000000000000000, 0.000000000000000000, 0.000000000000000000 ) ) ;
#4055 = EDGE_LOOP ( 'NONE', ( #3620, #8229, #5864, #3702 ) ) ;
#4056 = DIRECTION ( 'NONE',  ( 0.000000000000000000, 0.000000000000000000, -1.000000000000000000 ) ) ;
#4057 = CARTESIAN_POINT ( 'NONE',  ( 14.93579763148800055, 17.30000000000000071, -16.65417823791499785 ) ) ;
#4058 = ORIENTED_EDGE ( 'NONE', *, *, #2850, .F. ) ;
#4059 = ADVANCED_FACE ( 'NONE', ( #3083 ), #2998, .T. ) ;
#4060 = EDGE_CURVE ( 'NONE', #1676, #9878, #7964, .T. ) ;
#4061 = EDGE_CURVE ( 'NONE', #10768, #7442, #5576, .T. ) ;
#4062 = ORIENTED_EDGE ( 'NONE', *, *, #7510, .F. ) ;
#4063 = CARTESIAN_POINT ( 'NONE',  ( 13.56546285723199929, 6.500000000000000000, -0.2500000000000000000 ) ) ;
#4064 = DIRECTION ( 'NONE',  ( 0.000000000000000000, -1.000000000000000000, 0.000000000000000000 ) ) ;
#4065 = CARTESIAN_POINT ( 'NONE',  ( 8.957802808031898323, 17.30000000000000071, -17.64999999999999858 ) ) ;
#4066 = DIRECTION ( 'NONE',  ( -1.000000000000000000, 0.000000000000000000, 0.000000000000000000 ) ) ;
#4067 = DIRECTION ( 'NONE',  ( -1.000000000000000000, 0.000000000000000000, 0.000000000000000000 ) ) ;
#4068 = ORIENTED_EDGE ( 'NONE', *, *, #5631, .T. ) ;
#4069 = CARTESIAN_POINT ( 'NONE',  ( 1.650462857231999925, 4.000000000000000000, -14.61999999999999922 ) ) ;
#4070 = B_SPLINE_CURVE_WITH_KNOTS ( 'NONE', 3,
 ( #10881, #9948, #978, #855 ),
 .UNSPECIFIED., .F., .F.,
 ( 4, 4 ),
 ( 0.000000000000000000, 1.000000000000000000 ),
 .UNSPECIFIED. ) ;
#4071 = CARTESIAN_POINT ( 'NONE',  ( 15.66044916634199957, 17.30000000000000071, -16.48871893137700084 ) ) ;
#4072 = ORIENTED_EDGE ( 'NONE', *, *, #8003, .F. ) ;
#4073 = DIRECTION ( 'NONE',  ( 0.000000000000000000, -1.000000000000000000, 0.000000000000000000 ) ) ;
#4074 = CARTESIAN_POINT ( 'NONE',  ( 13.62744035248599950, 17.30000000000000071, -16.48871840685599821 ) ) ;
#4075 = CARTESIAN_POINT ( 'NONE',  ( 4.350462857232000324, 3.600000000000000089, -11.81467429248800016 ) ) ;
#4076 = LINE ( 'NONE', #6026, #10675 ) ;
#4077 = LINE ( 'NONE', #9480, #11043 ) ;
#4078 = ORIENTED_EDGE ( 'NONE', *, *, #904, .F. ) ;
#4079 = VECTOR ( 'NONE', #4652, 1000.000000000000000 ) ;
#4080 = CARTESIAN_POINT ( 'NONE',  ( 1.650462857231999925, 17.06999999999999673, -21.01999999999999957 ) ) ;
#4081 = CARTESIAN_POINT ( 'NONE',  ( 14.88046285723199880, 3.600000000000000089, -14.75000000000000000 ) ) ;
#4082 = ORIENTED_EDGE ( 'NONE', *, *, #7492, .T. ) ;
#4083 = ORIENTED_EDGE ( 'NONE', *, *, #6274, .T. ) ;
#4084 = EDGE_LOOP ( 'NONE', ( #7230, #5954, #10166, #731 ) ) ;
#4085 = ORIENTED_EDGE ( 'NONE', *, *, #2549, .F. ) ;
#4086 = CARTESIAN_POINT ( 'NONE',  ( 15.52700791484399900, 17.10000000000000142, -17.56236614695500009 ) ) ;
#4087 = AXIS2_PLACEMENT_3D ( 'NONE', #1847, #9079, #7193 ) ;
#4088 = ORIENTED_EDGE ( 'NONE', *, *, #5258, .T. ) ;
#4089 = LINE ( 'NONE', #11242, #11452 ) ;
#4090 = FACE_OUTER_BOUND ( 'NONE', #991, .T. ) ;
#4091 = FACE_OUTER_BOUND ( 'NONE', #964, .T. ) ;
#4092 = ORIENTED_EDGE ( 'NONE', *, *, #2736, .T. ) ;
#4093 = CARTESIAN_POINT ( 'NONE',  ( 17.58046285723199986, 0.5999999999999999778, -13.87000000000000099 ) ) ;
#4094 = AXIS2_PLACEMENT_3D ( 'NONE', #6362, #7291, #9872 ) ;
#4095 = CARTESIAN_POINT ( 'NONE',  ( 13.49399962550600129, 17.10000000000000142, -17.56236614695500009 ) ) ;
#4096 = EDGE_LOOP ( 'NONE', ( #11031, #4179, #8958, #10664 ) ) ;
#4097 = AXIS2_PLACEMENT_3D ( 'NONE', #2691, #5217, #699 ) ;
#4098 = DIRECTION ( 'NONE',  ( 1.000000000000000000, 0.000000000000000000, 0.000000000000000000 ) ) ;
#4099 = ORIENTED_EDGE ( 'NONE', *, *, #5058, .T. ) ;
#4100 = ORIENTED_EDGE ( 'NONE', *, *, #1613, .F. ) ;
#4101 = AXIS2_PLACEMENT_3D ( 'NONE', #5720, #1145, #4722 ) ;
#4102 = PLANE ( 'NONE',  #8091 ) ;
#4103 = VECTOR ( 'NONE', #4931, 1000.000000000000000 ) ;
#4104 = AXIS2_PLACEMENT_3D ( 'NONE', #5343, #8923, #7002 ) ;
#4105 = LINE ( 'NONE', #8629, #5037 ) ;
#4106 = EDGE_CURVE ( 'NONE', #1632, #10472, #4960, .T. ) ;
#4107 = CARTESIAN_POINT ( 'NONE',  ( 13.37771886327982074, 17.30000000000000071, -17.62089132192839713 ) ) ;
#4108 = ADVANCED_FACE ( 'NONE', ( #3245 ), #2196, .T. ) ;
#4109 = CARTESIAN_POINT ( 'NONE',  ( 15.41072715261709902, 17.30000000000000071, -17.62089132192830121 ) ) ;
#4110 = CARTESIAN_POINT ( 'NONE',  ( 11.29546285723199972, 4.000000000000000000, -19.86500000000000199 ) ) ;
#4111 = LINE ( 'NONE', #7525, #1715 ) ;
#4112 = ADVANCED_FACE ( 'NONE', ( #5845 ), #3150, .F. ) ;
#4113 = FACE_OUTER_BOUND ( 'NONE', #10017, .T. ) ;
#4114 = VECTOR ( 'NONE', #8428, 1000.000000000000000 ) ;
#4115 = AXIS2_PLACEMENT_3D ( 'NONE', #11426, #821, #1642 ) ;
#4116 = ORIENTED_EDGE ( 'NONE', *, *, #830, .F. ) ;
#4117 = ORIENTED_EDGE ( 'NONE', *, *, #10701, .T. ) ;
#4118 = DIRECTION ( 'NONE',  ( 1.000000000000000000, 0.000000000000000000, 0.000000000000000000 ) ) ;
#4119 = EDGE_CURVE ( 'NONE', #9439, #10385, #10456, .T. ) ;
#4120 = LINE ( 'NONE', #6069, #6716 ) ;
#4121 = VECTOR ( 'NONE', #5789, 1000.000000000000000 ) ;
#4122 = ADVANCED_FACE ( 'NONE', ( #11329 ), #6260, .F. ) ;
#4123 = AXIS2_PLACEMENT_3D ( 'NONE', #880, #10741, #10852 ) ;
#4124 = CARTESIAN_POINT ( 'NONE',  ( 1.880462857232000129, 17.06999999999999673, 27.70149999999999935 ) ) ;
#4125 = CARTESIAN_POINT ( 'NONE',  ( 15.24679968536994856, 17.30000000000000071, -17.26545959801135055 ) ) ;
#4126 = EDGE_LOOP ( 'NONE', ( #11445, #7120, #7536, #10246 ) ) ;
#4127 = CARTESIAN_POINT ( 'NONE',  ( 13.21379140590199874, 17.30000000000000071, -17.26545958519000123 ) ) ;
#4128 = EDGE_CURVE ( 'NONE', #4139, #6197, #837, .T. ) ;
#4129 = ADVANCED_FACE ( 'NONE', ( #7985 ), #1578, .F. ) ;
#4130 = CARTESIAN_POINT ( 'NONE',  ( 4.615462857232000005, 11.67999999999999972, 0.000000000000000000 ) ) ;
#4131 = ORIENTED_EDGE ( 'NONE', *, *, #10989, .T. ) ;
#4132 = AXIS2_PLACEMENT_3D ( 'NONE', #8316, #10186, #8245 ) ;
#4133 = VECTOR ( 'NONE', #10560, 1000.000000000000000 ) ;
#4134 = CARTESIAN_POINT ( 'NONE',  ( 13.81588052485900064, 17.30000000000000071, -16.78286904096600196 ) ) ;
#4135 = DIRECTION ( 'NONE',  ( 0.000000000000000000, -1.000000000000000000, 0.000000000000000000 ) ) ;
#4136 = DIRECTION ( 'NONE',  ( 0.000000000000000000, 1.000000000000000000, 0.000000000000000000 ) ) ;
#4137 = CARTESIAN_POINT ( 'NONE',  ( 1.850462857232000102, 4.000000000000000000, -13.23000000000000043 ) ) ;
#4138 = CARTESIAN_POINT ( 'NONE',  ( 7.885462857231999578, 0.2500000000000000000, -17.14999999999999858 ) ) ;
#4139 = VERTEX_POINT ( 'NONE', #6890 ) ;
#4140 = AXIS2_PLACEMENT_3D ( 'NONE', #645, #3160, #6696 ) ;
#4141 = CIRCLE ( 'NONE', #1157, 1.574999999999999289 ) ;
#4142 = CARTESIAN_POINT ( 'NONE',  ( 14.23546285723199922, 0.2500000000000000000, -19.68999999999999773 ) ) ;
#4143 = ADVANCED_FACE ( 'NONE', ( #5179 ), #6243, .T. ) ;
#4144 = EDGE_CURVE ( 'NONE', #9014, #2368, #9814, .T. ) ;
#4145 = DIRECTION ( 'NONE',  ( 0.000000000000000000, 0.000000000000000000, -1.000000000000000000 ) ) ;
#4146 = ORIENTED_EDGE ( 'NONE', *, *, #1806, .T. ) ;
#4147 = ORIENTED_EDGE ( 'NONE', *, *, #7562, .F. ) ;
#4148 = EDGE_LOOP ( 'NONE', ( #11042, #48, #2416 ) ) ;
#4149 = ORIENTED_EDGE ( 'NONE', *, *, #7744, .T. ) ;
#4150 = DIRECTION ( 'NONE',  ( 0.000000000000000000, 0.000000000000000000, 1.000000000000000000 ) ) ;
#4151 = ORIENTED_EDGE ( 'NONE', *, *, #11449, .F. ) ;
#4152 = CARTESIAN_POINT ( 'NONE',  ( 17.73046285723199844, 0.7900000000000000355, -13.99886898516100153 ) ) ;
#4153 = CARTESIAN_POINT ( 'NONE',  ( 17.66715801717101186, 0.3989761811500044386, -13.65581438021498961 ) ) ;
#4154 = AXIS2_PLACEMENT_3D ( 'NONE', #8884, #8051, #7178 ) ;
#4155 = FACE_OUTER_BOUND ( 'NONE', #10748, .T. ) ;
#4156 = ORIENTED_EDGE ( 'NONE', *, *, #9571, .F. ) ;
#4157 = CARTESIAN_POINT ( 'NONE',  ( 13.77518039242800185, 0.5000000000000000000, -11.04843802984000156 ) ) ;
#4158 = VECTOR ( 'NONE', #9906, 1000.000000000000000 ) ;
#4159 = VECTOR ( 'NONE', #2641, 1000.000000000000227 ) ;
#4160 = CARTESIAN_POINT ( 'NONE',  ( 17.73046285723199844, 0.7900000000000000355, -13.70113101483899953 ) ) ;
#4161 = VERTEX_POINT ( 'NONE', #2431 ) ;
#4162 = CARTESIAN_POINT ( 'NONE',  ( 3.465462857232000093, 14.57783741365544650, -0.2500000000000002220 ) ) ;
#4163 = VERTEX_POINT ( 'NONE', #2490 ) ;
#4164 = AXIS2_PLACEMENT_3D ( 'NONE', #10611, #6113, #1708 ) ;
#4165 = AXIS2_PLACEMENT_3D ( 'NONE', #6899, #8602, #570 ) ;
#4166 = VERTEX_POINT ( 'NONE', #5348 ) ;
#4167 = VECTOR ( 'NONE', #11277, 1000.000000000000000 ) ;
#4168 = CARTESIAN_POINT ( 'NONE',  ( 12.13370798800900019, 17.30000000000000071, -15.45000000000000107 ) ) ;
#4169 = CARTESIAN_POINT ( 'NONE',  ( 7.935462857231999401, 0.5000000000000000000, -17.32499999999999929 ) ) ;
#4170 = CARTESIAN_POINT ( 'NONE',  ( 12.92883283598169974, 17.10000000000000142, -17.64999999999999858 ) ) ;
#4171 = VECTOR ( 'NONE', #6825, 1000.000000000000000 ) ;
#4172 = CYLINDRICAL_SURFACE ( 'NONE', #5863, 1.574999999999999956 ) ;
#4173 = CARTESIAN_POINT ( 'NONE',  ( 7.585462857231999756, 4.750000000000000000, -1.600000000000000089 ) ) ;
#4174 = CIRCLE ( 'NONE', #8680, 1.310040583881000753 ) ;
#4175 = AXIS2_PLACEMENT_3D ( 'NONE', #2360, #8804, #7975 ) ;
#4176 = DIRECTION ( 'NONE',  ( -0.9805806756909163369, -0.1961161351382035567, 0.000000000000000000 ) ) ;
#4177 = LINE ( 'NONE', #5169, #3027 ) ;
#4178 = VERTEX_POINT ( 'NONE', #6018 ) ;
#4179 = ORIENTED_EDGE ( 'NONE', *, *, #3818, .T. ) ;
#4180 = DIRECTION ( 'NONE',  ( 0.9874809300343376783, 0.000000000000000000, -0.1577384316472046077 ) ) ;
#4181 = CARTESIAN_POINT ( 'NONE',  ( 10.47546285723199944, 0.5000000000000000000, -17.32499999999999929 ) ) ;
#4182 = DIRECTION ( 'NONE',  ( 0.000000000000000000, 1.000000000000000000, 0.000000000000000000 ) ) ;
#4183 = LINE ( 'NONE', #834, #3915 ) ;
#4184 = DIRECTION ( 'NONE',  ( 1.000000000000000000, 0.000000000000000000, 0.000000000000000000 ) ) ;
#4185 = ORIENTED_EDGE ( 'NONE', *, *, #1413, .F. ) ;
#4186 = B_SPLINE_SURFACE_WITH_KNOTS ( 'NONE', 3, 1, ( 
 ( #653, #426 ),
 ( #8571, #4107 ),
 ( #2467, #6702 ),
 ( #4170, #3283 ) ),
 .UNSPECIFIED., .F., .F., .F.,
 ( 4, 4 ),
 ( 2, 2 ),
 ( 0.07190146476925179941, 0.9648172847429119514 ),
 ( 0.000000000000000000, 1.000000000000000000 ),
 .UNSPECIFIED. ) ;
#4187 = DIRECTION ( 'NONE',  ( 0.9805806756909163369, -0.1961161351382035567, 0.000000000000000000 ) ) ;
#4188 = ADVANCED_FACE ( 'NONE', ( #10572 ), #2586, .T. ) ;
#4189 = DIRECTION ( 'NONE',  ( -1.000000000000000000, 0.000000000000000000, 0.000000000000000000 ) ) ;
#4190 = ORIENTED_EDGE ( 'NONE', *, *, #1362, .T. ) ;
#4191 = ADVANCED_FACE ( 'NONE', ( #7768 ), #6119, .F. ) ;
#4192 = EDGE_CURVE ( 'NONE', #7832, #5931, #6061, .T. ) ;
#4193 = CARTESIAN_POINT ( 'NONE',  ( 1.691207820469998513, 4.121175673515004689, -14.13096695743599795 ) ) ;
#4194 = CARTESIAN_POINT ( 'NONE',  ( 15.09779867055200064, 0.4000000000000000222, -12.25653437180100092 ) ) ;
#4195 = EDGE_CURVE ( 'NONE', #2368, #126, #666, .T. ) ;
#4196 = EDGE_CURVE ( 'NONE', #8078, #2667, #6951, .T. ) ;
#4197 = DIRECTION ( 'NONE',  ( 0.000000000000000000, 0.000000000000000000, 1.000000000000000000 ) ) ;
#4198 = B_SPLINE_CURVE_WITH_KNOTS ( 'NONE', 3,
 ( #6697, #10320, #11187, #9216, #10147, #8516, #1187, #11138 ),
 .UNSPECIFIED., .F., .F.,
 ( 4, 2, 2, 4 ),
 ( 0.000000000000000000, 0.2499999999999936717, 0.4999999999999873435, 1.000000000000000000 ),
 .UNSPECIFIED. ) ;
#4199 = DIRECTION ( 'NONE',  ( -0.06374322529214788979, 0.000000000000000000, 0.9979663327133607709 ) ) ;
#4200 = DIRECTION ( 'NONE',  ( 1.000000000000000000, 0.000000000000000000, 0.000000000000000000 ) ) ;
#4201 = ORIENTED_EDGE ( 'NONE', *, *, #7287, .F. ) ;
#4202 = PLANE ( 'NONE',  #10527 ) ;
#4204 = EDGE_CURVE ( 'NONE', #3019, #7910, #6426, .T. ) ;
#4203 = LINE ( 'NONE', #3967, #767 ) ;
#4205 = ADVANCED_FACE ( 'NONE', ( #3691 ), #10744, .T. ) ;
#4206 = ORIENTED_EDGE ( 'NONE', *, *, #4128, .F. ) ;
#4207 = EDGE_LOOP ( 'NONE', ( #5586, #8137, #2853, #3475, #7938, #1400 ) ) ;
#4208 = ORIENTED_EDGE ( 'NONE', *, *, #9869, .F. ) ;
#4209 = VERTEX_POINT ( 'NONE', #4463 ) ;
#4210 = CARTESIAN_POINT ( 'NONE',  ( 14.78046285723200093, 4.000000000000000000, -9.955673334989999290 ) ) ;
#4211 = ORIENTED_EDGE ( 'NONE', *, *, #8719, .T. ) ;
#4212 = DIRECTION ( 'NONE',  ( 0.000000000000000000, 1.000000000000000000, 0.000000000000000000 ) ) ;
#4213 = ADVANCED_FACE ( 'NONE', ( #187 ), #9166, .T. ) ;
#4214 = EDGE_CURVE ( 'NONE', #9946, #2673, #3406, .T. ) ;
#4215 = ADVANCED_FACE ( 'NONE', ( #9057 ), #10918, .T. ) ;
#4216 = CARTESIAN_POINT ( 'NONE',  ( 4.015462861701999842, 17.30000000000000071, -15.45000000000000107 ) ) ;
#4217 = DIRECTION ( 'NONE',  ( 0.000000000000000000, 0.000000000000000000, 1.000000000000000000 ) ) ;
#4218 = VERTEX_POINT ( 'NONE', #6532 ) ;
#4219 = AXIS2_PLACEMENT_3D ( 'NONE', #4389, #7967, #7085 ) ;
#4220 = DIRECTION ( 'NONE',  ( -0.9979663327133606598, 0.000000000000000000, 0.06374322529215104005 ) ) ;
#4221 = ORIENTED_EDGE ( 'NONE', *, *, #8643, .T. ) ;
#4222 = PLANE ( 'NONE',  #5276 ) ;
#4223 = ORIENTED_EDGE ( 'NONE', *, *, #9241, .T. ) ;
#4224 = CARTESIAN_POINT ( 'NONE',  ( 15.76546285723199858, 14.55000000000000071, -0.2500000000000000000 ) ) ;
#4225 = CARTESIAN_POINT ( 'NONE',  ( 9.205462857231999863, 4.000000000000000000, -19.86500000000000199 ) ) ;
#4226 = FACE_OUTER_BOUND ( 'NONE', #10484, .T. ) ;
#4227 = ORIENTED_EDGE ( 'NONE', *, *, #322, .F. ) ;
#4228 = DIRECTION ( 'NONE',  ( 5.608211679040000143E-14, -1.000000000000000000, -8.759975889613999651E-13 ) ) ;
#4229 = DIRECTION ( 'NONE',  ( 0.000000000000000000, 0.000000000000000000, 1.000000000000000000 ) ) ;
#4230 = LINE ( 'NONE', #6933, #11420 ) ;
#4231 = PLANE ( 'NONE',  #5100 ) ;
#4232 = B_SPLINE_CURVE_WITH_KNOTS ( 'NONE', 3,
 ( #10941, #36, #7309, #4495 ),
 .UNSPECIFIED., .F., .F.,
 ( 4, 4 ),
 ( 0.000000000000000000, 1.000000000000000000 ),
 .UNSPECIFIED. ) ;
#4233 = CARTESIAN_POINT ( 'NONE',  ( 16.49546285723199901, 4.000000000000000000, -6.989999999999999325 ) ) ;
#4234 = VERTEX_POINT ( 'NONE', #10795 ) ;
#4235 = EDGE_LOOP ( 'NONE', ( #6898, #2212, #9663, #2336 ) ) ;
#4236 = DIRECTION ( 'NONE',  ( 0.000000000000000000, -1.000000000000000000, 0.000000000000000000 ) ) ;
#4237 = CARTESIAN_POINT ( 'NONE',  ( 15.66546285723199894, 8.665000000000000924, -0.3499999999999999778 ) ) ;
#4238 = CARTESIAN_POINT ( 'NONE',  ( 10.47546285723199944, 0.5000000000000000000, -17.32499999999999929 ) ) ;
#4239 = LINE ( 'NONE', #3349, #918 ) ;
#4240 = DIRECTION ( 'NONE',  ( 0.000000000000000000, 0.000000000000000000, -1.000000000000000000 ) ) ;
#4241 = VERTEX_POINT ( 'NONE', #2888 ) ;
#4242 = CARTESIAN_POINT ( 'NONE',  ( 17.58046285723199986, 4.000000000000000000, -21.01999999999999957 ) ) ;
#4243 = CARTESIAN_POINT ( 'NONE',  ( 15.56546285723199929, 14.75000000000000000, -0.2500000000000000000 ) ) ;
#4244 = ORIENTED_EDGE ( 'NONE', *, *, #2548, .T. ) ;
#4245 = CARTESIAN_POINT ( 'NONE',  ( 15.99546285723199901, 4.000000000000000000, -6.490000000000000213 ) ) ;
#4246 = CARTESIAN_POINT ( 'NONE',  ( 5.665462857231998939, 6.500000000000000000, -0.2500000000000000000 ) ) ;
#4247 = LINE ( 'NONE', #625, #10262 ) ;
#4248 = DIRECTION ( 'NONE',  ( 0.000000000000000000, -1.000000000000000000, 0.000000000000000000 ) ) ;
#4249 = DIRECTION ( 'NONE',  ( 0.000000000000000000, 1.000000000000000000, 0.000000000000000000 ) ) ;
#4250 = VERTEX_POINT ( 'NONE', #1138 ) ;
#4251 = EDGE_CURVE ( 'NONE', #5443, #8758, #55, .T. ) ;
#4252 = EDGE_CURVE ( 'NONE', #5946, #10691, #8992, .T. ) ;
#4253 = DIRECTION ( 'NONE',  ( 0.000000000000000000, 1.000000000000000000, 0.000000000000000000 ) ) ;
#4254 = LINE ( 'NONE', #1672, #5451 ) ;
#4255 = VERTEX_POINT ( 'NONE', #3754 ) ;
#4256 = ADVANCED_FACE ( 'NONE', ( #6418 ), #6476, .T. ) ;
#4257 = ORIENTED_EDGE ( 'NONE', *, *, #7043, .F. ) ;
#4258 = EDGE_LOOP ( 'NONE', ( #9655, #2004, #8936, #6904, #490 ) ) ;
#4259 = VERTEX_POINT ( 'NONE', #8928 ) ;
#4260 = PLANE ( 'NONE',  #3533 ) ;
#4261 = EDGE_LOOP ( 'NONE', ( #10506, #2433, #477, #1735 ) ) ;
#4262 = DIRECTION ( 'NONE',  ( 0.9805806756909163369, -0.1961161351382035567, 0.000000000000000000 ) ) ;
#4263 = AXIS2_PLACEMENT_3D ( 'NONE', #2314, #612, #6835 ) ;
#4264 = LINE ( 'NONE', #1631, #366 ) ;
#4265 = ORIENTED_EDGE ( 'NONE', *, *, #9717, .F. ) ;
#4266 = DIRECTION ( 'NONE',  ( 0.000000000000000000, 1.000000000000000000, 0.000000000000000000 ) ) ;
#4267 = ORIENTED_EDGE ( 'NONE', *, *, #6862, .T. ) ;
#4268 = EDGE_CURVE ( 'NONE', #2673, #3690, #6351, .T. ) ;
#4269 = EDGE_CURVE ( 'NONE', #8878, #9827, #2825, .T. ) ;
#4270 = CARTESIAN_POINT ( 'NONE',  ( 5.295462857231999720, 0.000000000000000000, -17.32499999999999929 ) ) ;
#4271 = VECTOR ( 'NONE', #1791, 1000.000000000000227 ) ;
#4272 = ORIENTED_EDGE ( 'NONE', *, *, #7499, .F. ) ;
#4273 = CARTESIAN_POINT ( 'NONE',  ( 9.435797106966900216, 17.30000000000000071, -16.57910867929499688 ) ) ;
#4274 = CARTESIAN_POINT ( 'NONE',  ( 2.803093700461999571, 6.915000000000000036, 0.000000000000000000 ) ) ;
#4275 = B_SPLINE_SURFACE_WITH_KNOTS ( 'NONE', 3, 1, ( 
 ( #3242, #4297 ),
 ( #2316, #9687 ),
 ( #10516, #4125 ),
 ( #7709, #7766 ) ),
 .UNSPECIFIED., .F., .F., .F.,
 ( 4, 4 ),
 ( 2, 2 ),
 ( 0.05259669265279549866, 0.8888786944009899882 ),
 ( 0.000000000000000000, 1.000000000000000000 ),
 .UNSPECIFIED. ) ;
#4276 = VECTOR ( 'NONE', #8823, 1000.000000000000000 ) ;
#4277 = DIRECTION ( 'NONE',  ( 0.000000000000000000, -1.000000000000000000, 0.000000000000000000 ) ) ;
#4278 = ORIENTED_EDGE ( 'NONE', *, *, #6820, .F. ) ;
#4279 = CARTESIAN_POINT ( 'NONE',  ( 7.385462857231999578, 5.689999999999999503, -0.2500000000000000000 ) ) ;
#4280 = VECTOR ( 'NONE', #2110, 1000.000000000000000 ) ;
#4281 = DIRECTION ( 'NONE',  ( -1.000000000000000000, 0.000000000000000000, 0.000000000000000000 ) ) ;
#4282 = CARTESIAN_POINT ( 'NONE',  ( 15.41072715495599788, 17.30000000000000071, -17.62089132070499531 ) ) ;
#4283 = CARTESIAN_POINT ( 'NONE',  ( 1.650462857231999925, 0.000000000000000000, -13.87000000000000099 ) ) ;
#4284 = EDGE_CURVE ( 'NONE', #8944, #3994, #1999, .T. ) ;
#4285 = EDGE_CURVE ( 'NONE', #240, #9925, #1375, .T. ) ;
#4286 = DIRECTION ( 'NONE',  ( 0.000000000000000000, -1.000000000000000000, 0.000000000000000000 ) ) ;
#4287 = VECTOR ( 'NONE', #3074, 1000.000000000000000 ) ;
#4288 = VERTEX_POINT ( 'NONE', #10973 ) ;
#4289 = VECTOR ( 'NONE', #10547, 1000.000000000000000 ) ;
#4290 = VECTOR ( 'NONE', #4228, 1000.000000000000000 ) ;
#4291 = ORIENTED_EDGE ( 'NONE', *, *, #8996, .T. ) ;
#4292 = CARTESIAN_POINT ( 'NONE',  ( 17.35046285723199944, 17.06999999999999673, 0.000000000000000000 ) ) ;
#4293 = DIRECTION ( 'NONE',  ( -0.1961161351382035567, -0.9805806756909162258, 0.000000000000000000 ) ) ;
#4294 = CIRCLE ( 'NONE', #5810, 0.2900000000000003131 ) ;
#4295 = DIRECTION ( 'NONE',  ( 1.000000000000000000, 0.000000000000000000, 0.000000000000000000 ) ) ;
#4296 = DIRECTION ( 'NONE',  ( -0.06374322529214718203, 0.000000000000000000, 0.9979663327133609929 ) ) ;
#4297 = CARTESIAN_POINT ( 'NONE',  ( 14.98941824855049987, 17.30000000000000071, -17.29456826448420159 ) ) ;
#4298 = ORIENTED_EDGE ( 'NONE', *, *, #9717, .T. ) ;
#4299 = AXIS2_PLACEMENT_3D ( 'NONE', #11183, #1352, #10376 ) ;
#4300 = VECTOR ( 'NONE', #9824, 1000.000000000000000 ) ;
#4301 = CARTESIAN_POINT ( 'NONE',  ( 3.665462857232000271, 7.649999999999999467, 0.000000000000000000 ) ) ;
#4302 = FACE_OUTER_BOUND ( 'NONE', #7225, .T. ) ;
#4303 = ORIENTED_EDGE ( 'NONE', *, *, #2495, .T. ) ;
#4304 = CARTESIAN_POINT ( 'NONE',  ( 1.691207820469998513, 4.368287096442995399, -14.20598526339101753 ) ) ;
#4305 = DIRECTION ( 'NONE',  ( 0.1577384316472046910, 0.000000000000000000, 0.9874809300343374563 ) ) ;
#4306 = AXIS2_PLACEMENT_3D ( 'NONE', #10282, #315, #11211 ) ;
#4307 = VECTOR ( 'NONE', #4769, 1000.000000000000000 ) ;
#4308 = DIRECTION ( 'NONE',  ( 0.000000000000000000, 1.000000000000000000, 0.000000000000000000 ) ) ;
#4309 = CARTESIAN_POINT ( 'NONE',  ( 5.775462857232000147, 4.000000000000000000, -6.490000000000000213 ) ) ;
#4310 = MANIFOLD_SOLID_BREP ( 'NONE', #1551 ) ;
#4311 = FACE_OUTER_BOUND ( 'NONE', #9813, .T. ) ;
#4312 = ORIENTED_EDGE ( 'NONE', *, *, #11232, .F. ) ;
#4313 = FACE_OUTER_BOUND ( 'NONE', #1277, .T. ) ;
#4314 = LINE ( 'NONE', #6192, #23 ) ;
#4315 = ORIENTED_EDGE ( 'NONE', *, *, #7867, .T. ) ;
#4316 = AXIS2_PLACEMENT_3D ( 'NONE', #10613, #5295, #5951 ) ;
#4317 = AXIS2_PLACEMENT_3D ( 'NONE', #2697, #7973, #1759 ) ;
#4318 = VERTEX_POINT ( 'NONE', #3117 ) ;
#4319 = ORIENTED_EDGE ( 'NONE', *, *, #2816, .T. ) ;
#4320 = ORIENTED_EDGE ( 'NONE', *, *, #35, .T. ) ;
#4321 = LINE ( 'NONE', #1969, #11591 ) ;
#4322 = CARTESIAN_POINT ( 'NONE',  ( 3.465462857232000093, 14.55000000000000071, -0.2500000000000000000 ) ) ;
#4323 = CIRCLE ( 'NONE', #6203, 0.09999999999999956146 ) ;
#4324 = CARTESIAN_POINT ( 'NONE',  ( 2.345180392427999916, 4.000000000000000000, -10.55156197015999986 ) ) ;
#4325 = ORIENTED_EDGE ( 'NONE', *, *, #11149, .T. ) ;
#4326 = FACE_OUTER_BOUND ( 'NONE', #2943, .T. ) ;
#4327 = ORIENTED_EDGE ( 'NONE', *, *, #1886, .F. ) ;
#4328 = DIRECTION ( 'NONE',  ( 0.000000000000000000, 0.000000000000000000, 1.000000000000000000 ) ) ;
#4329 = ORIENTED_EDGE ( 'NONE', *, *, #1331, .F. ) ;
#4330 = VECTOR ( 'NONE', #6022, 1000.000000000000000 ) ;
#4331 = EDGE_CURVE ( 'NONE', #11310, #1841, #251, .T. ) ;
#4332 = LINE ( 'NONE', #4273, #1471 ) ;
#4333 = EDGE_CURVE ( 'NONE', #8006, #7369, #6600, .T. ) ;
#4334 = VECTOR ( 'NONE', #6640, 1000.000000000000000 ) ;
#4335 = DIRECTION ( 'NONE',  ( 0.000000000000000000, -1.000000000000000000, 0.000000000000000000 ) ) ;
#4336 = AXIS2_PLACEMENT_3D ( 'NONE', #10080, #3667, #5377 ) ;
#4337 = EDGE_CURVE ( 'NONE', #3470, #9059, #7456, .T. ) ;
#4338 = EDGE_CURVE ( 'NONE', #2735, #9919, #3416, .T. ) ;
#4339 = DIRECTION ( 'NONE',  ( -1.000000000000000000, 0.000000000000000000, 0.000000000000000000 ) ) ;
#4340 = ORIENTED_EDGE ( 'NONE', *, *, #4991, .T. ) ;
#4341 = CARTESIAN_POINT ( 'NONE',  ( 9.205462857231999863, 0.5000000000000000000, -19.86500000000000199 ) ) ;
#4342 = CARTESIAN_POINT ( 'NONE',  ( 8.519641148791000873, 17.10000000000000142, -15.45000000000000107 ) ) ;
#4343 = CARTESIAN_POINT ( 'NONE',  ( 11.74546285723200079, 4.000000000000000000, -19.51500000000000057 ) ) ;
#4344 = VECTOR ( 'NONE', #3979, 1000.000000000000000 ) ;
#4345 = PLANE ( 'NONE',  #7333 ) ;
#4346 = ADVANCED_FACE ( 'NONE', ( #488 ), #1376, .T. ) ;
#4347 = DIRECTION ( 'NONE',  ( 1.000000000000000000, 0.000000000000000000, 0.000000000000000000 ) ) ;
#4348 = VECTOR ( 'NONE', #7925, 1000.000000000000000 ) ;
#4349 = VECTOR ( 'NONE', #804, 1000.000000000000000 ) ;
#4350 = ORIENTED_EDGE ( 'NONE', *, *, #6007, .F. ) ;
#4351 = FACE_OUTER_BOUND ( 'NONE', #6865, .T. ) ;
#4352 = VECTOR ( 'NONE', #942, 1000.000000000000000 ) ;
#4353 = EDGE_CURVE ( 'NONE', #9939, #7872, #2308, .T. ) ;
#4354 = EDGE_CURVE ( 'NONE', #2505, #6112, #537, .T. ) ;
#4355 = B_SPLINE_CURVE_WITH_KNOTS ( 'NONE', 3,
 ( #11039, #4828, #9348, #10926 ),
 .UNSPECIFIED., .F., .F.,
 ( 4, 4 ),
 ( 0.000000000000000000, 1.000000000000000000 ),
 .UNSPECIFIED. ) ;
#4356 = VECTOR ( 'NONE', #7819, 1000.000000000000000 ) ;
#4357 = FACE_OUTER_BOUND ( 'NONE', #4708, .T. ) ;
#4358 = AXIS2_PLACEMENT_3D ( 'NONE', #3134, #8361, #319 ) ;
#4359 = CARTESIAN_POINT ( 'NONE',  ( 3.665462857232000271, 11.67999999999999972, -9.799999999999998934 ) ) ;
#4360 = LINE ( 'NONE', #6116, #9719 ) ;
#4361 = CARTESIAN_POINT ( 'NONE',  ( 5.775462857232000147, 0.000000000000000000, -6.989999999999999325 ) ) ;
#4362 = ORIENTED_EDGE ( 'NONE', *, *, #5571, .F. ) ;
#4363 = CARTESIAN_POINT ( 'NONE',  ( 13.74050917502367852, 17.30000000000000071, -17.32506087520970084 ) ) ;
#4364 = LINE ( 'NONE', #6120, #5480 ) ;
#4365 = CIRCLE ( 'NONE', #4937, 0.1000000000000004358 ) ;
#4366 = ORIENTED_EDGE ( 'NONE', *, *, #5924, .F. ) ;
#4367 = LINE ( 'NONE', #3462, #769 ) ;
#4368 = CARTESIAN_POINT ( 'NONE',  ( 1.650462857231999925, 0.7900000000000000355, -13.55113101483900095 ) ) ;
#4369 = CARTESIAN_POINT ( 'NONE',  ( 17.35046285723199944, 17.30000000000000071, -21.01999999999999957 ) ) ;
#4370 = CARTESIAN_POINT ( 'NONE',  ( 1.880462857232000129, 17.30000000000000071, -21.01999999999999957 ) ) ;
#4371 = DIRECTION ( 'NONE',  ( -1.315819881037000113E-14, -1.000000000000000000, 0.000000000000000000 ) ) ;
#4372 = CARTESIAN_POINT ( 'NONE',  ( 5.406549179301000763, 17.30000000000000071, -15.45000000000000107 ) ) ;
#4373 = ORIENTED_EDGE ( 'NONE', *, *, #10734, .F. ) ;
#4374 = FACE_OUTER_BOUND ( 'NONE', #10257, .T. ) ;
#4375 = DIRECTION ( 'NONE',  ( 0.000000000000000000, 0.000000000000000000, -1.000000000000000000 ) ) ;
#4376 = VERTEX_POINT ( 'NONE', #7635 ) ;
#4377 = ORIENTED_EDGE ( 'NONE', *, *, #5728, .T. ) ;
#4378 = ORIENTED_EDGE ( 'NONE', *, *, #8055, .T. ) ;
#4379 = VERTEX_POINT ( 'NONE', #11262 ) ;
#4380 = CARTESIAN_POINT ( 'NONE',  ( 11.64546285723199937, 4.750000000000000000, -1.600000000000000089 ) ) ;
#4381 = CARTESIAN_POINT ( 'NONE',  ( 1.880462857232000129, 43.65902762172999729, -0.2300000000000000100 ) ) ;
#4382 = CARTESIAN_POINT ( 'NONE',  ( 13.95546285723199986, 4.000000000000000000, -6.490000000000000213 ) ) ;
#4383 = CARTESIAN_POINT ( 'NONE',  ( 3.665462857232000271, 11.67999999999999972, -9.799999999999998934 ) ) ;
#4384 = ORIENTED_EDGE ( 'NONE', *, *, #1982, .T. ) ;
#4385 = CARTESIAN_POINT ( 'NONE',  ( 13.45546285723199986, 4.000000000000000000, -6.490000000000000213 ) ) ;
#4386 = ORIENTED_EDGE ( 'NONE', *, *, #7156, .T. ) ;
#4387 = FACE_BOUND ( 'NONE', #1049, .T. ) ;
#4388 = ORIENTED_EDGE ( 'NONE', *, *, #5407, .F. ) ;
#4389 = CARTESIAN_POINT ( 'NONE',  ( 9.615462857231998228, 0.000000000000000000, -21.25000000000000000 ) ) ;
#4390 = CARTESIAN_POINT ( 'NONE',  ( 17.58046285723199986, 0.6500000000000000222, -13.85886898516099919 ) ) ;
#4391 = DIRECTION ( 'NONE',  ( 0.000000000000000000, 0.000000000000000000, -1.000000000000000000 ) ) ;
#4392 = VERTEX_POINT ( 'NONE', #9464 ) ;
#4393 = CARTESIAN_POINT ( 'NONE',  ( 16.78699722903299829, 0.5000000000000000000, -10.56733581331999972 ) ) ;
#4394 = CARTESIAN_POINT ( 'NONE',  ( 17.58046285723199986, 0.7900000000000000355, -13.85886898516099919 ) ) ;
#4395 = CYLINDRICAL_SURFACE ( 'NONE', #4886, 1.210040583880999776 ) ;
#4396 = EDGE_CURVE ( 'NONE', #1487, #2890, #3173, .T. ) ;
#4397 = EDGE_CURVE ( 'NONE', #3038, #11403, #3010, .T. ) ;
#4398 = CARTESIAN_POINT ( 'NONE',  ( 7.585462857231999756, 5.890000000000000568, -0.4500000000000000111 ) ) ;
#4399 = CARTESIAN_POINT ( 'NONE',  ( 14.78046285723200093, 4.000000000000000000, -9.955673334989999290 ) ) ;
#4400 = ADVANCED_FACE ( 'NONE', ( #11201 ), #10332, .T. ) ;
#4401 = ORIENTED_EDGE ( 'NONE', *, *, #3045, .T. ) ;
#4402 = CARTESIAN_POINT ( 'NONE',  ( 6.565462857232000182, 0.000000000000000000, -19.51500000000000057 ) ) ;
#4403 = EDGE_CURVE ( 'NONE', #11515, #2709, #1428, .T. ) ;
#4404 = CARTESIAN_POINT ( 'NONE',  ( 15.08202482738800043, 0.5000000000000000000, -12.35528246480399872 ) ) ;
#4405 = CARTESIAN_POINT ( 'NONE',  ( 4.133127043912000254, 3.600000000000000089, -12.25653437180100092 ) ) ;
#4406 = DIRECTION ( 'NONE',  ( 0.000000000000000000, 0.000000000000000000, 1.000000000000000000 ) ) ;
#4407 = DIRECTION ( 'NONE',  ( -1.000000000000000000, 0.000000000000000000, 0.000000000000000000 ) ) ;
#4408 = ORIENTED_EDGE ( 'NONE', *, *, #2347, .F. ) ;
#4409 = CARTESIAN_POINT ( 'NONE',  ( 13.60905671101375880, 17.30000000000000071, -17.50445685317579958 ) ) ;
#4410 = CARTESIAN_POINT ( 'NONE',  ( 12.76546285723199858, 5.890000000000000568, -9.799999999999998934 ) ) ;
#4411 = EDGE_CURVE ( 'NONE', #7970, #11213, #3938, .T. ) ;
#4412 = EDGE_CURVE ( 'NONE', #5622, #8484, #4111, .T. ) ;
#4413 = EDGE_CURVE ( 'NONE', #9969, #1788, #1894, .T. ) ;
#4414 = ORIENTED_EDGE ( 'NONE', *, *, #7500, .F. ) ;
#4415 = DIRECTION ( 'NONE',  ( 0.000000000000000000, -1.000000000000000000, 0.000000000000000000 ) ) ;
#4416 = CARTESIAN_POINT ( 'NONE',  ( 13.83546285723200064, 0.5000000000000000000, -19.51500000000000057 ) ) ;
#4417 = CARTESIAN_POINT ( 'NONE',  ( 9.930643737063300946, 17.10000000000000142, -16.67715880870800049 ) ) ;
#4418 = ADVANCED_FACE ( 'NONE', ( #5655 ), #8774, .F. ) ;
#4419 = CARTESIAN_POINT ( 'NONE',  ( 8.113652288661000966, 17.30000000000000071, -15.86364902853999759 ) ) ;
#4420 = DIRECTION ( 'NONE',  ( -0.9979663327133608819, 0.000000000000000000, 0.06374322529214811184 ) ) ;
#4421 = EDGE_LOOP ( 'NONE', ( #4303, #10717, #1592, #10192 ) ) ;
#4422 = CARTESIAN_POINT ( 'NONE',  ( 15.66044916634199957, 17.30000000000000071, -16.48871893137700084 ) ) ;
#4423 = LINE ( 'NONE', #11112, #11225 ) ;
#4424 = EDGE_LOOP ( 'NONE', ( #8193, #7324, #6633, #2215, #1034 ) ) ;
#4425 = LINE ( 'NONE', #902, #1918 ) ;
#4426 = APPLICATION_PROTOCOL_DEFINITION ( 'draft international standard', 'automotive_design', 1998, #5753 ) ;
#4427 = ORIENTED_EDGE ( 'NONE', *, *, #2705, .T. ) ;
#4428 = EDGE_CURVE ( 'NONE', #4429, #4018, #1478, .T. ) ;
#4429 = VERTEX_POINT ( 'NONE', #6934 ) ;
#4430 = ORIENTED_EDGE ( 'NONE', *, *, #2137, .F. ) ;
#4431 = VERTEX_POINT ( 'NONE', #3446 ) ;
#4432 = LINE ( 'NONE', #9831, #10899 ) ;
#4433 = CARTESIAN_POINT ( 'NONE',  ( 6.604599439844999864, 17.30000000000000071, -17.64999999999999858 ) ) ;
#4434 = DIRECTION ( 'NONE',  ( 0.000000000000000000, 1.000000000000000000, 0.000000000000000000 ) ) ;
#4435 = CARTESIAN_POINT ( 'NONE',  ( 12.66546285723199894, 0.000000000000000000, -17.32499999999999929 ) ) ;
#4436 = ORIENTED_EDGE ( 'NONE', *, *, #5943, .F. ) ;
#4437 = DIRECTION ( 'NONE',  ( 0.000000000000000000, -1.000000000000000000, 0.000000000000000000 ) ) ;
#4438 = ORIENTED_EDGE ( 'NONE', *, *, #8070, .T. ) ;
#4439 = ORIENTED_EDGE ( 'NONE', *, *, #8652, .F. ) ;
#4440 = VERTEX_POINT ( 'NONE', #601 ) ;
#4441 = DIRECTION ( 'NONE',  ( 0.000000000000000000, 1.000000000000000000, 0.000000000000000000 ) ) ;
#4442 = PLANE ( 'NONE',  #1185 ) ;
#4443 = CARTESIAN_POINT ( 'NONE',  ( 16.88574532203599787, 0.5000000000000000000, -11.04843802984000156 ) ) ;
#4444 = ORIENTED_EDGE ( 'NONE', *, *, #3843, .F. ) ;
#4445 = DIRECTION ( 'NONE',  ( 0.000000000000000000, 0.000000000000000000, 1.000000000000000000 ) ) ;
#4446 = CARTESIAN_POINT ( 'NONE',  ( 15.48046285723199844, 3.700000000000000178, -4.750000000000000000 ) ) ;
#4447 = LINE ( 'NONE', #9848, #6771 ) ;
#4448 = CIRCLE ( 'NONE', #1645, 1.310040583881000753 ) ;
#4449 = DIRECTION ( 'NONE',  ( 0.1961161351382035567, 0.9805806756909162258, 0.000000000000000000 ) ) ;
#4450 = DIRECTION ( 'NONE',  ( 1.000000000000000000, 0.000000000000000000, 0.000000000000000000 ) ) ;
#4451 = EDGE_LOOP ( 'NONE', ( #6424, #7432, #3532, #4320 ) ) ;
#4452 = VERTEX_POINT ( 'NONE', #5168 ) ;
#4453 = AXIS2_PLACEMENT_3D ( 'NONE', #1580, #1625, #1680 ) ;
#4454 = EDGE_CURVE ( 'NONE', #1487, #10828, #3574, .T. ) ;
#4455 = CARTESIAN_POINT ( 'NONE',  ( 7.163791669687769925, 17.30000000000000071, -16.83955427108080016 ) ) ;
#4456 = AXIS2_PLACEMENT_3D ( 'NONE', #4668, #1093, #8072 ) ;
#4457 = EDGE_CURVE ( 'NONE', #9939, #4838, #6000, .T. ) ;
#4458 = FACE_OUTER_BOUND ( 'NONE', #9706, .T. ) ;
#4459 = CARTESIAN_POINT ( 'NONE',  ( 15.84888881419660045, 17.30000000000000071, -16.99122562474004994 ) ) ;
#4460 = CARTESIAN_POINT ( 'NONE',  ( 15.56546285723199929, 14.75000000000000000, -0.2500000000000000000 ) ) ;
#4461 = DIRECTION ( 'NONE',  ( 0.000000000000000000, -1.000000000000000000, 0.000000000000000000 ) ) ;
#4462 = VERTEX_POINT ( 'NONE', #10443 ) ;
#4463 = CARTESIAN_POINT ( 'NONE',  ( 11.64546285723199937, 4.349999999999999645, 0.000000000000000000 ) ) ;
#4464 = AXIS2_PLACEMENT_3D ( 'NONE', #11118, #9309, #2019 ) ;
#4465 = PLANE ( 'NONE',  #8077 ) ;
#4466 = VECTOR ( 'NONE', #3282, 1000.000000000000000 ) ;
#4467 = AXIS2_PLACEMENT_3D ( 'NONE', #2645, #9808, #1769 ) ;
#4468 = ORIENTED_EDGE ( 'NONE', *, *, #7136, .F. ) ;
#4469 = CARTESIAN_POINT ( 'NONE',  ( 16.88574532203599787, 0.5000000000000000000, -10.55156197015999986 ) ) ;
#4470 = EDGE_CURVE ( 'NONE', #4166, #9481, #11369, .T. ) ;
#4471 = ORIENTED_EDGE ( 'NONE', *, *, #7703, .F. ) ;
#4472 = CARTESIAN_POINT ( 'NONE',  ( 3.750462857232000236, 3.700000000000000178, -14.75000000000000000 ) ) ;
#4473 = LINE ( 'NONE', #3583, #11032 ) ;
#4474 = EDGE_CURVE ( 'NONE', #4163, #6856, #8867, .T. ) ;
#4475 = AXIS2_PLACEMENT_3D ( 'NONE', #7936, #2366, #10398 ) ;
#4476 = CYLINDRICAL_SURFACE ( 'NONE', #10466, 0.5999999999999999778 ) ;
#4477 = CARTESIAN_POINT ( 'NONE',  ( 17.38046285723200057, 0.000000000000000000, -13.83000000000000007 ) ) ;
#4478 = ORIENTED_EDGE ( 'NONE', *, *, #11438, .T. ) ;
#4479 = AXIS2_PLACEMENT_3D ( 'NONE', #744, #11581, #5202 ) ;
#4480 = CIRCLE ( 'NONE', #4676, 1.574999999999999289 ) ;
#4481 = ADVANCED_FACE ( 'NONE', ( #5052 ), #8636, .T. ) ;
#4482 = ADVANCED_FACE ( 'NONE', ( #8745 ), #2576, .T. ) ;
#4483 = DIRECTION ( 'NONE',  ( 0.000000000000000000, 1.000000000000000000, 0.000000000000000000 ) ) ;
#4484 = DIRECTION ( 'NONE',  ( 0.000000000000000000, 0.000000000000000000, -1.000000000000000000 ) ) ;
#4485 = ORIENTED_EDGE ( 'NONE', *, *, #7047, .F. ) ;
#4486 = CARTESIAN_POINT ( 'NONE',  ( 1.880462857232000129, 17.06999999999999673, -21.25000000000000000 ) ) ;
#4487 = EDGE_LOOP ( 'NONE', ( #849, #5301, #6044, #9115, #4777 ) ) ;
#4488 = EDGE_CURVE ( 'NONE', #4018, #6666, #3396, .T. ) ;
#4489 = CIRCLE ( 'NONE', #9528, 1.474999999999998979 ) ;
#4490 = ORIENTED_EDGE ( 'NONE', *, *, #11284, .F. ) ;
#4491 = VECTOR ( 'NONE', #9370, 1000.000000000000000 ) ;
#4492 = EDGE_LOOP ( 'NONE', ( #1842, #8016, #4414, #8128 ) ) ;
#4493 = VECTOR ( 'NONE', #2903, 1000.000000000000000 ) ;
#4494 = CARTESIAN_POINT ( 'NONE',  ( 5.356997229032999464, 0.5000000000000000000, -10.56733581331999972 ) ) ;
#4495 = CARTESIAN_POINT ( 'NONE',  ( 3.750462857232000236, 3.700000000000000178, -9.232159127970000156 ) ) ;
#4496 = LINE ( 'NONE', #8953, #9530 ) ;
#4497 = EDGE_CURVE ( 'NONE', #9059, #9542, #6161, .T. ) ;
#4498 = EDGE_CURVE ( 'NONE', #3067, #1795, #706, .T. ) ;
#4499 = CARTESIAN_POINT ( 'NONE',  ( 5.406549179301000763, 17.10000000000000142, -15.45000000000000107 ) ) ;
#4500 = ORIENTED_EDGE ( 'NONE', *, *, #539, .T. ) ;
#4501 = AXIS2_PLACEMENT_3D ( 'NONE', #3922, #4689, #7507 ) ;
#4502 = DIRECTION ( 'NONE',  ( -0.1961161351382035567, 0.9805806756909162258, 0.000000000000000000 ) ) ;
#4503 = VERTEX_POINT ( 'NONE', #6994 ) ;
#4504 = VERTEX_POINT ( 'NONE', #9739 ) ;
#4505 = ORIENTED_EDGE ( 'NONE', *, *, #7911, .T. ) ;
#4506 = VERTEX_POINT ( 'NONE', #11487 ) ;
#4507 = DIRECTION ( 'NONE',  ( -0.9874809300343374563, 0.000000000000000000, -0.1577384316472046910 ) ) ;
#4508 = ORIENTED_EDGE ( 'NONE', *, *, #9304, .F. ) ;
#4509 = CARTESIAN_POINT ( 'NONE',  ( 15.56546285723199929, 14.44999999999999929, 0.000000000000000000 ) ) ;
#4510 = CIRCLE ( 'NONE', #2638, 0.1999999999999996503 ) ;
#4511 = CARTESIAN_POINT ( 'NONE',  ( 1.650462857231999925, 3.850000000000000089, -13.08000000000000007 ) ) ;
#4512 = DIRECTION ( 'NONE',  ( 0.1961161351382035567, 0.9805806756909162258, 0.000000000000000000 ) ) ;
#4513 = ORIENTED_EDGE ( 'NONE', *, *, #8766, .T. ) ;
#4514 = CARTESIAN_POINT ( 'NONE',  ( 3.003093700461999749, 7.115000000000000213, -0.2500000000000000000 ) ) ;
#4515 = CARTESIAN_POINT ( 'NONE',  ( 13.25927306016670038, 17.30000000000000071, -17.20687287079725181 ) ) ;
#4516 = FACE_OUTER_BOUND ( 'NONE', #3096, .T. ) ;
#4517 = CARTESIAN_POINT ( 'NONE',  ( 13.81588052485900064, 17.10000000000000142, -16.99122564792600087 ) ) ;
#4518 = ORIENTED_EDGE ( 'NONE', *, *, #6575, .T. ) ;
#4519 = ORIENTED_EDGE ( 'NONE', *, *, #10021, .T. ) ;
#4520 = VECTOR ( 'NONE', #1186, 1000.000000000000000 ) ;
#4521 = B_SPLINE_CURVE_WITH_KNOTS ( 'NONE', 3,
 ( #534, #4282, #5942, #11428 ),
 .UNSPECIFIED., .F., .F.,
 ( 4, 4 ),
 ( 0.000000000000000000, 1.000000000000000000 ),
 .UNSPECIFIED. ) ;
#4522 = CARTESIAN_POINT ( 'NONE',  ( 3.465462857232000093, 9.679999999999999716, -0.2500000000000000000 ) ) ;
#4523 = CYLINDRICAL_SURFACE ( 'NONE', #10836, 0.09999999999999956146 ) ;
#4524 = VECTOR ( 'NONE', #3345, 1000.000000000000000 ) ;
#4525 = DIRECTION ( 'NONE',  ( -0.1577384316472061065, 0.000000000000000000, -0.9874809300343372342 ) ) ;
#4526 = CARTESIAN_POINT ( 'NONE',  ( 13.32716239665499813, 17.30000000000000071, -16.76448471546199670 ) ) ;
#4527 = CARTESIAN_POINT ( 'NONE',  ( 9.930643737063300946, 17.30000000000000071, -16.67715880870800049 ) ) ;
#4528 = ORIENTED_EDGE ( 'NONE', *, *, #2495, .F. ) ;
#4529 = VECTOR ( 'NONE', #11062, 1000.000000000000227 ) ;
#4530 = VECTOR ( 'NONE', #4904, 1000.000000000000000 ) ;
#4531 = DIRECTION ( 'NONE',  ( -0.7071067811865475727, 0.000000000000000000, 0.7071067811865475727 ) ) ;
#4532 = CARTESIAN_POINT ( 'NONE',  ( 3.850462857231999880, 3.700000000000000178, 27.70149999999999935 ) ) ;
#4533 = EDGE_LOOP ( 'NONE', ( #226, #10228, #987, #11122, #5519, #1455, #336 ) ) ;
#4534 = CIRCLE ( 'NONE', #7915, 0.1000000000000002692 ) ;
#4535 = CARTESIAN_POINT ( 'NONE',  ( 14.16671680186699867, 17.30000000000000071, -15.45000000000000107 ) ) ;
#4536 = VERTEX_POINT ( 'NONE', #4283 ) ;
#4537 = CARTESIAN_POINT ( 'NONE',  ( 11.81964114879099981, 17.10000000000000142, -16.10264624357199992 ) ) ;
#4538 = AXIS2_PLACEMENT_3D ( 'NONE', #6683, #509, #7779 ) ;
#4539 = LINE ( 'NONE', #10625, #2587 ) ;
#4540 = ADVANCED_FACE ( 'NONE', ( #8696 ), #4231, .T. ) ;
#4541 = DIRECTION ( 'NONE',  ( 0.000000000000000000, 0.000000000000000000, -1.000000000000000000 ) ) ;
#4542 = CARTESIAN_POINT ( 'NONE',  ( 4.615462857232000005, 9.679999999999999716, 0.000000000000000000 ) ) ;
#4543 = ORIENTED_EDGE ( 'NONE', *, *, #1962, .T. ) ;
#4544 = DIRECTION ( 'NONE',  ( 0.000000000000000000, 0.000000000000000000, 1.000000000000000000 ) ) ;
#4545 = CARTESIAN_POINT ( 'NONE',  ( 17.58046285723199986, 4.493779418384000302, -13.85886898730599981 ) ) ;
#4546 = ORIENTED_EDGE ( 'NONE', *, *, #2607, .T. ) ;
#4547 = CARTESIAN_POINT ( 'NONE',  ( 17.76079236082698998, 4.137926765398999507, -13.62421139001300396 ) ) ;
#4548 = TOROIDAL_SURFACE ( 'NONE', #1351, 1.310040583880999865, 0.1000000000000000056 ) ;
#4549 = ADVANCED_FACE ( 'NONE', ( #5944 ), #4345, .F. ) ;
#4550 = AXIS2_PLACEMENT_3D ( 'NONE', #3530, #7894, #6086 ) ;
#4551 = CARTESIAN_POINT ( 'NONE',  ( 1.704954460274278327, 4.054513161657772535, -0.08115107136542540345 ) ) ;
#4552 = EDGE_CURVE ( 'NONE', #593, #126, #10704, .T. ) ;
#4553 = VERTEX_POINT ( 'NONE', #11319 ) ;
#4554 = ORIENTED_EDGE ( 'NONE', *, *, #9489, .F. ) ;
#4555 = DIRECTION ( 'NONE',  ( 0.000000000000000000, -1.000000000000000000, 0.000000000000000000 ) ) ;
#4556 = EDGE_CURVE ( 'NONE', #526, #3470, #1539, .T. ) ;
#4557 = CARTESIAN_POINT ( 'NONE',  ( 14.61546285723200000, 11.67999999999999972, -9.799999999999998934 ) ) ;
#4558 = EDGE_CURVE ( 'NONE', #3657, #6889, #7809, .T. ) ;
#4559 = LINE ( 'NONE', #5369, #711 ) ;
#4560 = CARTESIAN_POINT ( 'NONE',  ( 12.66546285723199894, 0.000000000000000000, -17.32499999999999929 ) ) ;
#4561 = EDGE_CURVE ( 'NONE', #5614, #5784, #7328, .T. ) ;
#4562 = EDGE_LOOP ( 'NONE', ( #11189, #5773, #2396, #10132 ) ) ;
#4563 = CARTESIAN_POINT ( 'NONE',  ( 5.356997229032999464, 4.000000000000000000, -10.56733581331999972 ) ) ;
#4564 = EDGE_LOOP ( 'NONE', ( #266, #1467, #508, #1748, #11569, #502 ) ) ;
#4565 = ORIENTED_EDGE ( 'NONE', *, *, #2477, .T. ) ;
#4566 = ORIENTED_EDGE ( 'NONE', *, *, #3278, .F. ) ;
#4567 = VERTEX_POINT ( 'NONE', #5569 ) ;
#4568 = EDGE_CURVE ( 'NONE', #4891, #8755, #1989, .T. ) ;
#4569 = EDGE_CURVE ( 'NONE', #593, #7201, #3674, .T. ) ;
#4570 = ADVANCED_FACE ( 'NONE', ( #4516 ), #7214, .T. ) ;
#4571 = LINE ( 'NONE', #8021, #10108 ) ;
#4572 = ORIENTED_EDGE ( 'NONE', *, *, #11057, .F. ) ;
#4573 = PLANE ( 'NONE',  #1538 ) ;
#4574 = DIRECTION ( 'NONE',  ( 0.000000000000000000, 0.000000000000000000, 1.000000000000000000 ) ) ;
#4575 = DIRECTION ( 'NONE',  ( 0.000000000000000000, -1.000000000000000000, 0.000000000000000000 ) ) ;
#4576 = EDGE_CURVE ( 'NONE', #5312, #8334, #3561, .T. ) ;
#4577 = ORIENTED_EDGE ( 'NONE', *, *, #2626, .F. ) ;
#4578 = DIRECTION ( 'NONE',  ( 0.000000000000000000, -1.000000000000000000, 0.000000000000000000 ) ) ;
#4579 = LINE ( 'NONE', #10667, #5831 ) ;
#4580 = CARTESIAN_POINT ( 'NONE',  ( 3.665462857232000271, 7.649999999999999467, -0.4500000000000000111 ) ) ;
#4581 = DIRECTION ( 'NONE',  ( 0.000000000000000000, 1.000000000000000000, 0.000000000000000000 ) ) ;
#4582 = ORIENTED_EDGE ( 'NONE', *, *, #889, .T. ) ;
#4583 = EDGE_LOOP ( 'NONE', ( #9103, #5742, #4543, #9456, #4712, #380, #6744, #5595, #6998, #102, #8601, #3644 ) ) ;
#4584 = DIRECTION ( 'NONE',  ( 0.000000000000000000, 0.000000000000000000, -1.000000000000000000 ) ) ;
#4585 = FACE_OUTER_BOUND ( 'NONE', #6673, .T. ) ;
#4586 = LINE ( 'NONE', #1942, #938 ) ;
#4587 = LINE ( 'NONE', #10969, #734 ) ;
#4588 = LINE ( 'NONE', #6, #10671 ) ;
#4589 = ORIENTED_EDGE ( 'NONE', *, *, #11343, .F. ) ;
#4590 = DIRECTION ( 'NONE',  ( 0.000000000000000000, -1.000000000000000000, 0.000000000000000000 ) ) ;
#4591 = CARTESIAN_POINT ( 'NONE',  ( 15.56312704391199908, 0.4000000000000000222, -12.25653437180100092 ) ) ;
#4592 = ORIENTED_EDGE ( 'NONE', *, *, #416, .T. ) ;
#4593 = DIRECTION ( 'NONE',  ( 0.000000000000000000, 0.000000000000000000, 1.000000000000000000 ) ) ;
#4594 = VERTEX_POINT ( 'NONE', #2809 ) ;
#4595 = CARTESIAN_POINT ( 'NONE',  ( 16.79337155156200012, 4.000000000000000000, -11.13246081994999948 ) ) ;
#4596 = DIRECTION ( 'NONE',  ( 0.06374322529214788979, 0.000000000000000000, -0.9979663327133607709 ) ) ;
#4597 = FACE_OUTER_BOUND ( 'NONE', #3660, .T. ) ;
#4598 = CARTESIAN_POINT ( 'NONE',  ( 15.76546285723199858, 14.55000000000000071, 0.000000000000000000 ) ) ;
#4599 = ORIENTED_EDGE ( 'NONE', *, *, #7338, .F. ) ;
#4600 = CARTESIAN_POINT ( 'NONE',  ( 1.850462857232000102, 0.000000000000000000, -13.87000000000000099 ) ) ;
#4601 = FACE_BOUND ( 'NONE', #9069, .T. ) ;
#4602 = VERTEX_POINT ( 'NONE', #1008 ) ;
#4603 = CARTESIAN_POINT ( 'NONE',  ( 15.77351746773515018, 17.10000000000000142, -17.32506086830310110 ) ) ;
#4604 = DIRECTION ( 'NONE',  ( 0.000000000000000000, -1.000000000000000000, 0.000000000000000000 ) ) ;
#4605 = ORIENTED_EDGE ( 'NONE', *, *, #7510, .T. ) ;
#4606 = ORIENTED_EDGE ( 'NONE', *, *, #5400, .F. ) ;
#4607 = DIRECTION ( 'NONE',  ( 1.000000000000000000, 0.000000000000000000, 0.000000000000000000 ) ) ;
#4608 = CARTESIAN_POINT ( 'NONE',  ( 3.850462857231999880, 3.600000000000000089, -12.37420614914300110 ) ) ;
#4609 = ADVANCED_FACE ( 'NONE', ( #1059 ), #7263, .F. ) ;
#4610 = DIRECTION ( 'NONE',  ( 0.9874809300343374563, 0.000000000000000000, -0.1577384316472046910 ) ) ;
#4611 = ADVANCED_FACE ( 'NONE', ( #9803 ), #1869, .T. ) ;
#4612 = DIRECTION ( 'NONE',  ( -1.000000000000000000, 0.000000000000000000, 0.000000000000000000 ) ) ;
#4613 = EDGE_LOOP ( 'NONE', ( #10474, #8173, #499, #6762 ) ) ;
#4614 = EDGE_CURVE ( 'NONE', #3651, #2132, #10027, .T. ) ;
#4615 = DIRECTION ( 'NONE',  ( 0.06374322529217722744, 0.000000000000000000, 0.9979663327133589945 ) ) ;
#4616 = VERTEX_POINT ( 'NONE', #6338 ) ;
#4617 = ORIENTED_EDGE ( 'NONE', *, *, #6496, .F. ) ;
#4618 = ORIENTED_EDGE ( 'NONE', *, *, #7423, .F. ) ;
#4619 = ORIENTED_EDGE ( 'NONE', *, *, #6189, .F. ) ;
#4620 = LINE ( 'NONE', #3614, #2405 ) ;
#4621 = LINE ( 'NONE', #1799, #5273 ) ;
#4622 = CARTESIAN_POINT ( 'NONE',  ( 15.77351746730299986, 17.30000000000000071, -17.32506086918699850 ) ) ;
#4623 = PLANE ( 'NONE',  #1659 ) ;
#4624 = EDGE_LOOP ( 'NONE', ( #210, #6727, #1099, #2812 ) ) ;
#4625 = LINE ( 'NONE', #7325, #3921 ) ;
#4626 = EDGE_CURVE ( 'NONE', #7901, #9670, #8268, .T. ) ;
#4627 = ADVANCED_FACE ( 'NONE', ( #8916 ), #9100, .T. ) ;
#4628 = CARTESIAN_POINT ( 'NONE',  ( 10.27228726123319902, 17.30000000000000071, -15.45000000000000107 ) ) ;
#4629 = DIRECTION ( 'NONE',  ( 0.000000000000000000, -1.000000000000000000, 0.000000000000000000 ) ) ;
#4630 = DIRECTION ( 'NONE',  ( 0.000000000000000000, 0.000000000000000000, 1.000000000000000000 ) ) ;
#4631 = ORIENTED_EDGE ( 'NONE', *, *, #7211, .T. ) ;
#4632 = ORIENTED_EDGE ( 'NONE', *, *, #10636, .F. ) ;
#4633 = DIRECTION ( 'NONE',  ( -1.000000000000000000, 0.000000000000000000, 0.000000000000000000 ) ) ;
#4634 = CARTESIAN_POINT ( 'NONE',  ( 14.88046285723199880, 3.700000000000000178, 27.70149999999999935 ) ) ;
#4635 = AXIS2_PLACEMENT_3D ( 'NONE', #4956, #11271, #10396 ) ;
#4636 = EDGE_CURVE ( 'NONE', #11466, #1966, #2639, .T. ) ;
#4637 = EDGE_CURVE ( 'NONE', #8503, #7771, #9772, .T. ) ;
#4638 = DIRECTION ( 'NONE',  ( -0.7071067811865475727, 0.000000000000000000, 0.7071067811865475727 ) ) ;
#4639 = FACE_OUTER_BOUND ( 'NONE', #716, .T. ) ;
#4640 = LINE ( 'NONE', #6598, #7117 ) ;
#4641 = ORIENTED_EDGE ( 'NONE', *, *, #9943, .T. ) ;
#4642 = CARTESIAN_POINT ( 'NONE',  ( 8.755462857231998797, 0.5000000000000000000, -19.51500000000000057 ) ) ;
#4643 = CARTESIAN_POINT ( 'NONE',  ( 5.688443350538999965, 17.30000000000000071, -15.45000000000000107 ) ) ;
#4644 = VERTEX_POINT ( 'NONE', #10668 ) ;
#4645 = ORIENTED_EDGE ( 'NONE', *, *, #9949, .F. ) ;
#4646 = AXIS2_PLACEMENT_3D ( 'NONE', #3700, #10751, #2899 ) ;
#4647 = DIRECTION ( 'NONE',  ( 1.000000000000000000, 0.000000000000000000, 0.000000000000000000 ) ) ;
#4648 = VERTEX_POINT ( 'NONE', #10781 ) ;
#4649 = CARTESIAN_POINT ( 'NONE',  ( 8.519641148791000873, 17.30000000000000071, -15.45000000000000107 ) ) ;
#4650 = DIRECTION ( 'NONE',  ( 0.000000000000000000, 0.000000000000000000, -1.000000000000000000 ) ) ;
#4651 = CARTESIAN_POINT ( 'NONE',  ( 6.604599439844999864, 17.30000000000000071, -15.45000000000000107 ) ) ;
#4652 = DIRECTION ( 'NONE',  ( 0.000000000000000000, 0.000000000000000000, 1.000000000000000000 ) ) ;
#4653 = EDGE_LOOP ( 'NONE', ( #948, #4146, #7654, #6360 ) ) ;
#4654 = AXIS2_PLACEMENT_3D ( 'NONE', #6427, #5479, #3641 ) ;
#4655 = DIRECTION ( 'NONE',  ( 9.893159056419999635E-13, -1.000000000000000000, -6.360501912901999380E-14 ) ) ;
#4656 = FACE_BOUND ( 'NONE', #1691, .T. ) ;
#4657 = EDGE_LOOP ( 'NONE', ( #1102, #2843, #3147, #10938 ) ) ;
#4658 = VECTOR ( 'NONE', #289, 1000.000000000000000 ) ;
#4659 = CARTESIAN_POINT ( 'NONE',  ( 17.76079236082700064, 4.334926826456001692, -13.56440593594599164 ) ) ;
#4660 = FACE_OUTER_BOUND ( 'NONE', #4207, .T. ) ;
#4661 = ORIENTED_EDGE ( 'NONE', *, *, #8002, .F. ) ;
#4662 = ORIENTED_EDGE ( 'NONE', *, *, #1037, .T. ) ;
#4663 = DIRECTION ( 'NONE',  ( 0.000000000000000000, 0.000000000000000000, 1.000000000000000000 ) ) ;
#4664 = VECTOR ( 'NONE', #6483, 1000.000000000000000 ) ;
#4665 = DIRECTION ( 'NONE',  ( 0.9874809300343374563, 0.000000000000000000, 0.1577384316472046910 ) ) ;
#4666 = VECTOR ( 'NONE', #8074, 1000.000000000000000 ) ;
#4667 = VECTOR ( 'NONE', #2060, 1000.000000000000000 ) ;
#4668 = CARTESIAN_POINT ( 'NONE',  ( 13.56546285723199929, 6.400000000000000355, -0.2000000000000000111 ) ) ;
#4669 = DIRECTION ( 'NONE',  ( 0.000000000000000000, -1.000000000000000000, 0.000000000000000000 ) ) ;
#4670 = ORIENTED_EDGE ( 'NONE', *, *, #741, .F. ) ;
#4671 = CARTESIAN_POINT ( 'NONE',  ( 16.79337155156200012, 0.5000000000000000000, -10.46753918005000017 ) ) ;
#4672 = LINE ( 'NONE', #2793, #1337 ) ;
#4673 = VECTOR ( 'NONE', #3728, 1000.000000000000000 ) ;
#4674 = ORIENTED_EDGE ( 'NONE', *, *, #6820, .T. ) ;
#4675 = AXIS2_PLACEMENT_3D ( 'NONE', #10112, #9999, #5597 ) ;
#4676 = AXIS2_PLACEMENT_3D ( 'NONE', #5486, #6310, #9877 ) ;
#4677 = EDGE_LOOP ( 'NONE', ( #7885, #8893, #7735, #4983 ) ) ;
#4678 = VERTEX_POINT ( 'NONE', #1760 ) ;
#4679 = ORIENTED_EDGE ( 'NONE', *, *, #4284, .T. ) ;
#4680 = CARTESIAN_POINT ( 'NONE',  ( 1.650462857231999925, 17.06999999999999673, -0.2300000000000000100 ) ) ;
#4681 = DIRECTION ( 'NONE',  ( 0.000000000000000000, 0.000000000000000000, -1.000000000000000000 ) ) ;
#4682 = DIRECTION ( 'NONE',  ( 1.000000000000000000, 0.000000000000000000, 0.000000000000000000 ) ) ;
#4683 = AXIS2_PLACEMENT_3D ( 'NONE', #3079, #1262, #8482 ) ;
#4684 = AXIS2_PLACEMENT_3D ( 'NONE', #5670, #4898, #3949 ) ;
#4685 = CARTESIAN_POINT ( 'NONE',  ( 1.563767697292995917, 0.4834837260100097733, -13.93418349815601331 ) ) ;
#4686 = VERTEX_POINT ( 'NONE', #5452 ) ;
#4687 = FACE_OUTER_BOUND ( 'NONE', #1576, .T. ) ;
#4688 = EDGE_CURVE ( 'NONE', #3975, #4809, #5335, .T. ) ;
#4689 = DIRECTION ( 'NONE',  ( 0.000000000000000000, 0.000000000000000000, 1.000000000000000000 ) ) ;
#4690 = DIRECTION ( 'NONE',  ( 0.000000000000000000, 1.000000000000000000, 0.000000000000000000 ) ) ;
#4691 = EDGE_CURVE ( 'NONE', #11134, #1153, #9957, .T. ) ;
#4692 = CARTESIAN_POINT ( 'NONE',  ( 13.60905669902299842, 17.30000000000000071, -17.50445686578799709 ) ) ;
#4693 = VECTOR ( 'NONE', #6846, 1000.000000000000000 ) ;
#4694 = EDGE_CURVE ( 'NONE', #5000, #8904, #5384, .T. ) ;
#4695 = ORIENTED_EDGE ( 'NONE', *, *, #2401, .T. ) ;
#4696 = CIRCLE ( 'NONE', #7503, 1.210040583880999554 ) ;
#4697 = ORIENTED_EDGE ( 'NONE', *, *, #4787, .T. ) ;
#4698 = EDGE_CURVE ( 'NONE', #345, #4854, #9043, .T. ) ;
#4699 = ADVANCED_FACE ( 'NONE', ( #2051 ), #8332, .F. ) ;
#4700 = CYLINDRICAL_SURFACE ( 'NONE', #8853, 0.1999999999999987899 ) ;
#4701 = CARTESIAN_POINT ( 'NONE',  ( 13.87392848543099966, 4.000000000000000000, -10.56733581331999972 ) ) ;
#4702 = AXIS2_PLACEMENT_3D ( 'NONE', #9084, #10820, #4747 ) ;
#4703 = LINE ( 'NONE', #10850, #3936 ) ;
#4704 = CARTESIAN_POINT ( 'NONE',  ( 1.650462857231999925, 4.203779418383999378, -13.85886898516099919 ) ) ;
#4705 = CARTESIAN_POINT ( 'NONE',  ( 5.406549179301000763, 17.30000000000000071, -15.45000000000000107 ) ) ;
#4707 = ORIENTED_EDGE ( 'NONE', *, *, #1462, .T. ) ;
#4706 = EDGE_CURVE ( 'NONE', #77, #10600, #293, .T. ) ;
#4708 = EDGE_LOOP ( 'NONE', ( #3697, #3928, #7418, #3295 ) ) ;
#4709 = DIRECTION ( 'NONE',  ( 0.1961161351382035567, -0.9805806756909162258, 0.000000000000000000 ) ) ;
#4710 = DIRECTION ( 'NONE',  ( -0.000000000000000000, 1.000000000000000000, 0.000000000000000000 ) ) ;
#4711 =( BOUNDED_SURFACE ( )  B_SPLINE_SURFACE ( 3, 3, ( 
 ( #10900, #4685, #8261, #2928 ),
 ( #6693, #2286, #5878, #7619 ),
 ( #409, #643, #2342, #5031 ),
 ( #1290, #3985, #6911, #8682 ) ),
 .UNSPECIFIED., .F., .F., .F. ) 
 B_SPLINE_SURFACE_WITH_KNOTS ( ( 4, 4 ),
 ( 4, 4 ),
 ( 0.000000000000000000, 1.000000000000000000 ),
 ( 0.000000000000000000, 1.000000000000000000 ),
 .UNSPECIFIED. ) 
 GEOMETRIC_REPRESENTATION_ITEM ( )  RATIONAL_B_SPLINE_SURFACE ( (
 ( 1.826639217224000022, 1.203690208500999947, 1.203690208500999947, 1.826639217224000022),
 ( 1.182697249577000065, 0.7793553787268999722, 0.7793553787268999722, 1.182697249577000065),
 ( 1.182697249577000065, 0.7793553787268999722, 0.7793553787268999722, 1.182697249577000065),
 ( 1.826639217224000022, 1.203690208500999947, 1.203690208500999947, 1.826639217224000022) ) ) 
 REPRESENTATION_ITEM ( '' )  SURFACE ( )  );
#4712 = ORIENTED_EDGE ( 'NONE', *, *, #3908, .T. ) ;
#4713 = ORIENTED_EDGE ( 'NONE', *, *, #3127, .F. ) ;
#4714 = AXIS2_PLACEMENT_3D ( 'NONE', #8669, #8603, #11291 ) ;
#4715 = AXIS2_PLACEMENT_3D ( 'NONE', #3489, #11479, #5161 ) ;
#4716 = LINE ( 'NONE', #5659, #2281 ) ;
#4717 = ADVANCED_FACE ( 'NONE', ( #10962 ), #2932, .F. ) ;
#4718 = ADVANCED_FACE ( 'NONE', ( #6329 ), #10020, .F. ) ;
#4719 = ADVANCED_FACE ( 'NONE', ( #6459 ), #1983, .T. ) ;
#4720 = ORIENTED_EDGE ( 'NONE', *, *, #10927, .T. ) ;
#4721 = CARTESIAN_POINT ( 'NONE',  ( 12.66546285723199894, 0.000000000000000000, -16.97500000000000142 ) ) ;
#4722 = DIRECTION ( 'NONE',  ( 0.000000000000000000, 0.000000000000000000, 1.000000000000000000 ) ) ;
#4723 = VECTOR ( 'NONE', #2658, 1000.000000000000000 ) ;
#4724 = CARTESIAN_POINT ( 'NONE',  ( 14.16671680186699867, 17.30000000000000071, -17.64999999999999858 ) ) ;
#4725 = VECTOR ( 'NONE', #8468, 1000.000000000000000 ) ;
#4726 = DIRECTION ( 'NONE',  ( 0.000000000000000000, -1.000000000000000000, 0.000000000000000000 ) ) ;
#4727 = ORIENTED_EDGE ( 'NONE', *, *, #8990, .F. ) ;
#4728 = AXIS2_PLACEMENT_3D ( 'NONE', #350, #7030, #9622 ) ;
#4729 = CARTESIAN_POINT ( 'NONE',  ( 10.42546285723200050, 0.2500000000000000000, -17.14999999999999858 ) ) ;
#4730 = CARTESIAN_POINT ( 'NONE',  ( 17.51822871764056444, 4.062214319528100859, -0.07233565626287881412 ) ) ;
#4731 = ORIENTED_EDGE ( 'NONE', *, *, #5563, .T. ) ;
#4732 = DIRECTION ( 'NONE',  ( 0.000000000000000000, 0.000000000000000000, 1.000000000000000000 ) ) ;
#4733 = DIRECTION ( 'NONE',  ( -1.000000000000000000, 0.000000000000000000, 0.000000000000000000 ) ) ;
#4734 = EDGE_LOOP ( 'NONE', ( #3151, #6969, #5314, #8182, #8406 ) ) ;
#4735 = VECTOR ( 'NONE', #2916, 1000.000000000000000 ) ;
#4736 = VECTOR ( 'NONE', #8486, 1000.000000000000000 ) ;
#4737 = LINE ( 'NONE', #5678, #592 ) ;
#4738 = CARTESIAN_POINT ( 'NONE',  ( 13.27966909461027889, 17.30000000000000071, -16.30027856159874844 ) ) ;
#4739 = CARTESIAN_POINT ( 'NONE',  ( 17.53971789399400194, 0.4428837218999966407, -14.02337666348499923 ) ) ;
#4740 = DIRECTION ( 'NONE',  ( 0.000000000000000000, 0.000000000000000000, -1.000000000000000000 ) ) ;
#4741 = AXIS2_PLACEMENT_3D ( 'NONE', #11421, #3326, #6984 ) ;
#4742 = DIRECTION ( 'NONE',  ( 0.000000000000000000, -1.000000000000000000, 0.000000000000000000 ) ) ;
#4743 = ORIENTED_EDGE ( 'NONE', *, *, #6783, .F. ) ;
#4744 = AXIS2_PLACEMENT_3D ( 'NONE', #5250, #1732, #2669 ) ;
#4745 = VECTOR ( 'NONE', #7810, 1000.000000000000000 ) ;
#4746 = DIRECTION ( 'NONE',  ( 1.000000000000000000, 0.000000000000000000, 0.000000000000000000 ) ) ;
#4747 = DIRECTION ( 'NONE',  ( 1.000000000000000000, 0.000000000000000000, 0.000000000000000000 ) ) ;
#4748 = ORIENTED_EDGE ( 'NONE', *, *, #10782, .F. ) ;
#4749 = ORIENTED_EDGE ( 'NONE', *, *, #6510, .T. ) ;
#4750 = ORIENTED_EDGE ( 'NONE', *, *, #2385, .F. ) ;
#4751 = ORIENTED_EDGE ( 'NONE', *, *, #11540, .F. ) ;
#4752 = LINE ( 'NONE', #2104, #5053 ) ;
#4753 = DIRECTION ( 'NONE',  ( 0.000000000000000000, 0.000000000000000000, 1.000000000000000000 ) ) ;
#4754 = LINE ( 'NONE', #4807, #10887 ) ;
#4755 = CARTESIAN_POINT ( 'NONE',  ( 4.115462857232000005, 11.67999999999999972, 0.000000000000000000 ) ) ;
#4756 = ORIENTED_EDGE ( 'NONE', *, *, #1886, .T. ) ;
#4757 = LINE ( 'NONE', #5515, #3526 ) ;
#4758 = FACE_OUTER_BOUND ( 'NONE', #9688, .T. ) ;
#4759 = CARTESIAN_POINT ( 'NONE',  ( 16.22783201400199715, 4.750000000000000000, 27.70149999999999935 ) ) ;
#4760 = CARTESIAN_POINT ( 'NONE',  ( 15.29228167395999982, 17.10000000000000142, -17.20687313279400144 ) ) ;
#4761 = ORIENTED_EDGE ( 'NONE', *, *, #10586, .F. ) ;
#4762 = ORIENTED_EDGE ( 'NONE', *, *, #10945, .T. ) ;
#4763 = DIRECTION ( 'NONE',  ( 0.000000000000000000, 1.000000000000000000, 0.000000000000000000 ) ) ;
#4764 = EDGE_CURVE ( 'NONE', #5439, #284, #9026, .T. ) ;
#4765 = LINE ( 'NONE', #244, #7284 ) ;
#4766 = ADVANCED_FACE ( 'NONE', ( #5562 ), #928, .F. ) ;
#4767 = DIRECTION ( 'NONE',  ( 0.9979663327133606598, 0.000000000000000000, 0.06374322529215076250 ) ) ;
#4768 = FACE_OUTER_BOUND ( 'NONE', #3652, .T. ) ;
#4769 = DIRECTION ( 'NONE',  ( 0.000000000000000000, 0.000000000000000000, 1.000000000000000000 ) ) ;
#4770 = ORIENTED_EDGE ( 'NONE', *, *, #5481, .T. ) ;
#4771 = ORIENTED_EDGE ( 'NONE', *, *, #5947, .F. ) ;
#4772 = DIRECTION ( 'NONE',  ( -1.000000000000000000, 0.000000000000000000, 0.000000000000000000 ) ) ;
#4773 = EDGE_CURVE ( 'NONE', #4462, #3431, #2289, .T. ) ;
#4774 = CARTESIAN_POINT ( 'NONE',  ( 13.81588052322736004, 17.10000000000000142, -17.11378834902880186 ) ) ;
#4775 = EDGE_LOOP ( 'NONE', ( #674, #9619, #2140 ) ) ;
#4776 = CARTESIAN_POINT ( 'NONE',  ( 11.84546285723200043, 4.549999999999999822, 0.000000000000000000 ) ) ;
#4777 = ORIENTED_EDGE ( 'NONE', *, *, #8872, .F. ) ;
#4778 = CARTESIAN_POINT ( 'NONE',  ( 1.650462857231999925, 0.5999999999999999778, -14.47000000000000064 ) ) ;
#4779 = DIRECTION ( 'NONE',  ( 0.1577384316472055792, 0.000000000000000000, 0.9874809300343374563 ) ) ;
#4780 = DIRECTION ( 'NONE',  ( 0.000000000000000000, 1.000000000000000000, 0.000000000000000000 ) ) ;
#4781 = ORIENTED_EDGE ( 'NONE', *, *, #7842, .T. ) ;
#4782 = LINE ( 'NONE', #2193, #6378 ) ;
#4783 = CARTESIAN_POINT ( 'NONE',  ( 11.84546285723200043, 4.349999999999999645, -48.95150000000000290 ) ) ;
#4784 = ORIENTED_EDGE ( 'NONE', *, *, #557, .T. ) ;
#4785 = CARTESIAN_POINT ( 'NONE',  ( 15.84888881256440030, 17.10000000000000142, -17.11378834902880186 ) ) ;
#4786 = ADVANCED_FACE ( 'NONE', ( #10896 ), #10071, .F. ) ;
#4787 = EDGE_CURVE ( 'NONE', #1855, #11521, #9843, .T. ) ;
#4788 = ADVANCED_FACE ( 'NONE', ( #8140 ), #8326, .F. ) ;
#4789 = DIRECTION ( 'NONE',  ( 0.000000000000000000, 0.000000000000000000, -1.000000000000000000 ) ) ;
#4790 = ORIENTED_EDGE ( 'NONE', *, *, #11092, .F. ) ;
#4791 = CARTESIAN_POINT ( 'NONE',  ( 2.735462857232000555, 0.000000000000000000, -6.490000000000000213 ) ) ;
#4792 = CARTESIAN_POINT ( 'NONE',  ( 4.115462857232000005, 9.679999999999999716, -0.5000000000000000000 ) ) ;
#4793 = CARTESIAN_POINT ( 'NONE',  ( 5.406549179301000763, 17.30000000000000071, -15.80389970838999858 ) ) ;
#4794 = CARTESIAN_POINT ( 'NONE',  ( 14.64471057628099970, 17.10000000000000142, -16.30027856230699612 ) ) ;
#4795 = LINE ( 'NONE', #5434, #1115 ) ;
#4796 = ORIENTED_EDGE ( 'NONE', *, *, #9001, .T. ) ;
#4797 = CARTESIAN_POINT ( 'NONE',  ( 15.48046285723199844, 4.000000000000000000, -9.232159127970000156 ) ) ;
#4798 = EDGE_CURVE ( 'NONE', #7349, #3019, #5275, .T. ) ;
#4799 = FACE_OUTER_BOUND ( 'NONE', #10892, .T. ) ;
#4800 = ORIENTED_EDGE ( 'NONE', *, *, #8788, .F. ) ;
#4801 = VERTEX_POINT ( 'NONE', #58 ) ;
#4802 = ORIENTED_EDGE ( 'NONE', *, *, #9305, .F. ) ;
#4803 = ORIENTED_EDGE ( 'NONE', *, *, #6854, .F. ) ;
#4804 = DIRECTION ( 'NONE',  ( 0.000000000000000000, -1.000000000000000000, 0.000000000000000000 ) ) ;
#4805 = ORIENTED_EDGE ( 'NONE', *, *, #8048, .F. ) ;
#4806 = FACE_OUTER_BOUND ( 'NONE', #9947, .T. ) ;
#4807 = CARTESIAN_POINT ( 'NONE',  ( 16.88574532203599787, 4.000000000000000000, -11.04843802984000156 ) ) ;
#4808 = DIRECTION ( 'NONE',  ( 1.000000000000000000, 0.000000000000000000, 0.000000000000000000 ) ) ;
#4809 = VERTEX_POINT ( 'NONE', #2801 ) ;
#4810 = DIRECTION ( 'NONE',  ( -0.7871559822757677738, 0.000000000000000000, -0.6167539700459747642 ) ) ;
#4811 = CARTESIAN_POINT ( 'NONE',  ( 3.667798670551999596, 0.5000000000000000000, -9.343465628199998818 ) ) ;
#4812 = DIRECTION ( 'NONE',  ( -0.9979663327133606598, 0.000000000000000000, -0.06374322529215104005 ) ) ;
#4813 = VERTEX_POINT ( 'NONE', #1930 ) ;
#4814 = ORIENTED_EDGE ( 'NONE', *, *, #5057, .T. ) ;
#4815 = CARTESIAN_POINT ( 'NONE',  ( 1.500462857232000013, 0.6500000000000000222, -13.85886898516099919 ) ) ;
#4816 = LINE ( 'NONE', #7275, #11577 ) ;
#4817 = DIRECTION ( 'NONE',  ( 0.000000000000000000, 0.000000000000000000, -1.000000000000000000 ) ) ;
#4818 = CARTESIAN_POINT ( 'NONE',  ( 1.880462857232000129, 17.06999999999999673, 0.000000000000000000 ) ) ;
#4819 = CARTESIAN_POINT ( 'NONE',  ( 3.003093700461999749, 7.115000000000000213, 0.000000000000000000 ) ) ;
#4820 = ORIENTED_EDGE ( 'NONE', *, *, #8439, .T. ) ;
#4821 = DIRECTION ( 'NONE',  ( 0.000000000000000000, 1.000000000000000000, 0.000000000000000000 ) ) ;
#4822 = LINE ( 'NONE', #365, #6062 ) ;
#4823 = ORIENTED_EDGE ( 'NONE', *, *, #1403, .T. ) ;
#4824 = ADVANCED_FACE ( 'NONE', ( #3729 ), #4573, .F. ) ;
#4825 = CARTESIAN_POINT ( 'NONE',  ( 3.003093700461999749, 7.115000000000000213, 0.000000000000000000 ) ) ;
#4826 = EDGE_LOOP ( 'NONE', ( #3711, #10908, #10196, #4083 ) ) ;
#4827 = CARTESIAN_POINT ( 'NONE',  ( 7.517750422785000275, 4.500000000000000000, -0.2500000000000000000 ) ) ;
#4828 = CARTESIAN_POINT ( 'NONE',  ( 13.30418103908100136, 17.30000000000000071, -17.14902513027200115 ) ) ;
#4829 = CIRCLE ( 'NONE', #1824, 1.210040583880999554 ) ;
#4830 = CARTESIAN_POINT ( 'NONE',  ( 15.84888881419600004, 17.10000000000000142, -16.99122564792600087 ) ) ;
#4831 = ORIENTED_EDGE ( 'NONE', *, *, #2926, .T. ) ;
#4832 = PLANE ( 'NONE',  #4306 ) ;
#4833 = DIRECTION ( 'NONE',  ( 0.000000000000000000, 0.000000000000000000, -1.000000000000000000 ) ) ;
#4834 = ORIENTED_EDGE ( 'NONE', *, *, #1204, .F. ) ;
#4835 = FACE_OUTER_BOUND ( 'NONE', #4096, .T. ) ;
#4836 = DIRECTION ( 'NONE',  ( 1.000000000000000000, 0.000000000000000000, 0.000000000000000000 ) ) ;
#4837 = CIRCLE ( 'NONE', #11368, 0.1000000000000002692 ) ;
#4838 = VERTEX_POINT ( 'NONE', #10956 ) ;
#4839 = EDGE_CURVE ( 'NONE', #10828, #5090, #4621, .T. ) ;
#4840 = ADVANCED_FACE ( 'NONE', ( #3616 ), #5444, .T. ) ;
#4841 = CARTESIAN_POINT ( 'NONE',  ( 17.58046285723199986, 4.000000000000000000, -13.08000000000000007 ) ) ;
#4842 = LINE ( 'NONE', #8314, #1657 ) ;
#4843 = EDGE_CURVE ( 'NONE', #5744, #736, #10523, .T. ) ;
#4844 = VECTOR ( 'NONE', #10528, 1000.000000000000000 ) ;
#4845 = EDGE_CURVE ( 'NONE', #5219, #8891, #8258, .T. ) ;
#4846 = FACE_OUTER_BOUND ( 'NONE', #224, .T. ) ;
#4847 = PLANE ( 'NONE',  #5065 ) ;
#4848 = AXIS2_PLACEMENT_3D ( 'NONE', #10011, #1970, #2091 ) ;
#4849 = DIRECTION ( 'NONE',  ( 0.9805806756909163369, -0.1961161351382035567, 0.000000000000000000 ) ) ;
#4850 = EDGE_CURVE ( 'NONE', #2890, #5090, #2646, .T. ) ;
#4851 = ORIENTED_EDGE ( 'NONE', *, *, #7568, .T. ) ;
#4852 = CYLINDRICAL_SURFACE ( 'NONE', #4165, 0.2000000000000000944 ) ;
#4853 = DIRECTION ( 'NONE',  ( -0.06374322529215131761, 0.000000000000000000, 0.9979663327133606598 ) ) ;
#4854 = VERTEX_POINT ( 'NONE', #5808 ) ;
#4855 = AXIS2_PLACEMENT_3D ( 'NONE', #4792, #1222, #3139 ) ;
#4856 = EDGE_LOOP ( 'NONE', ( #9788, #2111, #3599, #9761 ) ) ;
#4857 = ORIENTED_EDGE ( 'NONE', *, *, #10844, .T. ) ;
#4858 = VECTOR ( 'NONE', #7627, 1000.000000000000000 ) ;
#4859 = EDGE_LOOP ( 'NONE', ( #4875, #10046, #10176, #2761, #7686, #2335 ) ) ;
#4860 = VECTOR ( 'NONE', #9745, 1000.000000000000000 ) ;
#4861 = DIRECTION ( 'NONE',  ( -1.000000000000000000, 0.000000000000000000, 0.000000000000000000 ) ) ;
#4862 = ORIENTED_EDGE ( 'NONE', *, *, #3120, .T. ) ;
#4863 = LINE ( 'NONE', #7566, #6972 ) ;
#4864 = EDGE_CURVE ( 'NONE', #1562, #7727, #5874, .T. ) ;
#4865 = EDGE_CURVE ( 'NONE', #6130, #9505, #9272, .T. ) ;
#4866 = LINE ( 'NONE', #4037, #408 ) ;
#4867 = VECTOR ( 'NONE', #4064, 1000.000000000000000 ) ;
#4868 = LINE ( 'NONE', #8448, #5803 ) ;
#4869 = VERTEX_POINT ( 'NONE', #8613 ) ;
#4870 = CARTESIAN_POINT ( 'NONE',  ( 3.652024827387999828, 0.5000000000000000000, -12.35528246480399872 ) ) ;
#4871 = VECTOR ( 'NONE', #2156, 1000.000000000000000 ) ;
#4872 = CIRCLE ( 'NONE', #9546, 0.1000000000000002692 ) ;
#4873 = DIRECTION ( 'NONE',  ( 0.000000000000000000, 0.000000000000000000, -1.000000000000000000 ) ) ;
#4874 = LINE ( 'NONE', #9393, #5865 ) ;
#4875 = ORIENTED_EDGE ( 'NONE', *, *, #903, .T. ) ;
#4876 = AXIS2_PLACEMENT_3D ( 'NONE', #3645, #6487, #10933 ) ;
#4877 = VERTEX_POINT ( 'NONE', #11131 ) ;
#4878 = VECTOR ( 'NONE', #4067, 1000.000000000000000 ) ;
#4879 = DIRECTION ( 'NONE',  ( 0.000000000000000000, 0.000000000000000000, -1.000000000000000000 ) ) ;
#4880 = DIRECTION ( 'NONE',  ( 0.000000000000000000, -1.000000000000000000, 0.000000000000000000 ) ) ;
#4881 = CARTESIAN_POINT ( 'NONE',  ( 8.113652290630810171, 17.30000000000000071, -15.86364902402594801 ) ) ;
#4882 = CARTESIAN_POINT ( 'NONE',  ( 17.72482299013098839, 4.324939296194997951, -13.91628988824898805 ) ) ;
#4883 = LINE ( 'NONE', #1197, #4307 ) ;
#4884 = ORIENTED_EDGE ( 'NONE', *, *, #8372, .F. ) ;
#4885 = AXIS2_PLACEMENT_3D ( 'NONE', #4124, #3948, #3020 ) ;
#4886 = AXIS2_PLACEMENT_3D ( 'NONE', #3673, #1007, #64 ) ;
#4887 = CARTESIAN_POINT ( 'NONE',  ( 14.16671680186699867, 17.30000000000000071, -17.64999999999999858 ) ) ;
#4888 = DIRECTION ( 'NONE',  ( 0.000000000000000000, 0.000000000000000000, 1.000000000000000000 ) ) ;
#4889 = ORIENTED_EDGE ( 'NONE', *, *, #3682, .F. ) ;
#4890 = DIRECTION ( 'NONE',  ( 0.000000000000000000, -1.000000000000000000, 0.000000000000000000 ) ) ;
#4891 = VERTEX_POINT ( 'NONE', #469 ) ;
#4892 = DIRECTION ( 'NONE',  ( 0.000000000000000000, 0.000000000000000000, -1.000000000000000000 ) ) ;
#4893 = CARTESIAN_POINT ( 'NONE',  ( 17.35046285723199944, 4.000000000000000000, -21.25000000000000000 ) ) ;
#4894 = VECTOR ( 'NONE', #8320, 1000.000000000000000 ) ;
#4895 = CARTESIAN_POINT ( 'NONE',  ( 15.38046285723200057, 3.600000000000000089, -9.225793850860000589 ) ) ;
#4896 = ORIENTED_EDGE ( 'NONE', *, *, #11302, .F. ) ;
#4897 = DIRECTION ( 'NONE',  ( -0.9874809300343372342, 0.000000000000000000, 0.1577384316472059955 ) ) ;
#4898 = DIRECTION ( 'NONE',  ( 0.000000000000000000, -1.000000000000000000, 0.000000000000000000 ) ) ;
#4899 = ORIENTED_EDGE ( 'NONE', *, *, #11500, .T. ) ;
#4900 = CARTESIAN_POINT ( 'NONE',  ( 7.850378062680999136, 17.30000000000000071, -16.45207234292599807 ) ) ;
#4901 = AXIS2_PLACEMENT_3D ( 'NONE', #2201, #3839, #6728 ) ;
#4902 = ORIENTED_EDGE ( 'NONE', *, *, #9241, .F. ) ;
#4903 = CIRCLE ( 'NONE', #2494, 0.1399999999999995137 ) ;
#4904 = DIRECTION ( 'NONE',  ( 1.000000000000000000, 0.000000000000000000, 0.000000000000000000 ) ) ;
#4905 = CIRCLE ( 'NONE', #1354, 0.5999999999999998668 ) ;
#4906 = AXIS2_PLACEMENT_3D ( 'NONE', #10783, #4450, #1808 ) ;
#4907 = AXIS2_PLACEMENT_3D ( 'NONE', #287, #5627, #6394 ) ;
#4908 = CARTESIAN_POINT ( 'NONE',  ( 12.61170228694399853, 17.30000000000000071, -15.45000000000000107 ) ) ;
#4909 = LINE ( 'NONE', #4794, #2067 ) ;
#4910 = CARTESIAN_POINT ( 'NONE',  ( 5.275462857231999259, 4.000000000000000000, -6.989999999999999325 ) ) ;
#4911 = ORIENTED_EDGE ( 'NONE', *, *, #10438, .T. ) ;
#4912 = EDGE_CURVE ( 'NONE', #3085, #5206, #1456, .T. ) ;
#4913 = EDGE_CURVE ( 'NONE', #8927, #2955, #6639, .T. ) ;
#4914 = AXIS2_PLACEMENT_3D ( 'NONE', #517, #4979, #9382 ) ;
#4915 = CARTESIAN_POINT ( 'NONE',  ( 12.13370798800900019, 17.30000000000000071, -15.45000000000000107 ) ) ;
#4916 = CARTESIAN_POINT ( 'NONE',  ( 3.665462857232000271, 9.679999999999999716, 0.000000000000000000 ) ) ;
#4917 = ORIENTED_EDGE ( 'NONE', *, *, #2138, .T. ) ;
#4918 = AXIS2_PLACEMENT_3D ( 'NONE', #5159, #9671, #7685 ) ;
#4919 = ADVANCED_FACE ( 'NONE', ( #6811 ), #9323, .T. ) ;
#4920 = EDGE_LOOP ( 'NONE', ( #6379, #7280, #9988, #701, #2862, #5366, #10125, #8895, #2012, #6920, #9438, #4707, #2032 ) ) ;
#4921 = ORIENTED_EDGE ( 'NONE', *, *, #8581, .F. ) ;
#4922 = ORIENTED_EDGE ( 'NONE', *, *, #5783, .F. ) ;
#4923 = CARTESIAN_POINT ( 'NONE',  ( 15.56312704391199908, 39.85228000000000037, -9.343465628199998818 ) ) ;
#4924 = ORIENTED_EDGE ( 'NONE', *, *, #696, .T. ) ;
#4926 = DIRECTION ( 'NONE',  ( 0.000000000000000000, 0.000000000000000000, 1.000000000000000000 ) ) ;
#4925 = VECTOR ( 'NONE', #2815, 1000.000000000000000 ) ;
#4927 = ADVANCED_FACE ( 'NONE', ( #10374 ), #3214, .T. ) ;
#4928 = EDGE_CURVE ( 'NONE', #2362, #1966, #3965, .T. ) ;
#4929 = CARTESIAN_POINT ( 'NONE',  ( 15.76546285723199858, 14.55000000000000071, 0.000000000000000000 ) ) ;
#4930 = AXIS2_PLACEMENT_3D ( 'NONE', #5779, #3133, #8485 ) ;
#4931 = DIRECTION ( 'NONE',  ( 0.000000000000000000, 0.000000000000000000, -1.000000000000000000 ) ) ;
#4932 = ORIENTED_EDGE ( 'NONE', *, *, #342, .F. ) ;
#4933 = CYLINDRICAL_SURFACE ( 'NONE', #2430, 0.1499999999999999667 ) ;
#4934 = DIRECTION ( 'NONE',  ( 0.000000000000000000, 0.000000000000000000, -1.000000000000000000 ) ) ;
#4935 = EDGE_CURVE ( 'NONE', #9846, #2200, #4089, .T. ) ;
#4936 = EDGE_CURVE ( 'NONE', #10243, #4045, #5921, .T. ) ;
#4937 = AXIS2_PLACEMENT_3D ( 'NONE', #9625, #7920, #8859 ) ;
#4938 = EDGE_CURVE ( 'NONE', #644, #1635, #4863, .T. ) ;
#4939 = CARTESIAN_POINT ( 'NONE',  ( 14.64471057628099970, 17.10000000000000142, -17.29456826448399909 ) ) ;
#4940 = ORIENTED_EDGE ( 'NONE', *, *, #3908, .F. ) ;
#4941 = AXIS2_PLACEMENT_3D ( 'NONE', #11263, #8344, #6533 ) ;
#4942 = EDGE_LOOP ( 'NONE', ( #2352, #4035, #11001, #3022 ) ) ;
#4943 = FACE_OUTER_BOUND ( 'NONE', #1896, .T. ) ;
#4944 = CARTESIAN_POINT ( 'NONE',  ( 13.32716239665499813, 17.30000000000000071, -16.98816152811100011 ) ) ;
#4945 = CARTESIAN_POINT ( 'NONE',  ( 13.25927305112529808, 17.30000000000000071, -17.20687288244410240 ) ) ;
#4946 = CARTESIAN_POINT ( 'NONE',  ( 7.966577161114400063, 17.10000000000000142, -16.20069637080795033 ) ) ;
#4947 = CARTESIAN_POINT ( 'NONE',  ( 16.49546285723199901, 4.000000000000000000, -6.989999999999999325 ) ) ;
#4948 = CARTESIAN_POINT ( 'NONE',  ( 7.434835941202878828, 4.549999999999998934, -0.2993730839722328896 ) ) ;
#4949 = EDGE_LOOP ( 'NONE', ( #10672, #3369, #1802, #7989 ) ) ;
#4950 = DIRECTION ( 'NONE',  ( 0.000000000000000000, -1.000000000000000000, 0.000000000000000000 ) ) ;
#4951 = CARTESIAN_POINT ( 'NONE',  ( 13.81588052485889939, 17.10000000000000142, -16.99122565944425034 ) ) ;
#4952 = VERTEX_POINT ( 'NONE', #9493 ) ;
#4953 = ORIENTED_EDGE ( 'NONE', *, *, #9856, .T. ) ;
#4954 = CARTESIAN_POINT ( 'NONE',  ( 14.99554685328999959, 17.30000000000000071, -16.30027856230699612 ) ) ;
#4955 = CARTESIAN_POINT ( 'NONE',  ( 3.750462857232000236, 4.000000000000000000, -14.75000000000000000 ) ) ;
#4956 = CARTESIAN_POINT ( 'NONE',  ( 16.78699722903299829, 39.85228000000000037, -10.56733581331999972 ) ) ;
#4957 = DIRECTION ( 'NONE',  ( 0.000000000000000000, -1.000000000000000000, 0.000000000000000000 ) ) ;
#4958 = CARTESIAN_POINT ( 'NONE',  ( 17.57198708326682635, 4.008460396844093054, -0.1675255378176183363 ) ) ;
#4959 = ORIENTED_EDGE ( 'NONE', *, *, #3821, .T. ) ;
#4960 = LINE ( 'NONE', #1387, #8489 ) ;
#4961 = CARTESIAN_POINT ( 'NONE',  ( 14.93579763148800055, 17.10000000000000142, -16.65417823791499785 ) ) ;
#4962 = ORIENTED_EDGE ( 'NONE', *, *, #9305, .T. ) ;
#4963 = CARTESIAN_POINT ( 'NONE',  ( 15.76546285723199858, 11.67999999999999972, 0.000000000000000000 ) ) ;
#4964 = SPHERICAL_SURFACE ( 'NONE', #6343, 0.1000000000000000056 ) ;
#4965 = DIRECTION ( 'NONE',  ( 0.000000000000000000, 0.000000000000000000, -1.000000000000000000 ) ) ;
#4966 = PLANE ( 'NONE',  #1464 ) ;
#4967 = DIRECTION ( 'NONE',  ( -0.7071067811865475727, 0.000000000000000000, 0.7071067811865475727 ) ) ;
#4968 = VERTEX_POINT ( 'NONE', #10197 ) ;
#4969 = DIRECTION ( 'NONE',  ( 0.7064465069689832566, 0.000000000000000000, -0.7077664394355827060 ) ) ;
#4970 = DIRECTION ( 'NONE',  ( 0.06374322529215131761, 0.000000000000000000, -0.9979663327133606598 ) ) ;
#4971 = EDGE_LOOP ( 'NONE', ( #9320, #1074, #3973 ) ) ;
#4972 = VERTEX_POINT ( 'NONE', #5745 ) ;
#4973 = ORIENTED_EDGE ( 'NONE', *, *, #1964, .F. ) ;
#4974 = ORIENTED_EDGE ( 'NONE', *, *, #5258, .F. ) ;
#4975 = EDGE_CURVE ( 'NONE', #4648, #10959, #3100, .T. ) ;
#4976 = LINE ( 'NONE', #1346, #897 ) ;
#4977 = EDGE_CURVE ( 'NONE', #8672, #6974, #785, .T. ) ;
#4978 = ORIENTED_EDGE ( 'NONE', *, *, #10859, .T. ) ;
#4979 = DIRECTION ( 'NONE',  ( 0.000000000000000000, 0.000000000000000000, 1.000000000000000000 ) ) ;
#4980 = CARTESIAN_POINT ( 'NONE',  ( 3.667798670551999596, 0.5000000000000000000, -12.25653437180100092 ) ) ;
#4981 = EDGE_CURVE ( 'NONE', #7910, #4616, #9444, .T. ) ;
#4982 = CARTESIAN_POINT ( 'NONE',  ( 4.945462857232000076, 0.5000000000000000000, -16.97500000000000142 ) ) ;
#4983 = ORIENTED_EDGE ( 'NONE', *, *, #9217, .F. ) ;
#4984 = LINE ( 'NONE', #4372, #8980 ) ;
#4985 = LINE ( 'NONE', #11354, #385 ) ;
#4986 = EDGE_LOOP ( 'NONE', ( #516, #10703, #8018, #4802, #5996, #2950, #1452 ) ) ;
#4987 = CARTESIAN_POINT ( 'NONE',  ( 8.113652288661000966, 17.30000000000000071, -17.64999999999999858 ) ) ;
#4988 = EDGE_LOOP ( 'NONE', ( #9358, #6507, #10998, #6308 ) ) ;
#4989 = EDGE_LOOP ( 'NONE', ( #6903, #2101, #4430, #3666 ) ) ;
#4990 = DIRECTION ( 'NONE',  ( 1.000000000000000000, 0.000000000000000000, 0.000000000000000000 ) ) ;
#4991 = EDGE_CURVE ( 'NONE', #9005, #7821, #6691, .T. ) ;
#4992 = ADVANCED_FACE ( 'NONE', ( #4806 ), #404, .T. ) ;
#4993 = LINE ( 'NONE', #5995, #8598 ) ;
#4994 = FACE_OUTER_BOUND ( 'NONE', #7671, .T. ) ;
#4995 = LINE ( 'NONE', #300, #3720 ) ;
#4996 = CARTESIAN_POINT ( 'NONE',  ( 14.64471057628099970, 17.10000000000000142, -16.65417823791499785 ) ) ;
#4997 = ORIENTED_EDGE ( 'NONE', *, *, #2052, .F. ) ;
#4998 = LINE ( 'NONE', #8577, #999 ) ;
#4999 = EDGE_LOOP ( 'NONE', ( #10377, #1441, #11116, #2160 ) ) ;
#5000 = VERTEX_POINT ( 'NONE', #8384 ) ;
#5001 = CARTESIAN_POINT ( 'NONE',  ( 7.050421202674190368, 17.30000000000000071, -17.08927577515574825 ) ) ;
#5002 = ADVANCED_FACE ( 'NONE', ( #340, #6750, #7498, #8556, #10418, #11552, #1722, #957, #8998, #5303, #3640, #3581, #1778, #3518, #6180 ), #11300, .T. ) ;
#5003 = EDGE_CURVE ( 'NONE', #362, #5187, #9549, .T. ) ;
#5004 = CARTESIAN_POINT ( 'NONE',  ( 2.360422273350999856, 0.5000000000000000000, -9.259959416120000952 ) ) ;
#5005 = CARTESIAN_POINT ( 'NONE',  ( 11.84546285723200043, 5.689999999999999503, -0.2500000000000000000 ) ) ;
#5006 = CARTESIAN_POINT ( 'NONE',  ( 17.38046285723200057, 3.850000000000000089, -13.08000000000000007 ) ) ;
#5007 = VERTEX_POINT ( 'NONE', #7791 ) ;
#5008 = CYLINDRICAL_SURFACE ( 'NONE', #6237, 1.574999999999999956 ) ;
#5009 = CARTESIAN_POINT ( 'NONE',  ( 8.755462857231998797, 4.000000000000000000, -19.86500000000000199 ) ) ;
#5010 = ORIENTED_EDGE ( 'NONE', *, *, #10696, .T. ) ;
#5011 = LINE ( 'NONE', #3357, #9401 ) ;
#5012 = LINE ( 'NONE', #2436, #3510 ) ;
#5013 = DIRECTION ( 'NONE',  ( 0.000000000000000000, 0.000000000000000000, -1.000000000000000000 ) ) ;
#5014 = DIRECTION ( 'NONE',  ( 0.9979663327133607709, 0.000000000000000000, 0.06374322529215128985 ) ) ;
#5015 = DIRECTION ( 'NONE',  ( 0.000000000000000000, 0.000000000000000000, -1.000000000000000000 ) ) ;
#5016 = ORIENTED_EDGE ( 'NONE', *, *, #1981, .F. ) ;
#5017 = CIRCLE ( 'NONE', #5964, 1.310040583880999865 ) ;
#5018 = DIRECTION ( 'NONE',  ( 0.000000000000000000, 0.000000000000000000, 1.000000000000000000 ) ) ;
#5019 = DIRECTION ( 'NONE',  ( 0.000000000000000000, -1.000000000000000000, 0.000000000000000000 ) ) ;
#5020 = VERTEX_POINT ( 'NONE', #8937 ) ;
#5021 = ORIENTED_EDGE ( 'NONE', *, *, #5700, .F. ) ;
#5022 = VERTEX_POINT ( 'NONE', #15 ) ;
#5023 = B_SPLINE_SURFACE_WITH_KNOTS ( 'NONE', 3, 1, ( 
 ( #6109, #4515 ),
 ( #7212, #9738 ),
 ( #1644, #6283 ),
 ( #2744, #1700 ) ),
 .UNSPECIFIED., .F., .F., .F.,
 ( 4, 4 ),
 ( 2, 2 ),
 ( 0.08408865499069739791, 0.9284227869583940862 ),
 ( 0.000000000000000000, 1.000000000000000000 ),
 .UNSPECIFIED. ) ;
#5024 = VERTEX_POINT ( 'NONE', #6304 ) ;
#5025 = AXIS2_PLACEMENT_3D ( 'NONE', #2616, #11348, #5257 ) ;
#5026 = CYLINDRICAL_SURFACE ( 'NONE', #9177, 0.1999999999999996503 ) ;
#5027 = VECTOR ( 'NONE', #6183, 1000.000000000000000 ) ;
#5028 = VERTEX_POINT ( 'NONE', #4595 ) ;
#5029 = CARTESIAN_POINT ( 'NONE',  ( 12.96546285723199965, 5.689999999999999503, -0.2500000000000000000 ) ) ;
#5030 = CARTESIAN_POINT ( 'NONE',  ( 17.66715801717102252, 0.8830524833170037002, -13.53461474084801175 ) ) ;
#5031 = CARTESIAN_POINT ( 'NONE',  ( 1.506102724333003184, 0.7325790969110055340, -13.71997113702800952 ) ) ;
#5032 = EDGE_LOOP ( 'NONE', ( #139, #8329, #4748, #7784 ) ) ;
#5033 = CARTESIAN_POINT ( 'NONE',  ( 11.74546285723200079, 4.000000000000000000, -19.86500000000000199 ) ) ;
#5034 = CIRCLE ( 'NONE', #4464, 0.1000000000000002692 ) ;
#5035 = CARTESIAN_POINT ( 'NONE',  ( 13.45546285723199986, 0.000000000000000000, -6.989999999999999325 ) ) ;
#5036 = VERTEX_POINT ( 'NONE', #4472 ) ;
#5037 = VECTOR ( 'NONE', #9627, 1000.000000000000000 ) ;
#5038 = VECTOR ( 'NONE', #5522, 1000.000000000000000 ) ;
#5039 = CARTESIAN_POINT ( 'NONE',  ( 9.615462857231998228, 0.4000000000000000222, -21.25000000000000000 ) ) ;
#5040 = ORIENTED_EDGE ( 'NONE', *, *, #3521, .T. ) ;
#5041 = ORIENTED_EDGE ( 'NONE', *, *, #2826, .T. ) ;
#5042 = AXIS2_PLACEMENT_3D ( 'NONE', #7982, #9642, #1491 ) ;
#5043 = CARTESIAN_POINT ( 'NONE',  ( 17.58046285723199986, 4.343779418383999946, -13.85886898516099919 ) ) ;
#5044 = AXIS2_PLACEMENT_3D ( 'NONE', #8127, #5613, #3845 ) ;
#5045 = VECTOR ( 'NONE', #3469, 1000.000000000000000 ) ;
#5046 = DIRECTION ( 'NONE',  ( -0.1961161351382035567, -0.9805806756909162258, 0.000000000000000000 ) ) ;
#5047 = CARTESIAN_POINT ( 'NONE',  ( 12.95640995921387884, 17.30000000000000071, -17.29456826448435081 ) ) ;
#5048 = CARTESIAN_POINT ( 'NONE',  ( 15.48046285723199844, 4.000000000000000000, -9.232159127970000156 ) ) ;
#5049 = DIRECTION ( 'NONE',  ( -0.000000000000000000, 1.000000000000000000, 0.000000000000000000 ) ) ;
#5050 = ADVANCED_FACE ( 'NONE', ( #5095 ), #11350, .T. ) ;
#5051 = ADVANCED_FACE ( 'NONE', ( #1888 ), #8112, .T. ) ;
#5052 = FACE_OUTER_BOUND ( 'NONE', #3218, .T. ) ;
#5053 = VECTOR ( 'NONE', #4861, 1000.000000000000000 ) ;
#5054 = CARTESIAN_POINT ( 'NONE',  ( 4.450462857231999081, 4.000000000000000000, -9.955673334989999290 ) ) ;
#5055 = VECTOR ( 'NONE', #6627, 1000.000000000000000 ) ;
#5056 = VECTOR ( 'NONE', #4833, 1000.000000000000000 ) ;
#5057 = EDGE_CURVE ( 'NONE', #10310, #3884, #9062, .T. ) ;
#5058 = EDGE_CURVE ( 'NONE', #3400, #4379, #2095, .T. ) ;
#5059 = VERTEX_POINT ( 'NONE', #10749 ) ;
#5060 = ORIENTED_EDGE ( 'NONE', *, *, #627, .F. ) ;
#5061 = CARTESIAN_POINT ( 'NONE',  ( 15.11546285723200000, 9.679999999999999716, 0.000000000000000000 ) ) ;
#5062 = EDGE_CURVE ( 'NONE', #523, #2673, #3395, .T. ) ;
#5063 = EDGE_CURVE ( 'NONE', #9268, #3759, #6861, .T. ) ;
#5064 = DIRECTION ( 'NONE',  ( -0.7071067811864976127, 0.000000000000000000, 0.7071067811865975328 ) ) ;
#5065 = AXIS2_PLACEMENT_3D ( 'NONE', #10123, #389, #328 ) ;
#5066 = AXIS2_PLACEMENT_3D ( 'NONE', #11148, #3113, #6706 ) ;
#5067 = LINE ( 'NONE', #713, #5243 ) ;
#5068 = CARTESIAN_POINT ( 'NONE',  ( 17.35046285723199944, 17.30000000000000071, -0.2300000000000000100 ) ) ;
#5069 = CARTESIAN_POINT ( 'NONE',  ( 17.42672238399067197, 4.153736598881796027, -0.01300913090931197363 ) ) ;
#5070 = ORIENTED_EDGE ( 'NONE', *, *, #3999, .T. ) ;
#5071 = CARTESIAN_POINT ( 'NONE',  ( 1.470133353637002482, 0.6588525917170011681, -14.13559406395398632 ) ) ;
#5072 = LINE ( 'NONE', #7820, #8846 ) ;
#5073 = EDGE_CURVE ( 'NONE', #10385, #9201, #2715, .T. ) ;
#5074 = EDGE_CURVE ( 'NONE', #6531, #7022, #9963, .T. ) ;
#5075 = EDGE_CURVE ( 'NONE', #5219, #10076, #8272, .T. ) ;
#5076 = ORIENTED_EDGE ( 'NONE', *, *, #3738, .F. ) ;
#5077 = VECTOR ( 'NONE', #1477, 1000.000000000000000 ) ;
#5078 = FACE_OUTER_BOUND ( 'NONE', #6311, .T. ) ;
#5079 = CARTESIAN_POINT ( 'NONE',  ( 17.58046285723199986, 0.000000000000000000, -13.83000000000000007 ) ) ;
#5080 = EDGE_CURVE ( 'NONE', #8994, #5362, #972, .T. ) ;
#5081 = CARTESIAN_POINT ( 'NONE',  ( 3.568002037280999961, 0.5000000000000000000, -12.26290869432999919 ) ) ;
#5082 = DIRECTION ( 'NONE',  ( 0.000000000000000000, -1.000000000000000000, 0.000000000000000000 ) ) ;
#5083 = DIRECTION ( 'NONE',  ( 0.000000000000000000, 0.000000000000000000, -1.000000000000000000 ) ) ;
#5084 = VERTEX_POINT ( 'NONE', #9818 ) ;
#5085 = VECTOR ( 'NONE', #4502, 1000.000000000000227 ) ;
#5086 = AXIS2_PLACEMENT_3D ( 'NONE', #4535, #4593, #1885 ) ;
#5087 = FACE_OUTER_BOUND ( 'NONE', #1033, .T. ) ;
#5088 = DIRECTION ( 'NONE',  ( 1.000000000000000000, 0.000000000000000000, 0.000000000000000000 ) ) ;
#5089 = ORIENTED_EDGE ( 'NONE', *, *, #3116, .F. ) ;
#5090 = VERTEX_POINT ( 'NONE', #5355 ) ;
#5091 = ORIENTED_EDGE ( 'NONE', *, *, #1002, .F. ) ;
#5092 = VERTEX_POINT ( 'NONE', #7992 ) ;
#5093 = LINE ( 'NONE', #6039, #10659 ) ;
#5094 = ORIENTED_EDGE ( 'NONE', *, *, #9432, .T. ) ;
#5095 = FACE_OUTER_BOUND ( 'NONE', #1171, .T. ) ;
#5096 = DIRECTION ( 'NONE',  ( 1.000000000000000000, 0.000000000000000000, 0.000000000000000000 ) ) ;
#5097 = AXIS2_PLACEMENT_3D ( 'NONE', #2770, #4212, #1023 ) ;
#5098 = CARTESIAN_POINT ( 'NONE',  ( 9.930643737063300946, 17.30000000000000071, -16.67715880870800049 ) ) ;
#5099 = ORIENTED_EDGE ( 'NONE', *, *, #7800, .F. ) ;
#5100 = AXIS2_PLACEMENT_3D ( 'NONE', #1702, #656, #5285 ) ;
#5101 = AXIS2_PLACEMENT_3D ( 'NONE', #2933, #5751, #7445 ) ;
#5102 = CARTESIAN_POINT ( 'NONE',  ( 12.96546285723199965, 5.689999999999999503, -0.2500000000000000000 ) ) ;
#5103 = ORIENTED_EDGE ( 'NONE', *, *, #9635, .T. ) ;
#5104 = CARTESIAN_POINT ( 'NONE',  ( 14.88046285723199880, 3.600000000000000089, -9.785325707509999305 ) ) ;
#5105 = VERTEX_POINT ( 'NONE', #892 ) ;
#5106 = VECTOR ( 'NONE', #4584, 1000.000000000000000 ) ;
#5107 = CARTESIAN_POINT ( 'NONE',  ( 4.374238948844769936, 3.600000000000001421, -9.834656822219891126 ) ) ;
#5108 = ORIENTED_EDGE ( 'NONE', *, *, #1409, .F. ) ;
#5109 = AXIS2_PLACEMENT_3D ( 'NONE', #5009, #3024, #8540 ) ;
#5110 = DIRECTION ( 'NONE',  ( 0.000000000000000000, 1.000000000000000000, 0.000000000000000000 ) ) ;
#5111 = CARTESIAN_POINT ( 'NONE',  ( 15.48046285723199844, 4.000000000000000000, -4.750000000000000000 ) ) ;
#5112 = EDGE_LOOP ( 'NONE', ( #8770, #8322, #263, #7999 ) ) ;
#5113 = CARTESIAN_POINT ( 'NONE',  ( 7.835462857232000644, 0.000000000000000000, -17.32499999999999929 ) ) ;
#5114 = VECTOR ( 'NONE', #3617, 1000.000000000000000 ) ;
#5115 = DIRECTION ( 'NONE',  ( 0.000000000000000000, -1.000000000000000000, 0.000000000000000000 ) ) ;
#5116 = CARTESIAN_POINT ( 'NONE',  ( 11.81964114879099981, 17.30000000000000071, -16.10264624357199992 ) ) ;
#5117 = AXIS2_PLACEMENT_3D ( 'NONE', #8308, #1902, #4732 ) ;
#5118 = VECTOR ( 'NONE', #3236, 1000.000000000000227 ) ;
#5119 = DIRECTION ( 'NONE',  ( -0.1961161351382035567, 0.9805806756909163369, 0.000000000000000000 ) ) ;
#5120 = CARTESIAN_POINT ( 'NONE',  ( 14.96184219096700119, 17.10000000000000142, -17.64999999999999858 ) ) ;
#5121 = ORIENTED_EDGE ( 'NONE', *, *, #5062, .F. ) ;
#5122 = ADVANCED_FACE ( 'NONE', ( #8298 ), #5591, .T. ) ;
#5123 = VERTEX_POINT ( 'NONE', #132 ) ;
#5124 = CARTESIAN_POINT ( 'NONE',  ( 15.53482249949900051, 17.30000000000000071, -16.36309190392499957 ) ) ;
#5125 = ADVANCED_FACE ( 'NONE', ( #259 ), #1144, .F. ) ;
#5126 = DIRECTION ( 'NONE',  ( 0.000000000000000000, 0.000000000000000000, -1.000000000000000000 ) ) ;
#5127 = EDGE_CURVE ( 'NONE', #7984, #7459, #195, .T. ) ;
#5128 = CARTESIAN_POINT ( 'NONE',  ( 15.78607533795620199, 17.10000000000000142, -16.61434546556229819 ) ) ;
#5129 = CARTESIAN_POINT ( 'NONE',  ( 15.56546285723199929, 11.67999999999999972, -0.4500000000000000111 ) ) ;
#5130 = CARTESIAN_POINT ( 'NONE',  ( 16.42783201400199999, 4.549999999999999822, 0.000000000000000000 ) ) ;
#5131 = ORIENTED_EDGE ( 'NONE', *, *, #5939, .T. ) ;
#5132 = CARTESIAN_POINT ( 'NONE',  ( 3.900462857232000147, 0.5000000000000000000, -10.80000000000000071 ) ) ;
#5133 = DIRECTION ( 'NONE',  ( 0.000000000000000000, 0.000000000000000000, -1.000000000000000000 ) ) ;
#5134 = ORIENTED_EDGE ( 'NONE', *, *, #11071, .T. ) ;
#5135 = CARTESIAN_POINT ( 'NONE',  ( 1.506102724333003184, 4.324939296150996704, -13.91628988834199809 ) ) ;
#5136 = CARTESIAN_POINT ( 'NONE',  ( 13.86755416290199960, 4.000000000000000000, -11.13246081994999948 ) ) ;
#5137 = DIRECTION ( 'NONE',  ( 0.7071067811864976127, 0.000000000000000000, 0.7071067811865975328 ) ) ;
#5138 = LINE ( 'NONE', #4309, #1088 ) ;
#5139 = EDGE_CURVE ( 'NONE', #10015, #6563, #10978, .T. ) ;
#5140 = EDGE_CURVE ( 'NONE', #335, #2953, #2189, .T. ) ;
#5141 = DIRECTION ( 'NONE',  ( 0.000000000000000000, 0.000000000000000000, -1.000000000000000000 ) ) ;
#5142 = ADVANCED_FACE ( 'NONE', ( #2005 ), #3943, .T. ) ;
#5143 = ORIENTED_EDGE ( 'NONE', *, *, #7930, .F. ) ;
#5144 = CARTESIAN_POINT ( 'NONE',  ( 14.61546285723200000, 11.67999999999999972, -0.5000000000000000000 ) ) ;
#5145 = SURFACE_STYLE_FILL_AREA ( #8718 ) ;
#5146 = VERTEX_POINT ( 'NONE', #1256 ) ;
#5147 = ORIENTED_EDGE ( 'NONE', *, *, #9215, .T. ) ;
#5148 = ORIENTED_EDGE ( 'NONE', *, *, #7424, .F. ) ;
#5149 = EDGE_LOOP ( 'NONE', ( #8321, #11050, #939, #5143, #9301, #6469, #9120 ) ) ;
#5150 = SPHERICAL_SURFACE ( 'NONE', #6171, 0.2300000000000000100 ) ;
#5151 = ORIENTED_EDGE ( 'NONE', *, *, #1414, .T. ) ;
#5152 = DIRECTION ( 'NONE',  ( 0.000000000000000000, -1.000000000000000000, 0.000000000000000000 ) ) ;
#5153 = ADVANCED_FACE ( 'NONE', ( #7407 ), #5768, .F. ) ;
#5154 = EDGE_CURVE ( 'NONE', #8733, #11296, #9485, .T. ) ;
#5155 = DIRECTION ( 'NONE',  ( 0.000000000000000000, 1.000000000000000000, 0.000000000000000000 ) ) ;
#5156 = ORIENTED_EDGE ( 'NONE', *, *, #2197, .T. ) ;
#5157 = LINE ( 'NONE', #2291, #3195 ) ;
#5158 = ORIENTED_EDGE ( 'NONE', *, *, #1915, .F. ) ;
#5159 = CARTESIAN_POINT ( 'NONE',  ( 17.35046285723199944, 17.06999999999999673, -0.2300000000000000100 ) ) ;
#5160 = VERTEX_POINT ( 'NONE', #7531 ) ;
#5161 = DIRECTION ( 'NONE',  ( -0.1577384316472059955, 0.000000000000000000, -0.9874809300343372342 ) ) ;
#5162 = LINE ( 'NONE', #10554, #1891 ) ;
#5163 = CARTESIAN_POINT ( 'NONE',  ( 17.58046285723199986, 4.343779418383999946, -13.84113101483900188 ) ) ;
#5164 = VERTEX_POINT ( 'NONE', #1209 ) ;
#5165 = LINE ( 'NONE', #8742, #5601 ) ;
#5166 = CARTESIAN_POINT ( 'NONE',  ( 11.84546285723200043, 4.549999999999999822, -0.2500000000000000000 ) ) ;
#5167 = CARTESIAN_POINT ( 'NONE',  ( 11.74546285723200079, 4.000000000000000000, -19.86500000000000199 ) ) ;
#5168 = CARTESIAN_POINT ( 'NONE',  ( 12.91546285723199894, 0.000000000000000000, -16.97500000000000142 ) ) ;
#5169 = CARTESIAN_POINT ( 'NONE',  ( 12.91546285723199894, 0.000000000000000000, -16.97500000000000142 ) ) ;
#5170 = ORIENTED_EDGE ( 'NONE', *, *, #4981, .F. ) ;
#5171 = ORIENTED_EDGE ( 'NONE', *, *, #6509, .F. ) ;
#5172 = LINE ( 'NONE', #8750, #1370 ) ;
#5173 = CARTESIAN_POINT ( 'NONE',  ( 15.29228168308570091, 17.30000000000000071, -17.20687312103860123 ) ) ;
#5174 = CARTESIAN_POINT ( 'NONE',  ( 5.688443350538999965, 17.10000000000000142, -17.64999999999999858 ) ) ;
#5175 = DIRECTION ( 'NONE',  ( 0.000000000000000000, 1.000000000000000000, 0.000000000000000000 ) ) ;
#5176 = CARTESIAN_POINT ( 'NONE',  ( 17.50002046046067861, 4.080441333618766819, -0.05523817295704454983 ) ) ;
#5177 = ORIENTED_EDGE ( 'NONE', *, *, #10592, .F. ) ;
#5178 = EDGE_CURVE ( 'NONE', #678, #4813, #10863, .T. ) ;
#5179 = FACE_OUTER_BOUND ( 'NONE', #771, .T. ) ;
#5180 = CARTESIAN_POINT ( 'NONE',  ( 12.90278829310899944, 17.30000000000000071, -16.65417823791499785 ) ) ;
#5181 = ORIENTED_EDGE ( 'NONE', *, *, #11155, .F. ) ;
#5182 = CARTESIAN_POINT ( 'NONE',  ( 1.506102724332999854, 4.174946833274001179, -13.95384395217101137 ) ) ;
#5183 = CARTESIAN_POINT ( 'NONE',  ( 3.465462857232000093, 11.67999999999999972, -0.2500000000000000000 ) ) ;
#5184 = DIRECTION ( 'NONE',  ( 1.000000000000000000, 0.000000000000000000, 0.000000000000000000 ) ) ;
#5185 = CARTESIAN_POINT ( 'NONE',  ( 16.79337155156200012, 0.5000000000000000000, -11.13246081994999948 ) ) ;
#5186 = CARTESIAN_POINT ( 'NONE',  ( 14.61546285723200000, 9.679999999999999716, 0.000000000000000000 ) ) ;
#5187 = VERTEX_POINT ( 'NONE', #6539 ) ;
#5188 = DIRECTION ( 'NONE',  ( 0.7397541567183032463, 0.000000000000000000, -0.6728772455790076323 ) ) ;
#5189 = DIRECTION ( 'NONE',  ( 0.000000000000000000, -1.000000000000000000, 0.000000000000000000 ) ) ;
#5190 = EDGE_CURVE ( 'NONE', #5812, #4536, #6607, .T. ) ;
#5191 = EDGE_LOOP ( 'NONE', ( #3228, #1180, #7710, #5408, #10901, #1451 ) ) ;
#5192 = EDGE_CURVE ( 'NONE', #1960, #8891, #9993, .T. ) ;
#5193 = ORIENTED_EDGE ( 'NONE', *, *, #1204, .T. ) ;
#5194 = ORIENTED_EDGE ( 'NONE', *, *, #3200, .F. ) ;
#5195 = ORIENTED_EDGE ( 'NONE', *, *, #5204, .F. ) ;
#5196 = ADVANCED_FACE ( 'NONE', ( #8407 ), #2896, .T. ) ;
#5197 = ADVANCED_FACE ( 'NONE', ( #5533 ), #8350, .F. ) ;
#5198 = PLANE ( 'NONE',  #11040 ) ;
#5199 = EDGE_CURVE ( 'NONE', #9298, #7241, #3762, .T. ) ;
#5200 = FACE_OUTER_BOUND ( 'NONE', #5718, .T. ) ;
#5201 = VECTOR ( 'NONE', #7119, 1000.000000000000227 ) ;
#5202 = DIRECTION ( 'NONE',  ( 0.1577384316472046910, 0.000000000000000000, -0.9874809300343374563 ) ) ;
#5203 = ADVANCED_FACE ( 'NONE', ( #10042 ), #10170, .T. ) ;
#5204 = EDGE_CURVE ( 'NONE', #1318, #7970, #9579, .T. ) ;
#5205 = B_SPLINE_CURVE_WITH_KNOTS ( 'NONE', 3,
 ( #9562, #6216, #7917, #10601, #3440, #6712, #5107, #864 ),
 .UNSPECIFIED., .F., .F.,
 ( 4, 2, 2, 4 ),
 ( 0.000000000000000000, 0.2499999999999956701, 0.4999999999999913403, 1.000000000000000000 ),
 .UNSPECIFIED. ) ;
#5206 = VERTEX_POINT ( 'NONE', #5061 ) ;
#5207 = CARTESIAN_POINT ( 'NONE',  ( 15.57890088707599929, 4.000000000000000000, -12.35528246480399872 ) ) ;
#5208 = ORIENTED_EDGE ( 'NONE', *, *, #965, .T. ) ;
#5209 = CARTESIAN_POINT ( 'NONE',  ( 13.88546285723199958, 0.2500000000000000000, -19.68999999999999773 ) ) ;
#5210 = AXIS2_PLACEMENT_3D ( 'NONE', #7825, #3465, #9534 ) ;
#5211 = ORIENTED_EDGE ( 'NONE', *, *, #9384, .T. ) ;
#5212 = EDGE_CURVE ( 'NONE', #5375, #6325, #5289, .T. ) ;
#5213 = ADVANCED_FACE ( 'NONE', ( #6941 ), #9518, .T. ) ;
#5214 = LINE ( 'NONE', #5834, #10005 ) ;
#5215 = CARTESIAN_POINT ( 'NONE',  ( 14.28546285723199993, 4.000000000000000000, -19.51500000000000057 ) ) ;
#5216 = AXIS2_PLACEMENT_3D ( 'NONE', #9776, #3539, #856 ) ;
#5217 = DIRECTION ( 'NONE',  ( 0.000000000000000000, 0.000000000000000000, 1.000000000000000000 ) ) ;
#5218 = EDGE_CURVE ( 'NONE', #2940, #4869, #3239, .T. ) ;
#5219 = VERTEX_POINT ( 'NONE', #10511 ) ;
#5220 = FACE_OUTER_BOUND ( 'NONE', #3545, .T. ) ;
#5221 = AXIS2_PLACEMENT_3D ( 'NONE', #8968, #11424, #932 ) ;
#5222 = DIRECTION ( 'NONE',  ( 0.000000000000000000, 0.000000000000000000, -1.000000000000000000 ) ) ;
#5223 = CARTESIAN_POINT ( 'NONE',  ( 13.60905669902299842, 17.10000000000000142, -17.50445686578799709 ) ) ;
#5224 = DIRECTION ( 'NONE',  ( 0.000000000000000000, 0.000000000000000000, -1.000000000000000000 ) ) ;
#5225 = DIRECTION ( 'NONE',  ( -0.000000000000000000, 1.000000000000000000, 0.000000000000000000 ) ) ;
#5226 = AXIS2_PLACEMENT_3D ( 'NONE', #10678, #879, #9811 ) ;
#5227 = ORIENTED_EDGE ( 'NONE', *, *, #10489, .T. ) ;
#5228 = AXIS2_PLACEMENT_3D ( 'NONE', #9195, #7311, #10124 ) ;
#5229 = AXIS2_PLACEMENT_3D ( 'NONE', #5892, #6931, #10388 ) ;
#5230 = CARTESIAN_POINT ( 'NONE',  ( 4.450462857231999081, 3.700000000000000178, -4.750000000000000000 ) ) ;
#5231 = DIRECTION ( 'NONE',  ( 0.000000000000000000, -1.000000000000000000, 0.000000000000000000 ) ) ;
#5232 = PLANE ( 'NONE',  #4316 ) ;
#5233 = LINE ( 'NONE', #9524, #5799 ) ;
#5234 = FACE_OUTER_BOUND ( 'NONE', #4856, .T. ) ;
#5235 = ORIENTED_EDGE ( 'NONE', *, *, #2470, .T. ) ;
#5236 = AXIS2_PLACEMENT_3D ( 'NONE', #10239, #8663, #2205 ) ;
#5237 = VECTOR ( 'NONE', #1412, 1000.000000000000000 ) ;
#5238 = CARTESIAN_POINT ( 'NONE',  ( 6.365462857231999116, 6.769999999999999574, -0.3499999999999999778 ) ) ;
#5239 = CYLINDRICAL_SURFACE ( 'NONE', #8681, 1.574999999999999956 ) ;
#5240 = VERTEX_POINT ( 'NONE', #1488 ) ;
#5241 = CARTESIAN_POINT ( 'NONE',  ( 3.665462857232000271, 14.75000000000000000, 0.000000000000000000 ) ) ;
#5242 = CYLINDRICAL_SURFACE ( 'NONE', #7467, 0.5999999999999999778 ) ;
#5243 = VECTOR ( 'NONE', #4295, 1000.000000000000000 ) ;
#5244 = CIRCLE ( 'NONE', #7871, 1.574999999999999289 ) ;
#5245 = LINE ( 'NONE', #5960, #3695 ) ;
#5246 = LINE ( 'NONE', #9065, #5201 ) ;
#5247 = DIRECTION ( 'NONE',  ( 0.000000000000000000, -1.000000000000000000, 0.000000000000000000 ) ) ;
#5248 = DIRECTION ( 'NONE',  ( 0.000000000000000000, 1.000000000000000000, 0.000000000000000000 ) ) ;
#5249 = ORIENTED_EDGE ( 'NONE', *, *, #3450, .F. ) ;
#5250 = CARTESIAN_POINT ( 'NONE',  ( 17.73046285723199844, 0.7900000000000000355, -13.85886898516099919 ) ) ;
#5251 = ORIENTED_EDGE ( 'NONE', *, *, #5943, .T. ) ;
#5252 = VECTOR ( 'NONE', #11335, 1000.000000000000000 ) ;
#5253 = VECTOR ( 'NONE', #6518, 1000.000000000000000 ) ;
#5254 = EDGE_LOOP ( 'NONE', ( #1906, #7165, #4697, #1782 ) ) ;
#5255 = ORIENTED_EDGE ( 'NONE', *, *, #4561, .F. ) ;
#5256 = EDGE_LOOP ( 'NONE', ( #6420, #9953, #1859, #6462 ) ) ;
#5257 = DIRECTION ( 'NONE',  ( -0.1961161351382035567, 0.9805806756909163369, 0.000000000000000000 ) ) ;
#5258 = EDGE_CURVE ( 'NONE', #5164, #1283, #608, .T. ) ;
#5259 = LINE ( 'NONE', #7138, #8099 ) ;
#5260 = EDGE_CURVE ( 'NONE', #11347, #9374, #11084, .T. ) ;
#5261 = VECTOR ( 'NONE', #4934, 1000.000000000000000 ) ;
#5262 = CARTESIAN_POINT ( 'NONE',  ( 15.09779867055200064, 39.85228000000000037, -9.343465628199998818 ) ) ;
#5263 = ORIENTED_EDGE ( 'NONE', *, *, #557, .F. ) ;
#5264 = EDGE_CURVE ( 'NONE', #6257, #4392, #4534, .T. ) ;
#5265 = CARTESIAN_POINT ( 'NONE',  ( 15.31267738394970124, 17.10000000000000142, -16.30027856159944832 ) ) ;
#5266 = EDGE_LOOP ( 'NONE', ( #6005, #9409, #7173, #1312 ) ) ;
#5267 = DIRECTION ( 'NONE',  ( -1.000000000000000000, 0.000000000000000000, 0.000000000000000000 ) ) ;
#5268 = ORIENTED_EDGE ( 'NONE', *, *, #7366, .T. ) ;
#5269 = CIRCLE ( 'NONE', #4714, 0.09999999999999956146 ) ;
#5270 = VECTOR ( 'NONE', #10104, 1000.000000000000000 ) ;
#5271 = ADVANCED_FACE ( 'NONE', ( #6834 ), #7762, .F. ) ;
#5272 = CARTESIAN_POINT ( 'NONE',  ( 11.29546285723199972, 0.5000000000000000000, -19.51500000000000057 ) ) ;
#5273 = VECTOR ( 'NONE', #4681, 1000.000000000000000 ) ;
#5274 = PLANE ( 'NONE',  #3414 ) ;
#5275 = CIRCLE ( 'NONE', #10331, 0.09999999999999983902 ) ;
#5276 = AXIS2_PLACEMENT_3D ( 'NONE', #9501, #6872, #7750 ) ;
#5277 = CARTESIAN_POINT ( 'NONE',  ( 14.18546285723200029, 0.000000000000000000, -19.51500000000000057 ) ) ;
#5278 = ORIENTED_EDGE ( 'NONE', *, *, #10696, .F. ) ;
#5279 = LINE ( 'NONE', #6107, #9723 ) ;
#5280 = EDGE_CURVE ( 'NONE', #4452, #10015, #7702, .T. ) ;
#5281 = EDGE_CURVE ( 'NONE', #2383, #2520, #492, .T. ) ;
#5282 = CARTESIAN_POINT ( 'NONE',  ( 1.880462857232000129, 17.06999999999999673, -0.2300000000000000100 ) ) ;
#5283 = EDGE_CURVE ( 'NONE', #1831, #5443, #8487, .T. ) ;
#5284 = VECTOR ( 'NONE', #2835, 1000.000000000000000 ) ;
#5285 = DIRECTION ( 'NONE',  ( 0.000000000000000000, -1.000000000000000000, 0.000000000000000000 ) ) ;
#5286 = LINE ( 'NONE', #2414, #622 ) ;
#5287 = AXIS2_PLACEMENT_3D ( 'NONE', #1217, #1087, #10937 ) ;
#5288 = ORIENTED_EDGE ( 'NONE', *, *, #1045, .F. ) ;
#5289 = B_SPLINE_CURVE_WITH_KNOTS ( 'NONE', 3,
 ( #4954, #3290, #5124, #11268 ),
 .UNSPECIFIED., .F., .F.,
 ( 4, 4 ),
 ( 0.000000000000000000, 1.000000000000000000 ),
 .UNSPECIFIED. ) ;
#5290 = DIRECTION ( 'NONE',  ( 0.000000000000000000, 1.000000000000000000, 0.000000000000000000 ) ) ;
#5291 = AXIS2_PLACEMENT_3D ( 'NONE', #5043, #5889, #4990 ) ;
#5292 = VECTOR ( 'NONE', #2084, 1000.000000000000000 ) ;
#5293 = LINE ( 'NONE', #9914, #2978 ) ;
#5294 = VECTOR ( 'NONE', #4888, 1000.000000000000000 ) ;
#5295 = DIRECTION ( 'NONE',  ( 0.000000000000000000, 0.000000000000000000, -1.000000000000000000 ) ) ;
#5296 = CARTESIAN_POINT ( 'NONE',  ( 5.688443350538999965, 17.30000000000000071, -17.64999999999999858 ) ) ;
#5297 = PLANE ( 'NONE',  #1320 ) ;
#5298 = VERTEX_POINT ( 'NONE', #4063 ) ;
#5299 = CARTESIAN_POINT ( 'NONE',  ( 2.735462857232000555, 4.000000000000000000, -6.989999999999999325 ) ) ;
#5300 = CARTESIAN_POINT ( 'NONE',  ( 14.99800203728100101, 0.5000000000000000000, -9.337091305669998675 ) ) ;
#5301 = ORIENTED_EDGE ( 'NONE', *, *, #8418, .T. ) ;
#5302 = CARTESIAN_POINT ( 'NONE',  ( 3.483175291678999752, 14.63228756555300158, -0.2677124344499999808 ) ) ;
#5303 = FACE_BOUND ( 'NONE', #1134, .T. ) ;
#5304 = FACE_OUTER_BOUND ( 'NONE', #11396, .T. ) ;
#5305 = DIRECTION ( 'NONE',  ( -1.000000000000000000, 0.000000000000000000, 0.000000000000000000 ) ) ;
#5306 = CARTESIAN_POINT ( 'NONE',  ( 5.775462857232000147, 4.000000000000000000, -6.989999999999999325 ) ) ;
#5307 = ORIENTED_EDGE ( 'NONE', *, *, #2020, .T. ) ;
#5308 = DIRECTION ( 'NONE',  ( 1.000000000000000000, 0.000000000000000000, 0.000000000000000000 ) ) ;
#5309 = LINE ( 'NONE', #204, #7859 ) ;
#5310 = VERTEX_POINT ( 'NONE', #2363 ) ;
#5311 = DIRECTION ( 'NONE',  ( -0.000000000000000000, -0.7071067811865475727, -0.7071067811865475727 ) ) ;
#5312 = VERTEX_POINT ( 'NONE', #10448 ) ;
#5313 = ORIENTED_EDGE ( 'NONE', *, *, #9705, .T. ) ;
#5314 = ORIENTED_EDGE ( 'NONE', *, *, #1065, .T. ) ;
#5315 = ORIENTED_EDGE ( 'NONE', *, *, #405, .F. ) ;
#5316 = LINE ( 'NONE', #92, #6613 ) ;
#5317 = LINE ( 'NONE', #6382, #373 ) ;
#5318 = DIRECTION ( 'NONE',  ( -0.9979663327133606598, 0.000000000000000000, 0.06374322529215131761 ) ) ;
#5319 = CARTESIAN_POINT ( 'NONE',  ( 13.79042227335100002, 3.600000000000000089, -12.34004058388099878 ) ) ;
#5320 = ORIENTED_EDGE ( 'NONE', *, *, #11486, .T. ) ;
#5321 = DIRECTION ( 'NONE',  ( 0.1961161351382035567, 0.9805806756909162258, 0.000000000000000000 ) ) ;
#5322 = ORIENTED_EDGE ( 'NONE', *, *, #4975, .T. ) ;
#5323 = EDGE_LOOP ( 'NONE', ( #11177, #5156, #11178, #5181 ) ) ;
#5324 = ADVANCED_FACE ( 'NONE', ( #11323 ), #10338, .T. ) ;
#5325 = EDGE_CURVE ( 'NONE', #8698, #4504, #9637, .T. ) ;
#5326 = ORIENTED_EDGE ( 'NONE', *, *, #5325, .T. ) ;
#5327 = DIRECTION ( 'NONE',  ( 0.000000000000000000, 0.000000000000000000, 1.000000000000000000 ) ) ;
#5328 = EDGE_CURVE ( 'NONE', #295, #6833, #8475, .T. ) ;
#5329 = CARTESIAN_POINT ( 'NONE',  ( 12.90278829310899944, 17.30000000000000071, -16.65417823791499785 ) ) ;
#5330 = FACE_OUTER_BOUND ( 'NONE', #7228, .T. ) ;
#5331 = ORIENTED_EDGE ( 'NONE', *, *, #11358, .T. ) ;
#5332 = CARTESIAN_POINT ( 'NONE',  ( 15.33046285723199986, 3.600000000000000089, -10.80000000000000071 ) ) ;
#5333 = DIRECTION ( 'NONE',  ( 0.000000000000000000, -1.000000000000000000, 0.000000000000000000 ) ) ;
#5334 = LINE ( 'NONE', #9905, #940 ) ;
#5335 = LINE ( 'NONE', #871, #2651 ) ;
#5336 = ADVANCED_FACE ( 'NONE', ( #1381 ), #11571, .F. ) ;
#5337 = FACE_OUTER_BOUND ( 'NONE', #4084, .T. ) ;
#5338 = ADVANCED_FACE ( 'NONE', ( #2703 ), #6289, .F. ) ;
#5339 = ORIENTED_EDGE ( 'NONE', *, *, #4060, .T. ) ;
#5340 = ADVANCED_FACE ( 'NONE', ( #8037 ), #977, .T. ) ;
#5341 = EDGE_CURVE ( 'NONE', #9992, #2083, #5389, .T. ) ;
#5342 = CARTESIAN_POINT ( 'NONE',  ( 5.345462857231999543, 0.2500000000000000000, -17.14999999999999858 ) ) ;
#5343 = CARTESIAN_POINT ( 'NONE',  ( 8.957802808031898323, 17.30000000000000071, -15.45000000000000107 ) ) ;
#5344 = CARTESIAN_POINT ( 'NONE',  ( 5.395462857232000253, 0.5000000000000000000, -16.97500000000000142 ) ) ;
#5345 = DIRECTION ( 'NONE',  ( 0.000000000000000000, 1.000000000000000000, 0.000000000000000000 ) ) ;
#5346 = FACE_OUTER_BOUND ( 'NONE', #9147, .T. ) ;
#5347 = ORIENTED_EDGE ( 'NONE', *, *, #1839, .T. ) ;
#5348 = CARTESIAN_POINT ( 'NONE',  ( 14.78046285723200093, 4.000000000000000000, -4.750000000000000000 ) ) ;
#5349 = CARTESIAN_POINT ( 'NONE',  ( 11.73950001777900098, 4.519622748046999483, -0.3559628394500004567 ) ) ;
#5350 = ORIENTED_EDGE ( 'NONE', *, *, #2990, .F. ) ;
#5351 = DIRECTION ( 'NONE',  ( 0.000000000000000000, 0.000000000000000000, 1.000000000000000000 ) ) ;
#5352 = EDGE_CURVE ( 'NONE', #694, #11529, #2532, .T. ) ;
#5353 = EDGE_CURVE ( 'NONE', #4376, #4318, #10786, .T. ) ;
#5354 = ORIENTED_EDGE ( 'NONE', *, *, #9150, .F. ) ;
#5355 = CARTESIAN_POINT ( 'NONE',  ( 16.22783201400199715, 4.549999999999999822, -0.2000000000000000111 ) ) ;
#5356 = LINE ( 'NONE', #2716, #10473 ) ;
#5357 = CARTESIAN_POINT ( 'NONE',  ( 11.73950001777900098, 4.519622748046999483, -0.3559628394500004567 ) ) ;
#5358 = CARTESIAN_POINT ( 'NONE',  ( 3.235462857232000111, 4.000000000000000000, -6.989999999999999325 ) ) ;
#5359 = ORIENTED_EDGE ( 'NONE', *, *, #10489, .F. ) ;
#5360 = DIRECTION ( 'NONE',  ( 1.000000000000000000, 0.000000000000000000, 0.000000000000000000 ) ) ;
#5361 = LINE ( 'NONE', #8943, #11404 ) ;
#5362 = VERTEX_POINT ( 'NONE', #69 ) ;
#5363 = CARTESIAN_POINT ( 'NONE',  ( 1.880462857232000129, 17.06999999999999673, -21.01999999999999957 ) ) ;
#5364 = EDGE_LOOP ( 'NONE', ( #5626, #1901, #886 ) ) ;
#5365 = ORIENTED_EDGE ( 'NONE', *, *, #2388, .T. ) ;
#5366 = ORIENTED_EDGE ( 'NONE', *, *, #11080, .F. ) ;
#5367 = CYLINDRICAL_SURFACE ( 'NONE', #6793, 0.2000000000000005107 ) ;
#5368 = DIRECTION ( 'NONE',  ( 0.000000000000000000, -1.000000000000000000, 0.000000000000000000 ) ) ;
#5369 = CARTESIAN_POINT ( 'NONE',  ( 5.363371551561999517, 4.000000000000000000, -11.13246081994999948 ) ) ;
#5370 = DIRECTION ( 'NONE',  ( 0.000000000000000000, -1.000000000000000000, 0.000000000000000000 ) ) ;
#5371 = ORIENTED_EDGE ( 'NONE', *, *, #7508, .T. ) ;
#5372 = CARTESIAN_POINT ( 'NONE',  ( 4.615462857232000005, 11.67999999999999972, -0.5000000000000000000 ) ) ;
#5373 = ORIENTED_EDGE ( 'NONE', *, *, #10364, .F. ) ;
#5374 = ORIENTED_EDGE ( 'NONE', *, *, #7269, .F. ) ;
#5375 = VERTEX_POINT ( 'NONE', #8098 ) ;
#5376 = CARTESIAN_POINT ( 'NONE',  ( 2.360422273350999856, 0.4000000000000000222, -12.34004058388099878 ) ) ;
#5377 = DIRECTION ( 'NONE',  ( 0.000000000000000000, 1.000000000000000000, 0.000000000000000000 ) ) ;
#5378 = CARTESIAN_POINT ( 'NONE',  ( 12.92883285258800008, 17.30000000000000071, -17.64999999999999858 ) ) ;
#5379 = CARTESIAN_POINT ( 'NONE',  ( 11.64546285723199937, 4.537037037036999898, -0.4500000000000000111 ) ) ;
#5380 = ORIENTED_EDGE ( 'NONE', *, *, #3846, .F. ) ;
#5381 = LINE ( 'NONE', #9847, #8599 ) ;
#5382 = DIRECTION ( 'NONE',  ( 0.000000000000000000, -1.000000000000000000, 0.000000000000000000 ) ) ;
#5383 = VECTOR ( 'NONE', #6307, 1000.000000000000000 ) ;
#5384 = LINE ( 'NONE', #2745, #4158 ) ;
#5385 = CARTESIAN_POINT ( 'NONE',  ( 15.33046285723199986, 0.5000000000000000000, -10.80000000000000071 ) ) ;
#5386 = ORIENTED_EDGE ( 'NONE', *, *, #1403, .F. ) ;
#5387 = ORIENTED_EDGE ( 'NONE', *, *, #3450, .T. ) ;
#5388 = AXIS2_PLACEMENT_3D ( 'NONE', #5376, #8964, #6393 ) ;
#5389 = LINE ( 'NONE', #5230, #4352 ) ;
#5390 = AXIS2_PLACEMENT_3D ( 'NONE', #4908, #2267, #4136 ) ;
#5391 = EDGE_CURVE ( 'NONE', #2132, #7560, #3566, .T. ) ;
#5392 = CARTESIAN_POINT ( 'NONE',  ( 5.295462857231999720, 0.000000000000000000, -16.97500000000000142 ) ) ;
#5393 = ADVANCED_FACE ( 'NONE', ( #1765 ), #710, .T. ) ;
#5394 = CARTESIAN_POINT ( 'NONE',  ( 6.166437780604000274, 17.30000000000000071, -15.45000000000000107 ) ) ;
#5395 = LINE ( 'NONE', #2648, #2241 ) ;
#5396 = DIRECTION ( 'NONE',  ( -0.6212291052183880335, 0.000000000000000000, -0.7836289931016852117 ) ) ;
#5397 = EDGE_LOOP ( 'NONE', ( #3881, #4131, #8454, #3121 ) ) ;
#5398 = CARTESIAN_POINT ( 'NONE',  ( 1.650462857231999925, 0.6500000000000000222, -13.85886898516099919 ) ) ;
#5399 = AXIS2_PLACEMENT_3D ( 'NONE', #3959, #6678, #1160 ) ;
#5400 = EDGE_CURVE ( 'NONE', #5092, #11468, #5172, .T. ) ;
#5401 = CARTESIAN_POINT ( 'NONE',  ( 12.61170228694399853, 17.10000000000000142, -15.45000000000000107 ) ) ;
#5402 = VECTOR ( 'NONE', #5046, 1000.000000000000227 ) ;
#5403 = AXIS2_PLACEMENT_3D ( 'NONE', #6157, #6281, #9736 ) ;
#5404 = ORIENTED_EDGE ( 'NONE', *, *, #6871, .T. ) ;
#5405 = DIRECTION ( 'NONE',  ( 0.000000000000000000, 0.000000000000000000, 1.000000000000000000 ) ) ;
#5406 = EDGE_CURVE ( 'NONE', #9201, #3364, #874, .T. ) ;
#5407 = EDGE_CURVE ( 'NONE', #4968, #3268, #7875, .T. ) ;
#5408 = ORIENTED_EDGE ( 'NONE', *, *, #2694, .T. ) ;
#5409 = DIRECTION ( 'NONE',  ( 0.000000000000000000, -1.000000000000000000, 0.000000000000000000 ) ) ;
#5410 = CARTESIAN_POINT ( 'NONE',  ( 7.535462857231999934, 0.2500000000000000000, -17.14999999999999858 ) ) ;
#5411 = AXIS2_PLACEMENT_3D ( 'NONE', #7464, #6715, #9296 ) ;
#5412 = CARTESIAN_POINT ( 'NONE',  ( 14.99554685328999959, 17.30000000000000071, -16.30027856230699612 ) ) ;
#5413 = CARTESIAN_POINT ( 'NONE',  ( 17.35046285723199944, 17.06999999999999673, -0.2300000000000000100 ) ) ;
#5414 = ORIENTED_EDGE ( 'NONE', *, *, #7150, .F. ) ;
#5415 = AXIS2_PLACEMENT_3D ( 'NONE', #8510, #11305, #5925 ) ;
#5416 = AXIS2_PLACEMENT_3D ( 'NONE', #10960, #4578, #9148 ) ;
#5417 = CARTESIAN_POINT ( 'NONE',  ( 15.66044916634199957, 17.10000000000000142, -16.48871893137700084 ) ) ;
#5418 = LINE ( 'NONE', #4545, #4300 ) ;
#5419 = ORIENTED_EDGE ( 'NONE', *, *, #113, .F. ) ;
#5420 = CARTESIAN_POINT ( 'NONE',  ( 17.72482299013098839, 4.261200321471996233, -13.71997113702800952 ) ) ;
#5421 = EDGE_CURVE ( 'NONE', #6538, #5931, #7168, .T. ) ;
#5422 = EDGE_CURVE ( 'NONE', #5508, #9866, #3404, .T. ) ;
#5423 = EDGE_CURVE ( 'NONE', #1360, #5298, #7977, .T. ) ;
#5424 = LINE ( 'NONE', #5847, #3984 ) ;
#5425 = VECTOR ( 'NONE', #286, 1000.000000000000000 ) ;
#5426 = ORIENTED_EDGE ( 'NONE', *, *, #613, .F. ) ;
#5427 = CIRCLE ( 'NONE', #1319, 1.575000000000000844 ) ;
#5428 = EDGE_LOOP ( 'NONE', ( #2454, #3483, #9768, #3448 ) ) ;
#5429 = VECTOR ( 'NONE', #1816, 1000.000000000000227 ) ;
#5430 = CARTESIAN_POINT ( 'NONE',  ( 14.78046285723200093, 3.700000000000000178, -14.75000000000000000 ) ) ;
#5431 = ADVANCED_FACE ( 'NONE', ( #4351 ), #11537, .F. ) ;
#5432 = LINE ( 'NONE', #4608, #7657 ) ;
#5433 = CARTESIAN_POINT ( 'NONE',  ( 13.79042227335100002, 0.5000000000000000000, -9.259959416120000952 ) ) ;
#5434 = CARTESIAN_POINT ( 'NONE',  ( 7.585462857231999756, 0.000000000000000000, -16.97500000000000142 ) ) ;
#5435 = VERTEX_POINT ( 'NONE', #178 ) ;
#5436 = AXIS2_PLACEMENT_3D ( 'NONE', #10791, #878, #8280 ) ;
#5437 = CARTESIAN_POINT ( 'NONE',  ( 7.385462857231999578, 4.349999999999999645, 0.000000000000000000 ) ) ;
#5438 = ORIENTED_EDGE ( 'NONE', *, *, #6448, .T. ) ;
#5439 = VERTEX_POINT ( 'NONE', #1126 ) ;
#5440 = VERTEX_POINT ( 'NONE', #1066 ) ;
#5441 = EDGE_LOOP ( 'NONE', ( #4546, #8379, #7956, #668 ) ) ;
#5442 = CARTESIAN_POINT ( 'NONE',  ( 12.61170228694399853, 17.10000000000000142, -16.30027856230699612 ) ) ;
#5443 = VERTEX_POINT ( 'NONE', #4815 ) ;
#5444 = PLANE ( 'NONE',  #5462 ) ;
#5445 = VECTOR ( 'NONE', #4145, 1000.000000000000000 ) ;
#5446 = CARTESIAN_POINT ( 'NONE',  ( 15.64206498835999781, 17.30000000000000071, -17.50445686578799709 ) ) ;
#5447 = DIRECTION ( 'NONE',  ( 0.000000000000000000, 1.000000000000000000, 0.000000000000000000 ) ) ;
#5448 = EDGE_LOOP ( 'NONE', ( #6206, #10097, #3275, #4298 ) ) ;
#5449 = DIRECTION ( 'NONE',  ( 1.000000000000000000, 0.000000000000000000, 0.000000000000000000 ) ) ;
#5450 = DIRECTION ( 'NONE',  ( -1.000000000000000000, 0.000000000000000000, 0.000000000000000000 ) ) ;
#5451 = VECTOR ( 'NONE', #6256, 1000.000000000000000 ) ;
#5452 = CARTESIAN_POINT ( 'NONE',  ( 12.56546285723199929, 0.5000000000000000000, -16.97500000000000142 ) ) ;
#5453 = VECTOR ( 'NONE', #4663, 1000.000000000000000 ) ;
#5454 = DIRECTION ( 'NONE',  ( 1.000000000000000000, 0.000000000000000000, 0.000000000000000000 ) ) ;
#5455 = ORIENTED_EDGE ( 'NONE', *, *, #2560, .F. ) ;
#5456 = AXIS2_PLACEMENT_3D ( 'NONE', #8908, #6104, #1639 ) ;
#5457 = ORIENTED_EDGE ( 'NONE', *, *, #11580, .F. ) ;
#5458 = VECTOR ( 'NONE', #6064, 1000.000000000000000 ) ;
#5459 = VECTOR ( 'NONE', #9574, 1000.000000000000000 ) ;
#5460 = CARTESIAN_POINT ( 'NONE',  ( 13.95546285723199986, 0.000000000000000000, -6.490000000000000213 ) ) ;
#5461 = DIRECTION ( 'NONE',  ( 0.000000000000000000, -1.000000000000000000, 0.000000000000000000 ) ) ;
#5462 = AXIS2_PLACEMENT_3D ( 'NONE', #2038, #10774, #7321 ) ;
#5463 = CARTESIAN_POINT ( 'NONE',  ( 12.56546285723199929, 0.5000000000000000000, -16.97500000000000142 ) ) ;
#5464 = FACE_OUTER_BOUND ( 'NONE', #3726, .T. ) ;
#5465 = LINE ( 'NONE', #4361, #3185 ) ;
#5466 = ORIENTED_EDGE ( 'NONE', *, *, #10646, .T. ) ;
#5467 = AXIS2_PLACEMENT_3D ( 'NONE', #3966, #2379, #1508 ) ;
#5468 = VECTOR ( 'NONE', #1241, 1000.000000000000000 ) ;
#5469 = CARTESIAN_POINT ( 'NONE',  ( 11.72914402648100030, 4.513153390275999932, -0.3210283074900034950 ) ) ;
#5470 = ADVANCED_FACE ( 'NONE', ( #6470 ), #9225, .T. ) ;
#5471 = VERTEX_POINT ( 'NONE', #8205 ) ;
#5472 = ADVANCED_FACE ( 'NONE', ( #1993 ), #10031, .T. ) ;
#5473 = ADVANCED_FACE ( 'NONE', ( #3930 ), #4700, .T. ) ;
#5474 = AXIS2_PLACEMENT_3D ( 'NONE', #3746, #8393, #8153 ) ;
#5475 = DIRECTION ( 'NONE',  ( 1.000000000000000000, 0.000000000000000000, 0.000000000000000000 ) ) ;
#5476 = VERTEX_POINT ( 'NONE', #5460 ) ;
#5477 = DIRECTION ( 'NONE',  ( 0.000000000000000000, 0.000000000000000000, 1.000000000000000000 ) ) ;
#5478 = VECTOR ( 'NONE', #8879, 1000.000000000000000 ) ;
#5479 = DIRECTION ( 'NONE',  ( 0.000000000000000000, 0.000000000000000000, 1.000000000000000000 ) ) ;
#5480 = VECTOR ( 'NONE', #7940, 1000.000000000000000 ) ;
#5481 = EDGE_CURVE ( 'NONE', #4553, #10200, #3059, .T. ) ;
#5482 = CARTESIAN_POINT ( 'NONE',  ( 1.500462857232000013, 4.203779418383999378, -13.99886898516100153 ) ) ;
#5483 = LINE ( 'NONE', #4370, #11009 ) ;
#5484 = EDGE_LOOP ( 'NONE', ( #1022, #4751, #2135, #1416 ) ) ;
#5485 = DIRECTION ( 'NONE',  ( 0.000000000000000000, 1.000000000000000000, 0.000000000000000000 ) ) ;
#5486 = CARTESIAN_POINT ( 'NONE',  ( 3.900462857232000147, 0.5000000000000000000, -10.80000000000000071 ) ) ;
#5487 = ORIENTED_EDGE ( 'NONE', *, *, #6991, .T. ) ;
#5488 = CARTESIAN_POINT ( 'NONE',  ( 3.003093700461999749, 4.750000000000000000, -0.2000000000000000111 ) ) ;
#5489 = AXIS2_PLACEMENT_3D ( 'NONE', #9615, #4262, #688 ) ;
#5490 = APPLICATION_PROTOCOL_DEFINITION ( 'draft international standard', 'automotive_design', 1998, #8746 ) ;
#5491 = DIRECTION ( 'NONE',  ( 0.1961161351382035567, 0.9805806756909162258, 0.000000000000000000 ) ) ;
#5492 = ORIENTED_EDGE ( 'NONE', *, *, #10788, .T. ) ;
#5493 = B_SPLINE_CURVE_WITH_KNOTS ( 'NONE', 3,
 ( #3572, #8987, #10615, #2708 ),
 .UNSPECIFIED., .F., .F.,
 ( 4, 4 ),
 ( 0.000000000000000000, 1.000000000000000000 ),
 .UNSPECIFIED. ) ;
#5494 = ORIENTED_EDGE ( 'NONE', *, *, #6140, .F. ) ;
#5495 = CARTESIAN_POINT ( 'NONE',  ( 14.64471057628099970, 17.30000000000000071, -16.30027856230699612 ) ) ;
#5496 = DIRECTION ( 'NONE',  ( 0.000000000000000000, 1.000000000000000000, 0.000000000000000000 ) ) ;
#5497 = EDGE_CURVE ( 'NONE', #10131, #6257, #11091, .T. ) ;
#5498 = EDGE_CURVE ( 'NONE', #5476, #11476, #5577, .T. ) ;
#5499 = CARTESIAN_POINT ( 'NONE',  ( 17.72482299013099194, 0.8188325851100083375, -13.95384395217101137 ) ) ;
#5500 = DIRECTION ( 'NONE',  ( 0.7397541567183051336, 0.000000000000000000, -0.6728772455790055229 ) ) ;
#5501 = ORIENTED_EDGE ( 'NONE', *, *, #3060, .F. ) ;
#5502 = CARTESIAN_POINT ( 'NONE',  ( 7.585462857231999756, 4.250000000000000000, -0.2500000000000000000 ) ) ;
#5503 = VERTEX_POINT ( 'NONE', #297 ) ;
#5504 = ORIENTED_EDGE ( 'NONE', *, *, #1669, .F. ) ;
#5505 = ORIENTED_EDGE ( 'NONE', *, *, #2256, .T. ) ;
#5506 = VERTEX_POINT ( 'NONE', #119 ) ;
#5507 = CARTESIAN_POINT ( 'NONE',  ( 13.87392848543099966, 39.85228000000000037, -11.03266418667999993 ) ) ;
#5508 = VERTEX_POINT ( 'NONE', #11089 ) ;
#5509 = DIRECTION ( 'NONE',  ( 0.000000000000000000, 0.000000000000000000, -1.000000000000000000 ) ) ;
#5510 = EDGE_CURVE ( 'NONE', #10952, #333, #242, .T. ) ;
#5511 = EDGE_CURVE ( 'NONE', #520, #7785, #1012, .T. ) ;
#5512 = DIRECTION ( 'NONE',  ( 1.000000000000000000, 0.000000000000000000, 0.000000000000000000 ) ) ;
#5513 = FACE_OUTER_BOUND ( 'NONE', #5918, .T. ) ;
#5514 = ORIENTED_EDGE ( 'NONE', *, *, #4411, .T. ) ;
#5515 = CARTESIAN_POINT ( 'NONE',  ( 14.61546285723200000, 11.67999999999999972, -0.5000000000000000000 ) ) ;
#5516 = CARTESIAN_POINT ( 'NONE',  ( 4.450462857231999081, 4.000000000000000000, -4.750000000000000000 ) ) ;
#5517 = DIRECTION ( 'NONE',  ( 0.000000000000000000, 0.000000000000000000, 1.000000000000000000 ) ) ;
#5518 = FACE_OUTER_BOUND ( 'NONE', #6939, .T. ) ;
#5519 = ORIENTED_EDGE ( 'NONE', *, *, #9592, .F. ) ;
#5520 = VERTEX_POINT ( 'NONE', #10911 ) ;
#5521 = CARTESIAN_POINT ( 'NONE',  ( 15.56546285723199929, 14.44999999999999929, -9.799999999999998934 ) ) ;
#5522 = DIRECTION ( 'NONE',  ( 0.000000000000000000, -1.000000000000000000, 0.000000000000000000 ) ) ;
#5523 = DIRECTION ( 'NONE',  ( 0.000000000000000000, -1.000000000000000000, 0.000000000000000000 ) ) ;
#5524 = CARTESIAN_POINT ( 'NONE',  ( 2.443928485430999942, 39.85228000000000037, -11.03266418667999993 ) ) ;
#5525 = LINE ( 'NONE', #3752, #7878 ) ;
#5526 = EDGE_LOOP ( 'NONE', ( #1234, #3871, #10813, #5170 ) ) ;
#5527 = DIRECTION ( 'NONE',  ( 0.000000000000000000, -1.000000000000000000, 0.000000000000000000 ) ) ;
#5528 = FACE_OUTER_BOUND ( 'NONE', #8562, .T. ) ;
#5529 = ORIENTED_EDGE ( 'NONE', *, *, #243, .T. ) ;
#5530 = ORIENTED_EDGE ( 'NONE', *, *, #9839, .T. ) ;
#5531 = DIRECTION ( 'NONE',  ( 0.000000000000000000, 1.000000000000000000, 0.000000000000000000 ) ) ;
#5532 = ORIENTED_EDGE ( 'NONE', *, *, #1199, .F. ) ;
#5533 = FACE_OUTER_BOUND ( 'NONE', #1089, .T. ) ;
#5534 = CARTESIAN_POINT ( 'NONE',  ( 5.275462857231999259, 0.000000000000000000, -6.989999999999999325 ) ) ;
#5535 = PLANE ( 'NONE',  #532 ) ;
#5536 = CARTESIAN_POINT ( 'NONE',  ( 7.585462857231999756, 4.250000000000000000, 0.000000000000000000 ) ) ;
#5537 = ORIENTED_EDGE ( 'NONE', *, *, #8273, .T. ) ;
#5538 = LINE ( 'NONE', #1028, #8619 ) ;
#5539 = DIRECTION ( 'NONE',  ( 1.000000000000000000, 0.000000000000000000, 0.000000000000000000 ) ) ;
#5540 = ORIENTED_EDGE ( 'NONE', *, *, #10645, .T. ) ;
#5541 = CARTESIAN_POINT ( 'NONE',  ( 17.72482299013098839, 4.324939296150996704, -13.78371011165799587 ) ) ;
#5542 = LINE ( 'NONE', #9126, #6429 ) ;
#5543 = ORIENTED_EDGE ( 'NONE', *, *, #7863, .F. ) ;
#5544 = VERTEX_POINT ( 'NONE', #3001 ) ;
#5545 = FACE_OUTER_BOUND ( 'NONE', #3006, .T. ) ;
#5546 = DIRECTION ( 'NONE',  ( 0.000000000000000000, -1.000000000000000000, 0.000000000000000000 ) ) ;
#5547 = DIRECTION ( 'NONE',  ( 1.000000000000000000, 0.000000000000000000, 0.000000000000000000 ) ) ;
#5548 = CARTESIAN_POINT ( 'NONE',  ( 15.29228167395999982, 17.30000000000000071, -17.20687313279400144 ) ) ;
#5549 = VERTEX_POINT ( 'NONE', #9158 ) ;
#5550 = EDGE_CURVE ( 'NONE', #5544, #9056, #6524, .T. ) ;
#5551 = ADVANCED_FACE ( 'NONE', ( #11023 ), #2059, .F. ) ;
#5552 = DIRECTION ( 'NONE',  ( -1.000000000000000000, 0.000000000000000000, 0.000000000000000000 ) ) ;
#5553 = DIRECTION ( 'NONE',  ( 0.000000000000000000, -1.000000000000000000, 0.000000000000000000 ) ) ;
#5554 = ORIENTED_EDGE ( 'NONE', *, *, #10236, .T. ) ;
#5555 = EDGE_CURVE ( 'NONE', #11200, #334, #6981, .T. ) ;
#5556 = EDGE_CURVE ( 'NONE', #11403, #2520, #7272, .T. ) ;
#5557 = UNCERTAINTY_MEASURE_WITH_UNIT (LENGTH_MEASURE( 1.000000000000000082E-05 ), #905, 'distance_accuracy_value', 'NONE');
#5558 = VERTEX_POINT ( 'NONE', #6408 ) ;
#5559 = EDGE_LOOP ( 'NONE', ( #10985, #1746, #7955, #4899 ) ) ;
#5560 = ORIENTED_EDGE ( 'NONE', *, *, #10429, .T. ) ;
#5561 = CARTESIAN_POINT ( 'NONE',  ( 16.79337155156200012, 4.000000000000000000, -10.46753918005000017 ) ) ;
#5562 = FACE_OUTER_BOUND ( 'NONE', #10548, .T. ) ;
#5563 = EDGE_CURVE ( 'NONE', #10480, #8927, #9281, .T. ) ;
#5564 = LINE ( 'NONE', #10023, #6964 ) ;
#5565 = DIRECTION ( 'NONE',  ( 0.06374322529215079025, 0.000000000000000000, -0.9979663327133607709 ) ) ;
#5566 = ORIENTED_EDGE ( 'NONE', *, *, #8055, .F. ) ;
#5567 = DIRECTION ( 'NONE',  ( 0.000000000000000000, 0.000000000000000000, 1.000000000000000000 ) ) ;
#5568 = LINE ( 'NONE', #167, #10126 ) ;
#5569 = CARTESIAN_POINT ( 'NONE',  ( 16.78699722903299829, 0.4000000000000000222, -10.56733581331999972 ) ) ;
#5570 = EDGE_CURVE ( 'NONE', #150, #5146, #2882, .T. ) ;
#5571 = EDGE_CURVE ( 'NONE', #5123, #1268, #11461, .T. ) ;
#5572 = FACE_OUTER_BOUND ( 'NONE', #8174, .T. ) ;
#5573 = ORIENTED_EDGE ( 'NONE', *, *, #9601, .F. ) ;
#5574 = ORIENTED_EDGE ( 'NONE', *, *, #8557, .T. ) ;
#5575 = EDGE_CURVE ( 'NONE', #1077, #4644, #9421, .T. ) ;
#5576 = B_SPLINE_CURVE_WITH_KNOTS ( 'NONE', 3,
 ( #1265, #381, #4900, #2255 ),
 .UNSPECIFIED., .F., .F.,
 ( 4, 4 ),
 ( 0.000000000000000000, 1.000000000000000000 ),
 .UNSPECIFIED. ) ;
#5577 = LINE ( 'NONE', #8336, #2481 ) ;
#5578 = CARTESIAN_POINT ( 'NONE',  ( 13.75546285723200057, 4.000000000000000000, -10.80000000000000071 ) ) ;
#5579 = VECTOR ( 'NONE', #4726, 1000.000000000000000 ) ;
#5580 = CARTESIAN_POINT ( 'NONE',  ( 3.850462857231999880, 3.600000000000000089, -12.37420614914300110 ) ) ;
#5581 = DIRECTION ( 'NONE',  ( 0.000000000000000000, 0.000000000000000000, 1.000000000000000000 ) ) ;
#5582 = FACE_OUTER_BOUND ( 'NONE', #8790, .T. ) ;
#5583 = ORIENTED_EDGE ( 'NONE', *, *, #10273, .T. ) ;
#5584 =( LENGTH_UNIT ( ) NAMED_UNIT ( * ) SI_UNIT ( .MILLI., .METRE. ) );
#5585 = DIRECTION ( 'NONE',  ( 1.000000000000000000, 0.000000000000000000, 0.000000000000000000 ) ) ;
#5586 = ORIENTED_EDGE ( 'NONE', *, *, #7061, .F. ) ;
#5587 = ORIENTED_EDGE ( 'NONE', *, *, #3076, .T. ) ;
#5588 = AXIS2_PLACEMENT_3D ( 'NONE', #82, #9003, #7293 ) ;
#5589 = PLANE ( 'NONE',  #10327 ) ;
#5590 = ORIENTED_EDGE ( 'NONE', *, *, #10997, .F. ) ;
#5591 = CYLINDRICAL_SURFACE ( 'NONE', #8841, 0.1000000000000002554 ) ;
#5592 = PLANE ( 'NONE',  #5411 ) ;
#5593 = PLANE ( 'NONE',  #5983 ) ;
#5594 = LINE ( 'NONE', #1149, #5579 ) ;
#5595 = ORIENTED_EDGE ( 'NONE', *, *, #2911, .T. ) ;
#5596 = CIRCLE ( 'NONE', #540, 0.2000000000000000944 ) ;
#5597 = DIRECTION ( 'NONE',  ( -0.1577384316472059955, 0.000000000000000000, 0.9874809300343372342 ) ) ;
#5598 = DIRECTION ( 'NONE',  ( -1.000000000000000000, 0.000000000000000000, 0.000000000000000000 ) ) ;
#5599 = ORIENTED_EDGE ( 'NONE', *, *, #558, .F. ) ;
#5600 = VECTOR ( 'NONE', #2043, 1000.000000000000000 ) ;
#5601 = VECTOR ( 'NONE', #9797, 1000.000000000000227 ) ;
#5602 = CARTESIAN_POINT ( 'NONE',  ( 17.66715801717102252, 4.510295692375004606, -13.93418349815601331 ) ) ;
#5603 = CARTESIAN_POINT ( 'NONE',  ( 1.690621360682183827, 4.040167846386624184, -0.09924446466384140297 ) ) ;
#5604 = ORIENTED_EDGE ( 'NONE', *, *, #6655, .T. ) ;
#5605 = CARTESIAN_POINT ( 'NONE',  ( 17.58046285723199986, 4.000000000000000000, -0.2300000000000000100 ) ) ;
#5606 = CIRCLE ( 'NONE', #8421, 0.1000000000000002692 ) ;
#5607 = CARTESIAN_POINT ( 'NONE',  ( 6.215462857231999649, 0.5000000000000000000, -19.86500000000000199 ) ) ;
#5608 = VECTOR ( 'NONE', #519, 1000.000000000000227 ) ;
#5609 = AXIS2_PLACEMENT_3D ( 'NONE', #3557, #702, #10558 ) ;
#5610 = CARTESIAN_POINT ( 'NONE',  ( 12.61170228694399853, 17.10000000000000142, -17.29456826448399909 ) ) ;
#5611 = B_SPLINE_CURVE_WITH_KNOTS ( 'NONE', 3,
 ( #1062, #6467, #4692, #1763 ),
 .UNSPECIFIED., .F., .F.,
 ( 4, 4 ),
 ( 0.000000000000000000, 1.000000000000000000 ),
 .UNSPECIFIED. ) ;
#5612 = CARTESIAN_POINT ( 'NONE',  ( 3.665462857232000271, 7.649999999999999467, -0.4500000000000000111 ) ) ;
#5613 = DIRECTION ( 'NONE',  ( 0.000000000000000000, 0.000000000000000000, -1.000000000000000000 ) ) ;
#5614 = VERTEX_POINT ( 'NONE', #3109 ) ;
#5615 = DIRECTION ( 'NONE',  ( 0.000000000000000000, 1.000000000000000000, 0.000000000000000000 ) ) ;
#5616 = DIRECTION ( 'NONE',  ( 0.000000000000000000, 0.000000000000000000, 1.000000000000000000 ) ) ;
#5617 = AXIS2_PLACEMENT_3D ( 'NONE', #7203, #3212, #5806 ) ;
#5618 = ORIENTED_EDGE ( 'NONE', *, *, #7142, .T. ) ;
#5619 = AXIS2_PLACEMENT_3D ( 'NONE', #4138, #4849, #5083 ) ;
#5620 = CIRCLE ( 'NONE', #2244, 0.5999999999999999778 ) ;
#5621 = ORIENTED_EDGE ( 'NONE', *, *, #7564, .F. ) ;
#5622 = VERTEX_POINT ( 'NONE', #4225 ) ;
#5623 = ORIENTED_EDGE ( 'NONE', *, *, #3834, .F. ) ;
#5624 = EDGE_CURVE ( 'NONE', #8765, #11563, #8519, .T. ) ;
#5625 = EDGE_CURVE ( 'NONE', #5503, #6743, #9397, .T. ) ;
#5626 = ORIENTED_EDGE ( 'NONE', *, *, #11489, .F. ) ;
#5627 = DIRECTION ( 'NONE',  ( 0.000000000000000000, -1.000000000000000000, 0.000000000000000000 ) ) ;
#5628 = CARTESIAN_POINT ( 'NONE',  ( 1.650462857231999925, 4.000000000000000000, -21.01999999999999957 ) ) ;
#5629 = VECTOR ( 'NONE', #9982, 1000.000000000000000 ) ;
#5630 = AXIS2_PLACEMENT_3D ( 'NONE', #6488, #11046, #1385 ) ;
#5631 = EDGE_CURVE ( 'NONE', #3443, #1793, #1175, .T. ) ;
#5632 = DIRECTION ( 'NONE',  ( 0.000000000000000000, 0.000000000000000000, 1.000000000000000000 ) ) ;
#5633 = ORIENTED_EDGE ( 'NONE', *, *, #10944, .T. ) ;
#5634 = DIRECTION ( 'NONE',  ( -0.1577384316471004966, 0.000000000000000000, -0.9874809300343541096 ) ) ;
#5635 = CARTESIAN_POINT ( 'NONE',  ( 15.52700794469055090, 17.30000000000000071, -17.56236613193284768 ) ) ;
#5636 = DIRECTION ( 'NONE',  ( 0.000000000000000000, 0.000000000000000000, -1.000000000000000000 ) ) ;
#5637 = EDGE_CURVE ( 'NONE', #2671, #9770, #8628, .T. ) ;
#5638 = FACE_OUTER_BOUND ( 'NONE', #9893, .T. ) ;
#5639 = VECTOR ( 'NONE', #11227, 1000.000000000000000 ) ;
#5640 = ORIENTED_EDGE ( 'NONE', *, *, #9077, .F. ) ;
#5641 = CIRCLE ( 'NONE', #11052, 0.09999999999999999167 ) ;
#5642 = ORIENTED_EDGE ( 'NONE', *, *, #7403, .T. ) ;
#5643 = CARTESIAN_POINT ( 'NONE',  ( 1.650462857231999925, 0.7410306433000000137, -13.70113101483899953 ) ) ;
#5644 = EDGE_CURVE ( 'NONE', #6538, #8949, #9227, .T. ) ;
#5645 = EDGE_CURVE ( 'NONE', #7796, #4429, #6875, .T. ) ;
#5646 = EDGE_CURVE ( 'NONE', #9908, #4161, #38, .T. ) ;
#5647 = DIRECTION ( 'NONE',  ( 1.000000000000000000, 0.000000000000000000, 0.000000000000000000 ) ) ;
#5648 = VECTOR ( 'NONE', #5321, 1000.000000000000227 ) ;
#5649 = VECTOR ( 'NONE', #4415, 1000.000000000000000 ) ;
#5650 = DIRECTION ( 'NONE',  ( 0.000000000000000000, -1.000000000000000000, 0.000000000000000000 ) ) ;
#5651 = CARTESIAN_POINT ( 'NONE',  ( 3.003093700461999749, 4.549999999999999822, 0.000000000000000000 ) ) ;
#5652 = DIRECTION ( 'NONE',  ( 0.000000000000000000, -1.000000000000000000, 0.000000000000000000 ) ) ;
#5653 = ORIENTED_EDGE ( 'NONE', *, *, #7944, .T. ) ;
#5654 = VERTEX_POINT ( 'NONE', #7626 ) ;
#5655 = FACE_OUTER_BOUND ( 'NONE', #7250, .T. ) ;
#5656 = DIRECTION ( 'NONE',  ( 0.000000000000000000, 0.000000000000000000, -1.000000000000000000 ) ) ;
#5657 = VERTEX_POINT ( 'NONE', #1469 ) ;
#5658 = AXIS2_PLACEMENT_3D ( 'NONE', #435, #4006, #6312 ) ;
#5659 = CARTESIAN_POINT ( 'NONE',  ( 15.48046285723199844, 3.700000000000000178, -12.36784087202799931 ) ) ;
#5660 = ORIENTED_EDGE ( 'NONE', *, *, #8932, .F. ) ;
#5661 = DIRECTION ( 'NONE',  ( 0.7760764909511919107, 0.000000000000000000, 0.6306387874154939510 ) ) ;
#5662 = CARTESIAN_POINT ( 'NONE',  ( 5.775462857232000147, 0.000000000000000000, -6.989999999999999325 ) ) ;
#5663 = VECTOR ( 'NONE', #6574, 1000.000000000000000 ) ;
#5664 = ADVANCED_FACE ( 'NONE', ( #3281 ), #7577, .T. ) ;
#5665 = AXIS2_PLACEMENT_3D ( 'NONE', #1202, #363, #2183 ) ;
#5666 = CARTESIAN_POINT ( 'NONE',  ( 7.935462857231999401, 4.000000000000000000, -16.97500000000000142 ) ) ;
#5667 = ORIENTED_EDGE ( 'NONE', *, *, #1627, .T. ) ;
#5668 = VECTOR ( 'NONE', #294, 1000.000000000000114 ) ;
#5669 = DIRECTION ( 'NONE',  ( 0.000000000000000000, -1.000000000000000000, 0.000000000000000000 ) ) ;
#5670 = CARTESIAN_POINT ( 'NONE',  ( 15.56312704391199908, 0.5000000000000000000, -9.343465628199998818 ) ) ;
#5671 = ORIENTED_EDGE ( 'NONE', *, *, #965, .F. ) ;
#5672 = DIRECTION ( 'NONE',  ( 0.000000000000000000, -1.000000000000000000, 0.000000000000000000 ) ) ;
#5673 = CARTESIAN_POINT ( 'NONE',  ( 1.730904190851577207, 4.080442396772583358, -0.05523817295636978403 ) ) ;
#5674 = AXIS2_PLACEMENT_3D ( 'NONE', #528, #8689, #11256 ) ;
#5675 = ORIENTED_EDGE ( 'NONE', *, *, #52, .T. ) ;
#5676 = AXIS2_PLACEMENT_3D ( 'NONE', #4142, #6801, #6851 ) ;
#5677 = VECTOR ( 'NONE', #10758, 1000.000000000000000 ) ;
#5678 = CARTESIAN_POINT ( 'NONE',  ( 8.957802808031898323, 17.10000000000000142, -15.45000000000000107 ) ) ;
#5679 = CARTESIAN_POINT ( 'NONE',  ( 13.62744031388522181, 17.10000000000000142, -16.48871836825500381 ) ) ;
#5680 = FACE_OUTER_BOUND ( 'NONE', #2351, .T. ) ;
#5681 = FACE_OUTER_BOUND ( 'NONE', #1466, .T. ) ;
#5682 = LINE ( 'NONE', #10996, #10835 ) ;
#5683 = VERTEX_POINT ( 'NONE', #2175 ) ;
#5684 = AXIS2_PLACEMENT_3D ( 'NONE', #4301, #6176, #9590 ) ;
#5685 = AXIS2_PLACEMENT_3D ( 'NONE', #9815, #4710, #10919 ) ;
#5686 = DIRECTION ( 'NONE',  ( 0.000000000000000000, 1.000000000000000000, 0.000000000000000000 ) ) ;
#5687 = CARTESIAN_POINT ( 'NONE',  ( 15.38046285723200057, 3.600000000000000089, -12.37420614914300110 ) ) ;
#5688 = EDGE_LOOP ( 'NONE', ( #7379, #1297, #8828, #10977 ) ) ;
#5689 = ORIENTED_EDGE ( 'NONE', *, *, #4268, .T. ) ;
#5690 = ORIENTED_EDGE ( 'NONE', *, *, #1199, .T. ) ;
#5691 = ORIENTED_EDGE ( 'NONE', *, *, #5886, .T. ) ;
#5692 = PLANE ( 'NONE',  #2996 ) ;
#5693 = EDGE_LOOP ( 'NONE', ( #10409, #9548, #11255, #5089 ) ) ;
#5694 = CARTESIAN_POINT ( 'NONE',  ( 3.568002037280999961, 4.000000000000000000, -9.337091305669998675 ) ) ;
#5695 = LINE ( 'NONE', #6460, #5114 ) ;
#5696 = LINE ( 'NONE', #10142, #4280 ) ;
#5697 = ORIENTED_EDGE ( 'NONE', *, *, #1968, .T. ) ;
#5698 = DIRECTION ( 'NONE',  ( 0.000000000000000000, 0.000000000000000000, -1.000000000000000000 ) ) ;
#5699 = DIRECTION ( 'NONE',  ( -0.000000000000000000, 0.7071067811865975328, 0.7071067811864976127 ) ) ;
#5700 = EDGE_CURVE ( 'NONE', #11200, #9014, #7161, .T. ) ;
#5701 = CARTESIAN_POINT ( 'NONE',  ( 15.74202747845199823, 14.64418110522800021, -0.2558188947700025251 ) ) ;
#5702 = EDGE_LOOP ( 'NONE', ( #9061, #10469, #74, #3890 ) ) ;
#5703 = ORIENTED_EDGE ( 'NONE', *, *, #8868, .F. ) ;
#5704 = DIRECTION ( 'NONE',  ( -0.7071067811865475727, -0.7071067811865475727, 0.000000000000000000 ) ) ;
#5705 = LINE ( 'NONE', #1941, #5038 ) ;
#5706 = CARTESIAN_POINT ( 'NONE',  ( 3.850462857231999880, 3.600000000000000089, -14.75000000000000000 ) ) ;
#5707 = PLANE ( 'NONE',  #2792 ) ;
#5708 = CARTESIAN_POINT ( 'NONE',  ( 17.35046285723199944, 17.06999999999999673, 27.70149999999999935 ) ) ;
#5709 = ORIENTED_EDGE ( 'NONE', *, *, #5985, .T. ) ;
#5710 = ADVANCED_FACE ( 'NONE', ( #1299 ), #4102, .T. ) ;
#5711 = EDGE_CURVE ( 'NONE', #6912, #3123, #650, .T. ) ;
#5712 = DIRECTION ( 'NONE',  ( 0.000000000000000000, 0.000000000000000000, -1.000000000000000000 ) ) ;
#5713 = PLANE ( 'NONE',  #2672 ) ;
#5714 = EDGE_CURVE ( 'NONE', #2667, #1481, #9565, .T. ) ;
#5715 = ADVANCED_FACE ( 'NONE', ( #4943 ), #10386, .F. ) ;
#5716 = ORIENTED_EDGE ( 'NONE', *, *, #5987, .F. ) ;
#5717 = CARTESIAN_POINT ( 'NONE',  ( 14.64471057628099970, 17.30000000000000071, -15.45000000000000107 ) ) ;
#5718 = EDGE_LOOP ( 'NONE', ( #5675, #5736, #10434, #2769 ) ) ;
#5719 = DIRECTION ( 'NONE',  ( 1.000000000000000000, 0.000000000000000000, 0.000000000000000000 ) ) ;
#5720 = CARTESIAN_POINT ( 'NONE',  ( 4.115462857232000005, -24.70383151473999916, -0.5000000000000000000 ) ) ;
#5721 = CARTESIAN_POINT ( 'NONE',  ( 14.79652298013543366, 3.643876839471863249, -11.66767334696864467 ) ) ;
#5722 = ORIENTED_EDGE ( 'NONE', *, *, #4636, .F. ) ;
#5723 = DIRECTION ( 'NONE',  ( 0.9874809300343373453, 0.000000000000000000, -0.1577384316472058567 ) ) ;
#5724 = DIRECTION ( 'NONE',  ( 0.000000000000000000, -1.000000000000000000, 0.000000000000000000 ) ) ;
#5725 = ORIENTED_EDGE ( 'NONE', *, *, #6208, .F. ) ;
#5726 = CARTESIAN_POINT ( 'NONE',  ( 1.563767697292994585, 0.3989761811500044386, -14.04418561978499724 ) ) ;
#5727 = CARTESIAN_POINT ( 'NONE',  ( 4.450462857231999081, 3.600000000000000089, -4.750000000000000000 ) ) ;
#5728 = EDGE_CURVE ( 'NONE', #8816, #1872, #11058, .T. ) ;
#5729 = EDGE_CURVE ( 'NONE', #10243, #345, #425, .T. ) ;
#5730 = ORIENTED_EDGE ( 'NONE', *, *, #8719, .F. ) ;
#5731 = LINE ( 'NONE', #4791, #10685 ) ;
#5732 = DIRECTION ( 'NONE',  ( -0.7397541567183051336, 0.000000000000000000, 0.6728772455790055229 ) ) ;
#5733 = PLANE ( 'NONE',  #6907 ) ;
#5734 = LINE ( 'NONE', #6560, #3194 ) ;
#5735 = CARTESIAN_POINT ( 'NONE',  ( 17.58046285723199986, 3.850000000000000089, -13.23000000000000043 ) ) ;
#5736 = ORIENTED_EDGE ( 'NONE', *, *, #4474, .T. ) ;
#5737 = CARTESIAN_POINT ( 'NONE',  ( 9.615462857231998228, 0.000000000000000000, -21.25000000000000000 ) ) ;
#5738 = DIRECTION ( 'NONE',  ( 0.000000000000000000, 0.000000000000000000, -1.000000000000000000 ) ) ;
#5739 = ORIENTED_EDGE ( 'NONE', *, *, #3278, .T. ) ;
#5740 = EDGE_LOOP ( 'NONE', ( #1938, #3860, #9892, #30 ) ) ;
#5741 = ORIENTED_EDGE ( 'NONE', *, *, #875, .T. ) ;
#5742 = ORIENTED_EDGE ( 'NONE', *, *, #11343, .T. ) ;
#5743 = CARTESIAN_POINT ( 'NONE',  ( 15.41072715495599788, 17.10000000000000142, -17.62089132070499531 ) ) ;
#5744 = VERTEX_POINT ( 'NONE', #2631 ) ;
#5745 = CARTESIAN_POINT ( 'NONE',  ( 15.56546285723199929, 14.75000000000000000, 0.000000000000000000 ) ) ;
#5746 = CARTESIAN_POINT ( 'NONE',  ( 6.604599439844999864, 17.10000000000000142, -15.45000000000000107 ) ) ;
#5747 = LINE ( 'NONE', #3316, #2598 ) ;
#5748 = EDGE_LOOP ( 'NONE', ( #8240, #8181, #5315, #5227 ) ) ;
#5749 = CARTESIAN_POINT ( 'NONE',  ( 8.957802808031898323, 17.30000000000000071, -15.45000000000000107 ) ) ;
#5750 = DIRECTION ( 'NONE',  ( 0.000000000000000000, -1.000000000000000000, 0.000000000000000000 ) ) ;
#5751 = DIRECTION ( 'NONE',  ( -0.9805806756909163369, -0.1961161351382035567, 0.000000000000000000 ) ) ;
#5752 = ORIENTED_EDGE ( 'NONE', *, *, #9928, .T. ) ;
#5753 = APPLICATION_CONTEXT ( 'automotive_design' ) ;
#5754 = EDGE_LOOP ( 'NONE', ( #5872, #2791, #4790, #5574 ) ) ;
#5755 = DIRECTION ( 'NONE',  ( 0.1577384316472046910, 0.000000000000000000, -0.9874809300343374563 ) ) ;
#5756 = CARTESIAN_POINT ( 'NONE',  ( 7.585462857231999756, 0.000000000000000000, -17.32499999999999929 ) ) ;
#5757 = LINE ( 'NONE', #359, #3731 ) ;
#5758 = CARTESIAN_POINT ( 'NONE',  ( 12.91546285723199894, 0.000000000000000000, -17.32499999999999929 ) ) ;
#5759 = FACE_OUTER_BOUND ( 'NONE', #4261, .T. ) ;
#5760 = VERTEX_POINT ( 'NONE', #8022 ) ;
#5761 = DIRECTION ( 'NONE',  ( 0.000000000000000000, 0.000000000000000000, -1.000000000000000000 ) ) ;
#5762 = DIRECTION ( 'NONE',  ( 0.000000000000000000, -1.000000000000000000, 0.000000000000000000 ) ) ;
#5763 = EDGE_LOOP ( 'NONE', ( #391, #2287, #5739, #6468 ) ) ;
#5764 = EDGE_CURVE ( 'NONE', #1917, #11037, #7153, .T. ) ;
#5765 = FACE_OUTER_BOUND ( 'NONE', #8626, .T. ) ;
#5766 = EDGE_CURVE ( 'NONE', #6685, #11515, #9730, .T. ) ;
#5767 = ORIENTED_EDGE ( 'NONE', *, *, #11356, .F. ) ;
#5768 = PLANE ( 'NONE',  #10149 ) ;
#5769 = CARTESIAN_POINT ( 'NONE',  ( 15.99546285723199901, 0.000000000000000000, -6.490000000000000213 ) ) ;
#5770 = CIRCLE ( 'NONE', #7254, 0.09999999999999982514 ) ;
#5771 = ADVANCED_FACE ( 'NONE', ( #2690 ), #9789, .T. ) ;
#5772 = DIRECTION ( 'NONE',  ( 0.000000000000000000, 0.000000000000000000, 1.000000000000000000 ) ) ;
#5773 = ORIENTED_EDGE ( 'NONE', *, *, #10509, .T. ) ;
#5774 = EDGE_CURVE ( 'NONE', #9109, #9708, #11592, .T. ) ;
#5775 = DIRECTION ( 'NONE',  ( 0.000000000000000000, 0.000000000000000000, -1.000000000000000000 ) ) ;
#5776 = CARTESIAN_POINT ( 'NONE',  ( 6.465462857231999649, 5.890000000000000568, -0.4500000000000000111 ) ) ;
#5777 = EDGE_LOOP ( 'NONE', ( #1340, #7268, #8617, #1922, #5514, #7674 ) ) ;
#5778 = ADVANCED_FACE ( 'NONE', ( #11527 ), #4442, .T. ) ;
#5779 = CARTESIAN_POINT ( 'NONE',  ( 15.11546285723200000, 43.65430061165999831, -0.5000000000000000000 ) ) ;
#5780 = DIRECTION ( 'NONE',  ( 1.000000000000000000, 0.000000000000000000, 0.000000000000000000 ) ) ;
#5781 = CIRCLE ( 'NONE', #8962, 0.1000000000000002692 ) ;
#5782 = EDGE_CURVE ( 'NONE', #8755, #1481, #818, .T. ) ;
#5783 = EDGE_CURVE ( 'NONE', #4504, #5508, #6924, .T. ) ;
#5784 = VERTEX_POINT ( 'NONE', #9844 ) ;
#5785 = CARTESIAN_POINT ( 'NONE',  ( 14.78046285723200093, 3.700000000000000178, -11.64432666501200053 ) ) ;
#5786 = LINE ( 'NONE', #2960, #10463 ) ;
#5787 = CIRCLE ( 'NONE', #5216, 1.210040583881000220 ) ;
#5788 = CARTESIAN_POINT ( 'NONE',  ( 13.87392848543099966, 0.5000000000000000000, -11.03266418667999993 ) ) ;
#5789 = DIRECTION ( 'NONE',  ( 0.000000000000000000, 0.000000000000000000, -1.000000000000000000 ) ) ;
#5790 = VECTOR ( 'NONE', #4512, 1000.000000000000227 ) ;
#5791 = EDGE_CURVE ( 'NONE', #6481, #8109, #9239, .T. ) ;
#5792 = EDGE_CURVE ( 'NONE', #1917, #7369, #7524, .T. ) ;
#5793 = PLANE ( 'NONE',  #5619 ) ;
#5794 = EDGE_CURVE ( 'NONE', #9577, #1378, #4365, .T. ) ;
#5795 = ORIENTED_EDGE ( 'NONE', *, *, #6650, .F. ) ;
#5796 = DIRECTION ( 'NONE',  ( 1.000000000000000000, 0.000000000000000000, 0.000000000000000000 ) ) ;
#5797 = DIRECTION ( 'NONE',  ( 1.000000000000000000, 0.000000000000000000, 0.000000000000000000 ) ) ;
#5798 = EDGE_LOOP ( 'NONE', ( #6971, #2609, #9326, #1437 ) ) ;
#5799 = VECTOR ( 'NONE', #11494, 1000.000000000000227 ) ;
#5800 = EDGE_CURVE ( 'NONE', #419, #5614, #1590, .T. ) ;
#5801 = VERTEX_POINT ( 'NONE', #2569 ) ;
#5802 = VERTEX_POINT ( 'NONE', #1695 ) ;
#5803 = VECTOR ( 'NONE', #11246, 1000.000000000000000 ) ;
#5804 = ORIENTED_EDGE ( 'NONE', *, *, #9799, .F. ) ;
#5805 = VECTOR ( 'NONE', #8521, 1000.000000000000000 ) ;
#5806 = DIRECTION ( 'NONE',  ( -0.7071067811865442421, 0.7071067811865507924, 0.000000000000000000 ) ) ;
#5807 = ORIENTED_EDGE ( 'NONE', *, *, #9091, .T. ) ;
#5808 = CARTESIAN_POINT ( 'NONE',  ( 3.665462857232000271, 7.649999999999999467, -9.799999999999998934 ) ) ;
#5809 = CARTESIAN_POINT ( 'NONE',  ( 3.750462857232000236, 4.000000000000000000, -12.36784087202799931 ) ) ;
#5810 = AXIS2_PLACEMENT_3D ( 'NONE', #4704, #8281, #5345 ) ;
#5811 = LINE ( 'NONE', #8615, #9169 ) ;
#5812 = VERTEX_POINT ( 'NONE', #3490 ) ;
#5813 = DIRECTION ( 'NONE',  ( -1.000000000000000000, 0.000000000000000000, 0.000000000000000000 ) ) ;
#5814 = AXIS2_PLACEMENT_3D ( 'NONE', #11121, #5911, #6847 ) ;
#5815 = AXIS2_PLACEMENT_3D ( 'NONE', #10693, #3646, #7237 ) ;
#5816 = DIRECTION ( 'NONE',  ( 1.000000000000000000, 0.000000000000000000, 0.000000000000000000 ) ) ;
#5817 = B_SPLINE_CURVE_WITH_KNOTS ( 'NONE', 3,
 ( #3880, #3077, #9119, #5721, #7411, #10045, #1081, #9297 ),
 .UNSPECIFIED., .F., .F.,
 ( 4, 2, 2, 4 ),
 ( 0.000000000000000000, 0.2500000000000043299, 0.5000000000000086597, 1.000000000000000000 ),
 .UNSPECIFIED. ) ;
#5818 = DIRECTION ( 'NONE',  ( 1.000000000000000000, 0.000000000000000000, 0.000000000000000000 ) ) ;
#5819 = ORIENTED_EDGE ( 'NONE', *, *, #8310, .F. ) ;
#5820 = CIRCLE ( 'NONE', #7296, 1.574999999999999289 ) ;
#5821 = ORIENTED_EDGE ( 'NONE', *, *, #3203, .T. ) ;
#5822 = CIRCLE ( 'NONE', #5630, 0.1999999999999996503 ) ;
#5823 = CARTESIAN_POINT ( 'NONE',  ( 13.79042227335100002, 3.600000000000000089, -9.259959416120000952 ) ) ;
#5824 = CARTESIAN_POINT ( 'NONE',  ( 13.46546285723199965, 6.400000000000000355, -0.2000000000000000111 ) ) ;
#5825 = CARTESIAN_POINT ( 'NONE',  ( 13.25927305112529808, 17.10000000000000142, -17.20687288244410240 ) ) ;
#5826 = LINE ( 'NONE', #5706, #3546 ) ;
#5827 = DIRECTION ( 'NONE',  ( 0.000000000000000000, 1.000000000000000000, 0.000000000000000000 ) ) ;
#5828 = LINE ( 'NONE', #4173, #2078 ) ;
#5829 = ORIENTED_EDGE ( 'NONE', *, *, #2678, .F. ) ;
#5830 = AXIS2_PLACEMENT_3D ( 'NONE', #3932, #5650, #1195 ) ;
#5831 = VECTOR ( 'NONE', #7160, 1000.000000000000000 ) ;
#5832 = CYLINDRICAL_SURFACE ( 'NONE', #9588, 0.1999999999999996503 ) ;
#5833 = ORIENTED_EDGE ( 'NONE', *, *, #4977, .F. ) ;
#5834 = CARTESIAN_POINT ( 'NONE',  ( 14.78046285723200093, 4.000000000000000000, -11.64432666501200053 ) ) ;
#5835 = EDGE_LOOP ( 'NONE', ( #5795, #2218, #4750, #10025, #648, #5807 ) ) ;
#5836 = DIRECTION ( 'NONE',  ( 0.1577384316472046910, 0.000000000000000000, 0.9874809300343374563 ) ) ;
#5837 = FACE_OUTER_BOUND ( 'NONE', #8043, .T. ) ;
#5838 = B_SPLINE_CURVE_WITH_KNOTS ( 'NONE', 3,
 ( #4422, #11561, #9823, #9008 ),
 .UNSPECIFIED., .F., .F.,
 ( 4, 4 ),
 ( 0.000000000000000000, 1.000000000000000000 ),
 .UNSPECIFIED. ) ;
#5839 = VECTOR ( 'NONE', #6322, 1000.000000000000000 ) ;
#5840 = VECTOR ( 'NONE', #6790, 1000.000000000000000 ) ;
#5841 = CARTESIAN_POINT ( 'NONE',  ( 7.485462857232000111, 4.000000000000000000, -17.32499999999999929 ) ) ;
#5842 = DIRECTION ( 'NONE',  ( 0.000000000000000000, -1.000000000000000000, 0.000000000000000000 ) ) ;
#5843 = DIRECTION ( 'NONE',  ( -1.000000000000000000, 0.000000000000000000, 0.000000000000000000 ) ) ;
#5844 = ORIENTED_EDGE ( 'NONE', *, *, #7515, .T. ) ;
#5845 = FACE_OUTER_BOUND ( 'NONE', #11127, .T. ) ;
#5846 = EDGE_CURVE ( 'NONE', #4234, #419, #5162, .T. ) ;
#5847 = CARTESIAN_POINT ( 'NONE',  ( 3.750462857232000236, 4.000000000000000000, -9.232159127970000156 ) ) ;
#5848 = EDGE_CURVE ( 'NONE', #9969, #8223, #698, .T. ) ;
#5849 = AXIS2_PLACEMENT_3D ( 'NONE', #6359, #5351, #8161 ) ;
#5850 = ORIENTED_EDGE ( 'NONE', *, *, #4497, .T. ) ;
#5851 = CIRCLE ( 'NONE', #7924, 0.09999999999999982514 ) ;
#5852 = CARTESIAN_POINT ( 'NONE',  ( 1.470133353637004481, 4.137926765398999507, -14.07578860998699888 ) ) ;
#5853 = ADVANCED_FACE ( 'NONE', ( #9674 ), #2522, .T. ) ;
#5854 = AXIS2_PLACEMENT_3D ( 'NONE', #10829, #8965, #9034 ) ;
#5855 = CARTESIAN_POINT ( 'NONE',  ( 3.665462857232000271, 14.44999999999999929, -9.799999999999998934 ) ) ;
#5856 = CARTESIAN_POINT ( 'NONE',  ( 1.650462857231999925, 4.343779418383999946, -13.79216165813900119 ) ) ;
#5857 = DIRECTION ( 'NONE',  ( 1.000000000000000000, 0.000000000000000000, 0.000000000000000000 ) ) ;
#5858 = DIRECTION ( 'NONE',  ( 0.000000000000000000, 0.000000000000000000, -1.000000000000000000 ) ) ;
#5859 = VERTEX_POINT ( 'NONE', #5215 ) ;
#5860 = VECTOR ( 'NONE', #6482, 1000.000000000000000 ) ;
#5861 = DIRECTION ( 'NONE',  ( -1.000000000000000000, 0.000000000000000000, 0.000000000000000000 ) ) ;
#5862 = PLANE ( 'NONE',  #954 ) ;
#5863 = AXIS2_PLACEMENT_3D ( 'NONE', #11427, #9511, #533 ) ;
#5864 = ORIENTED_EDGE ( 'NONE', *, *, #8372, .T. ) ;
#5865 = VECTOR ( 'NONE', #8390, 1000.000000000000000 ) ;
#5866 = ORIENTED_EDGE ( 'NONE', *, *, #6787, .T. ) ;
#5867 = ORIENTED_EDGE ( 'NONE', *, *, #7788, .F. ) ;
#5868 = VERTEX_POINT ( 'NONE', #9794 ) ;
#5869 = ADVANCED_FACE ( 'NONE', ( #1752 ), #5274, .F. ) ;
#5870 = ADVANCED_FACE ( 'NONE', ( #3441 ), #10602, .F. ) ;
#5871 = LINE ( 'NONE', #11008, #5971 ) ;
#5872 = ORIENTED_EDGE ( 'NONE', *, *, #2535, .F. ) ;
#5874 = LINE ( 'NONE', #3047, #4344 ) ;
#5873 = VECTOR ( 'NONE', #9049, 1000.000000000000000 ) ;
#5875 = CARTESIAN_POINT ( 'NONE',  ( 17.53971789399400905, 0.8726037446620126259, -13.56903304250099040 ) ) ;
#5876 = PRESENTATION_LAYER_ASSIGNMENT (  '', '', ( #9423 ) ) ;
#5877 = VECTOR ( 'NONE', #667, 1000.000000000000000 ) ;
#5878 = CARTESIAN_POINT ( 'NONE',  ( 1.470133353637002482, 0.5132749212099937397, -13.70998360655599946 ) ) ;
#5879 = ORIENTED_EDGE ( 'NONE', *, *, #11155, .T. ) ;
#5880 = CARTESIAN_POINT ( 'NONE',  ( 3.465462857232000093, 9.679999999999999716, 0.000000000000000000 ) ) ;
#5881 = LINE ( 'NONE', #475, #208 ) ;
#5882 = ORIENTED_EDGE ( 'NONE', *, *, #8152, .F. ) ;
#5883 = VECTOR ( 'NONE', #8260, 1000.000000000000000 ) ;
#5884 = DIRECTION ( 'NONE',  ( 0.000000000000000000, -1.000000000000000000, 0.000000000000000000 ) ) ;
#5885 = ORIENTED_EDGE ( 'NONE', *, *, #11301, .T. ) ;
#5886 = EDGE_CURVE ( 'NONE', #3264, #6974, #4754, .T. ) ;
#5887 = ADVANCED_FACE ( 'NONE', ( #2108 ), #10775, .T. ) ;
#5888 = ORIENTED_EDGE ( 'NONE', *, *, #1261, .F. ) ;
#5889 = DIRECTION ( 'NONE',  ( 0.000000000000000000, 0.000000000000000000, 1.000000000000000000 ) ) ;
#5890 = B_SPLINE_SURFACE_WITH_KNOTS ( 'NONE', 3, 1, ( 
 ( #6011, #5173 ),
 ( #7763, #3346 ),
 ( #5900, #11324 ),
 ( #661, #7876 ) ),
 .UNSPECIFIED., .F., .F., .F.,
 ( 4, 4 ),
 ( 2, 2 ),
 ( 0.08408729371430739841, 0.9284231949583239274 ),
 ( 0.000000000000000000, 1.000000000000000000 ),
 .UNSPECIFIED. ) ;
#5891 = LINE ( 'NONE', #11315, #156 ) ;
#5892 = CARTESIAN_POINT ( 'NONE',  ( 15.56546285723199929, 14.55000000000000071, -0.2500000000000000000 ) ) ;
#5893 = PLANE ( 'NONE',  #10314 ) ;
#5894 = ORIENTED_EDGE ( 'NONE', *, *, #4694, .T. ) ;
#5895 = CARTESIAN_POINT ( 'NONE',  ( 16.22783201400199715, 6.915000000000000036, 27.70149999999999935 ) ) ;
#5896 = ORIENTED_EDGE ( 'NONE', *, *, #5800, .T. ) ;
#5897 = VERTEX_POINT ( 'NONE', #10957 ) ;
#5898 = CARTESIAN_POINT ( 'NONE',  ( 1.500462857232000013, 0.7900000000000000355, -13.85886898516099919 ) ) ;
#5899 = CARTESIAN_POINT ( 'NONE',  ( 12.92883285258800008, 17.10000000000000142, -17.64999999999999858 ) ) ;
#5900 = CARTESIAN_POINT ( 'NONE',  ( 15.36017068696845023, 17.10000000000000142, -17.07548742582395107 ) ) ;
#5901 = CARTESIAN_POINT ( 'NONE',  ( 11.64546285723199937, 4.349999999999999645, -0.2500000000000000000 ) ) ;
#5902 = DIRECTION ( 'NONE',  ( 0.000000000000000000, -1.000000000000000000, 0.000000000000000000 ) ) ;
#5903 = ORIENTED_EDGE ( 'NONE', *, *, #6493, .T. ) ;
#5904 = DIRECTION ( 'NONE',  ( -1.000000000000000000, 0.000000000000000000, 0.000000000000000000 ) ) ;
#5905 = PLANE ( 'NONE',  #8287 ) ;
#5906 = VERTEX_POINT ( 'NONE', #2740 ) ;
#5907 = CARTESIAN_POINT ( 'NONE',  ( 13.62744035248599950, 17.30000000000000071, -16.48871840685599821 ) ) ;
#5908 = CARTESIAN_POINT ( 'NONE',  ( 15.77351746730299986, 17.30000000000000071, -17.32506086918699850 ) ) ;
#5909 = DIRECTION ( 'NONE',  ( 0.000000000000000000, 0.000000000000000000, -1.000000000000000000 ) ) ;
#5910 = CARTESIAN_POINT ( 'NONE',  ( 11.64546285723199937, 4.750000000000000000, -9.799999999999998934 ) ) ;
#5911 = DIRECTION ( 'NONE',  ( 0.000000000000000000, -1.000000000000000000, 0.000000000000000000 ) ) ;
#5912 = ORIENTED_EDGE ( 'NONE', *, *, #8873, .F. ) ;
#5913 = DIRECTION ( 'NONE',  ( 0.000000000000000000, 0.000000000000000000, -1.000000000000000000 ) ) ;
#5914 = DIRECTION ( 'NONE',  ( 0.000000000000000000, -1.000000000000000000, 0.000000000000000000 ) ) ;
#5915 = ORIENTED_EDGE ( 'NONE', *, *, #5886, .F. ) ;
#5916 = ORIENTED_EDGE ( 'NONE', *, *, #2680, .F. ) ;
#5917 = EDGE_LOOP ( 'NONE', ( #4149, #9317, #4617, #10103, #10336, #631, #3208 ) ) ;
#5918 = EDGE_LOOP ( 'NONE', ( #10414, #7786, #5121, #4436 ) ) ;
#5919 = DIRECTION ( 'NONE',  ( -0.9805806756909163369, -0.1961161351382035567, 0.000000000000000000 ) ) ;
#5920 = EDGE_LOOP ( 'NONE', ( #2974, #10510, #6749, #10756 ) ) ;
#5921 = LINE ( 'NONE', #10137, #6410 ) ;
#5922 = EDGE_CURVE ( 'NONE', #7612, #3067, #5695, .T. ) ;
#5923 = LINE ( 'NONE', #4929, #4334 ) ;
#5924 = EDGE_CURVE ( 'NONE', #1121, #32, #5564, .T. ) ;
#5925 = DIRECTION ( 'NONE',  ( 0.001485959642858818066, 0.000000000000000000, -0.9999988959613604900 ) ) ;
#5926 = ORIENTED_EDGE ( 'NONE', *, *, #5280, .T. ) ;
#5927 = DIRECTION ( 'NONE',  ( 1.000000000000000000, 0.000000000000000000, 0.000000000000000000 ) ) ;
#5928 = EDGE_CURVE ( 'NONE', #5439, #10131, #3799, .T. ) ;
#5929 = EDGE_CURVE ( 'NONE', #8944, #306, #2873, .T. ) ;
#5930 = CARTESIAN_POINT ( 'NONE',  ( 13.74050917796599869, 17.10000000000000142, -17.32506086918699850 ) ) ;
#5931 = VERTEX_POINT ( 'NONE', #1984 ) ;
#5932 = DIRECTION ( 'NONE',  ( 1.000000000000000000, 0.000000000000000000, 0.000000000000000000 ) ) ;
#5933 = VERTEX_POINT ( 'NONE', #8190 ) ;
#5934 = EDGE_CURVE ( 'NONE', #2881, #8480, #11103, .T. ) ;
#5935 = ORIENTED_EDGE ( 'NONE', *, *, #6584, .F. ) ;
#5936 = DIRECTION ( 'NONE',  ( 0.5952796368918239489, 0.000000000000000000, 0.8035186083109328026 ) ) ;
#5937 = LINE ( 'NONE', #8691, #7661 ) ;
#5938 = LINE ( 'NONE', #10437, #3907 ) ;
#5939 = EDGE_CURVE ( 'NONE', #7466, #1268, #7323, .T. ) ;
#5940 = EDGE_CURVE ( 'NONE', #1172, #678, #7274, .T. ) ;
#5941 = DIRECTION ( 'NONE',  ( 0.000000000000000000, -1.000000000000000000, 0.000000000000000000 ) ) ;
#5942 = CARTESIAN_POINT ( 'NONE',  ( 15.22228778575400021, 17.30000000000000071, -17.64999999999999858 ) ) ;
#5943 = EDGE_CURVE ( 'NONE', #1243, #523, #2462, .T. ) ;
#5944 = FACE_OUTER_BOUND ( 'NONE', #7767, .T. ) ;
#5945 = CARTESIAN_POINT ( 'NONE',  ( 4.450462857231999081, 4.000000000000000000, -14.75000000000000000 ) ) ;
#5946 = VERTEX_POINT ( 'NONE', #6514 ) ;
#5947 = EDGE_CURVE ( 'NONE', #956, #3758, #995, .T. ) ;
#5948 = ORIENTED_EDGE ( 'NONE', *, *, #2683, .T. ) ;
#5949 = DIRECTION ( 'NONE',  ( 1.000000000000000000, 0.000000000000000000, 0.000000000000000000 ) ) ;
#5950 = CYLINDRICAL_SURFACE ( 'NONE', #4635, 0.1000000000000002692 ) ;
#5951 = DIRECTION ( 'NONE',  ( 0.000000000000000000, -1.000000000000000000, 0.000000000000000000 ) ) ;
#5952 = CARTESIAN_POINT ( 'NONE',  ( 12.90278829310899944, 17.10000000000000142, -16.65417823791499785 ) ) ;
#5953 = PLANE ( 'NONE',  #3929 ) ;
#5954 = ORIENTED_EDGE ( 'NONE', *, *, #4935, .T. ) ;
#5955 = DIRECTION ( 'NONE',  ( 0.000000000000000000, -1.000000000000000000, 0.000000000000000000 ) ) ;
#5956 = LINE ( 'NONE', #9529, #7546 ) ;
#5957 = VERTEX_POINT ( 'NONE', #5628 ) ;
#5958 = DIRECTION ( 'NONE',  ( -1.000000000000000000, 0.000000000000000000, 0.000000000000000000 ) ) ;
#5959 = LINE ( 'NONE', #11223, #8411 ) ;
#5960 = CARTESIAN_POINT ( 'NONE',  ( 7.485462857232000111, 4.000000000000000000, -16.97500000000000142 ) ) ;
#5961 = CARTESIAN_POINT ( 'NONE',  ( 4.493457275375999593, 17.30000000000000071, -17.64999999999999858 ) ) ;
#5962 = CARTESIAN_POINT ( 'NONE',  ( 6.265462857232000360, 7.450000000000000178, -0.2500000000000000000 ) ) ;
#5963 = ORIENTED_EDGE ( 'NONE', *, *, #11579, .F. ) ;
#5964 = AXIS2_PLACEMENT_3D ( 'NONE', #8887, #846, #4420 ) ;
#5965 = CARTESIAN_POINT ( 'NONE',  ( 12.61170228694399853, 17.30000000000000071, -16.65417823791499785 ) ) ;
#5966 = FACE_OUTER_BOUND ( 'NONE', #5032, .T. ) ;
#5967 = ORIENTED_EDGE ( 'NONE', *, *, #5764, .F. ) ;
#5968 = VERTEX_POINT ( 'NONE', #9035 ) ;
#5969 = VERTEX_POINT ( 'NONE', #10074 ) ;
#5970 = EDGE_LOOP ( 'NONE', ( #3819, #3847, #7668, #8443 ) ) ;
#5971 = VECTOR ( 'NONE', #8382, 1000.000000000000000 ) ;
#5972 = DIRECTION ( 'NONE',  ( 1.000000000000000000, 0.000000000000000000, 0.000000000000000000 ) ) ;
#5973 = AXIS2_PLACEMENT_3D ( 'NONE', #9193, #3602, #2729 ) ;
#5974 = ORIENTED_EDGE ( 'NONE', *, *, #7931, .F. ) ;
#5975 = DIRECTION ( 'NONE',  ( 0.03174603174602052408, 0.000000000000000000, 0.9994959677099155559 ) ) ;
#5976 = DIRECTION ( 'NONE',  ( 0.000000000000000000, 0.000000000000000000, -1.000000000000000000 ) ) ;
#5977 = CYLINDRICAL_SURFACE ( 'NONE', #4299, 1.574999999999999956 ) ;
#5978 = ORIENTED_EDGE ( 'NONE', *, *, #11218, .F. ) ;
#5979 = CARTESIAN_POINT ( 'NONE',  ( 10.47546285723199944, 4.000000000000000000, -16.97500000000000142 ) ) ;
#5980 = VECTOR ( 'NONE', #6024, 1000.000000000000000 ) ;
#5981 = DIRECTION ( 'NONE',  ( 0.000000000000000000, -1.000000000000000000, 0.000000000000000000 ) ) ;
#5982 = ORIENTED_EDGE ( 'NONE', *, *, #3473, .T. ) ;
#5983 = AXIS2_PLACEMENT_3D ( 'NONE', #4724, #8302, #3522 ) ;
#5984 = AXIS2_PLACEMENT_3D ( 'NONE', #3503, #2756, #9684 ) ;
#5985 = EDGE_CURVE ( 'NONE', #4594, #738, #10897, .T. ) ;
#5986 = DIRECTION ( 'NONE',  ( 0.000000000000000000, 1.000000000000000000, -1.794541526872557203E-14 ) ) ;
#5987 = EDGE_CURVE ( 'NONE', #5968, #5969, #5851, .T. ) ;
#5988 = ORIENTED_EDGE ( 'NONE', *, *, #2041, .T. ) ;
#5989 = ORIENTED_EDGE ( 'NONE', *, *, #3061, .T. ) ;
#5990 = VECTOR ( 'NONE', #893, 1000.000000000000000 ) ;
#5991 = EDGE_CURVE ( 'NONE', #10591, #2402, #11011, .T. ) ;
#5992 = CARTESIAN_POINT ( 'NONE',  ( 14.28546285723199993, 0.5000000000000000000, -19.86500000000000199 ) ) ;
#5993 = AXIS2_PLACEMENT_3D ( 'NONE', #9715, #8732, #3434 ) ;
#5994 = VECTOR ( 'NONE', #10317, 1000.000000000000000 ) ;
#5995 = CARTESIAN_POINT ( 'NONE',  ( 10.27228726123319902, 17.10000000000000142, -15.45000000000000107 ) ) ;
#5996 = ORIENTED_EDGE ( 'NONE', *, *, #695, .T. ) ;
#5997 = PLANE ( 'NONE',  #2036 ) ;
#5998 = DIRECTION ( 'NONE',  ( -0.9874809300343374563, 0.000000000000000000, -0.1577384316472053571 ) ) ;
#5999 = CARTESIAN_POINT ( 'NONE',  ( 3.465462857232000093, 14.75000000000000000, 0.000000000000000000 ) ) ;
#6000 = LINE ( 'NONE', #4398, #3220 ) ;
#6001 = AXIS2_PLACEMENT_3D ( 'NONE', #3122, #3384, #2246 ) ;
#6002 = DIRECTION ( 'NONE',  ( 0.000000000000000000, 0.000000000000000000, -1.000000000000000000 ) ) ;
#6003 = VECTOR ( 'NONE', #4655, 1000.000000000000000 ) ;
#6004 = CIRCLE ( 'NONE', #11236, 0.1999999999999987899 ) ;
#6005 = ORIENTED_EDGE ( 'NONE', *, *, #7213, .F. ) ;
#6006 = EDGE_CURVE ( 'NONE', #1121, #10768, #59, .T. ) ;
#6007 = EDGE_CURVE ( 'NONE', #10417, #2554, #7257, .T. ) ;
#6008 = EDGE_CURVE ( 'NONE', #9595, #2722, #9024, .T. ) ;
#6009 = ORIENTED_EDGE ( 'NONE', *, *, #7288, .T. ) ;
#6010 = CARTESIAN_POINT ( 'NONE',  ( 10.02546285723200015, 4.000000000000000000, -16.97500000000000142 ) ) ;
#6011 = CARTESIAN_POINT ( 'NONE',  ( 15.29228168308570091, 17.10000000000000142, -17.20687312103860123 ) ) ;
#6012 = AXIS2_PLACEMENT_3D ( 'NONE', #3348, #833, #7764 ) ;
#6013 = AXIS2_PLACEMENT_3D ( 'NONE', #5282, #8145, #5450 ) ;
#6014 = LINE ( 'NONE', #1552, #10493 ) ;
#6015 = FACE_OUTER_BOUND ( 'NONE', #2393, .T. ) ;
#6016 = CARTESIAN_POINT ( 'NONE',  ( 17.50380684680856191, 4.076651723367527680, -0.05853458392722143272 ) ) ;
#6017 = ORIENTED_EDGE ( 'NONE', *, *, #8861, .F. ) ;
#6018 = CARTESIAN_POINT ( 'NONE',  ( 15.56546285723199929, 14.44999999999999929, -0.4500000000000000111 ) ) ;
#6019 = CARTESIAN_POINT ( 'NONE',  ( 13.01546285723199858, 4.000000000000000000, -16.97500000000000142 ) ) ;
#6020 = VERTEX_POINT ( 'NONE', #5746 ) ;
#6021 = AXIS2_PLACEMENT_3D ( 'NONE', #4916, #10363, #8431 ) ;
#6022 = DIRECTION ( 'NONE',  ( 0.000000000000000000, -1.000000000000000000, 0.000000000000000000 ) ) ;
#6023 = EDGE_CURVE ( 'NONE', #8863, #1172, #8231, .T. ) ;
#6024 = DIRECTION ( 'NONE',  ( 0.000000000000000000, -1.000000000000000000, 0.000000000000000000 ) ) ;
#6025 = CARTESIAN_POINT ( 'NONE',  ( 6.315462857232000182, 0.000000000000000000, -19.86500000000000199 ) ) ;
#6026 = CARTESIAN_POINT ( 'NONE',  ( 7.010588299974999771, 17.30000000000000071, -15.45000000000000107 ) ) ;
#6027 = CARTESIAN_POINT ( 'NONE',  ( 1.650462857231999925, 4.343779418383999946, -13.84113101483900188 ) ) ;
#6028 = ORIENTED_EDGE ( 'NONE', *, *, #7633, .T. ) ;
#6029 = AXIS2_PLACEMENT_3D ( 'NONE', #2380, #1509, #1449 ) ;
#6030 = VECTOR ( 'NONE', #2263, 1000.000000000000000 ) ;
#6031 = CARTESIAN_POINT ( 'NONE',  ( 13.79042227335100002, 0.4000000000000000222, -12.34004058388099878 ) ) ;
#6032 = CARTESIAN_POINT ( 'NONE',  ( 15.84888881419600004, 17.10000000000000142, -17.11378834247599912 ) ) ;
#6033 = ORIENTED_EDGE ( 'NONE', *, *, #606, .F. ) ;
#6034 = ORIENTED_EDGE ( 'NONE', *, *, #613, .T. ) ;
#6035 = ORIENTED_EDGE ( 'NONE', *, *, #9314, .F. ) ;
#6036 = VECTOR ( 'NONE', #5133, 1000.000000000000000 ) ;
#6037 = VECTOR ( 'NONE', #10840, 1000.000000000000227 ) ;
#6038 = ORIENTED_EDGE ( 'NONE', *, *, #6272, .T. ) ;
#6039 = CARTESIAN_POINT ( 'NONE',  ( 6.604599439844999864, 17.30000000000000071, -17.64999999999999858 ) ) ;
#6040 = ORIENTED_EDGE ( 'NONE', *, *, #5264, .F. ) ;
#6041 = PLANE ( 'NONE',  #5489 ) ;
#6042 = AXIS2_PLACEMENT_3D ( 'NONE', #8640, #1545, #6714 ) ;
#6043 = LINE ( 'NONE', #216, #7283 ) ;
#6044 = ORIENTED_EDGE ( 'NONE', *, *, #3605, .F. ) ;
#6045 = CIRCLE ( 'NONE', #421, 0.1499999999999999667 ) ;
#6046 = VECTOR ( 'NONE', #1910, 1000.000000000000000 ) ;
#6047 = DIRECTION ( 'NONE',  ( -1.000000000000000000, 0.000000000000000000, 0.000000000000000000 ) ) ;
#6048 = ORIENTED_EDGE ( 'NONE', *, *, #9582, .F. ) ;
#6049 = FACE_OUTER_BOUND ( 'NONE', #7353, .T. ) ;
#6050 = ORIENTED_EDGE ( 'NONE', *, *, #6996, .T. ) ;
#6051 = AXIS2_PLACEMENT_3D ( 'NONE', #6590, #10153, #3680 ) ;
#6052 = VECTOR ( 'NONE', #75, 1000.000000000000000 ) ;
#6053 = CARTESIAN_POINT ( 'NONE',  ( 1.650462857231999925, 0.5999999999999999778, -14.47000000000000064 ) ) ;
#6054 = DIRECTION ( 'NONE',  ( 0.000000000000000000, 0.000000000000000000, -1.000000000000000000 ) ) ;
#6055 = CARTESIAN_POINT ( 'NONE',  ( 4.493457275375999593, 17.30000000000000071, -15.80389970838999858 ) ) ;
#6056 = VERTEX_POINT ( 'NONE', #1457 ) ;
#6057 = LINE ( 'NONE', #2302, #5805 ) ;
#6058 = VECTOR ( 'NONE', #7841, 1000.000000000000000 ) ;
#6059 = DIRECTION ( 'NONE',  ( 0.9999988959613603789, 0.000000000000000000, 0.001485959642861572156 ) ) ;
#6060 = CARTESIAN_POINT ( 'NONE',  ( 14.64471057628099970, 17.30000000000000071, -15.45000000000000107 ) ) ;
#6061 = CIRCLE ( 'NONE', #1734, 1.574999999999999289 ) ;
#6062 = VECTOR ( 'NONE', #3939, 1000.000000000000000 ) ;
#6063 = DIRECTION ( 'NONE',  ( 0.000000000000000000, -1.000000000000000000, 0.000000000000000000 ) ) ;
#6064 = DIRECTION ( 'NONE',  ( 0.000000000000000000, 0.000000000000000000, 1.000000000000000000 ) ) ;
#6065 = ORIENTED_EDGE ( 'NONE', *, *, #2615, .F. ) ;
#6066 = ORIENTED_EDGE ( 'NONE', *, *, #11431, .T. ) ;
#6067 = DIRECTION ( 'NONE',  ( 0.000000000000000000, 1.000000000000000000, 0.000000000000000000 ) ) ;
#6068 = ADVANCED_FACE ( 'NONE', ( #11243 ), #3360, .T. ) ;
#6069 = CARTESIAN_POINT ( 'NONE',  ( 5.395462857232000253, 0.5000000000000000000, -17.32499999999999929 ) ) ;
#6070 = EDGE_CURVE ( 'NONE', #11205, #1648, #407, .T. ) ;
#6071 = PLANE ( 'NONE',  #6012 ) ;
#6072 = DIRECTION ( 'NONE',  ( 0.000000000000000000, -1.000000000000000000, 0.000000000000000000 ) ) ;
#6073 = CARTESIAN_POINT ( 'NONE',  ( 9.615462857231998228, 0.000000000000000000, -21.25000000000000000 ) ) ;
#6074 = VERTEX_POINT ( 'NONE', #6814 ) ;
#6075 = CARTESIAN_POINT ( 'NONE',  ( 13.49399965535272017, 17.10000000000000142, -17.56236613193324914 ) ) ;
#6076 = EDGE_CURVE ( 'NONE', #9925, #7022, #2285, .T. ) ;
#6077 = EDGE_CURVE ( 'NONE', #8904, #1872, #5923, .T. ) ;
#6078 = CARTESIAN_POINT ( 'NONE',  ( 3.850462857231999880, 3.600000000000000089, -4.750000000000000000 ) ) ;
#6079 = ORIENTED_EDGE ( 'NONE', *, *, #6493, .F. ) ;
#6080 = DIRECTION ( 'NONE',  ( 0.000000000000000000, 0.000000000000000000, -1.000000000000000000 ) ) ;
#6081 = CARTESIAN_POINT ( 'NONE',  ( 4.133127043912000254, 3.600000000000000089, -9.343465628199998818 ) ) ;
#6082 = LINE ( 'NONE', #10464, #1094 ) ;
#6083 = CYLINDRICAL_SURFACE ( 'NONE', #197, 0.09999999999999982514 ) ;
#6084 = PLANE ( 'NONE',  #3359 ) ;
#6085 = VERTEX_POINT ( 'NONE', #10420 ) ;
#6086 = DIRECTION ( 'NONE',  ( 0.6728772455790030804, 0.000000000000000000, 0.7397541567183072431 ) ) ;
#6087 = ADVANCED_FACE ( 'NONE', ( #8614 ), #2220, .T. ) ;
#6088 = EDGE_CURVE ( 'NONE', #8624, #2619, #3981, .T. ) ;
#6089 = DIRECTION ( 'NONE',  ( -0.9999988959613604900, 0.000000000000000000, -0.001485959642858267291 ) ) ;
#6090 = ORIENTED_EDGE ( 'NONE', *, *, #7156, .F. ) ;
#6091 = ORIENTED_EDGE ( 'NONE', *, *, #7724, .T. ) ;
#6092 = VERTEX_POINT ( 'NONE', #5809 ) ;
#6093 = ORIENTED_EDGE ( 'NONE', *, *, #20, .F. ) ;
#6094 = PLANE ( 'NONE',  #5025 ) ;
#6095 = ORIENTED_EDGE ( 'NONE', *, *, #8580, .T. ) ;
#6096 = DIRECTION ( 'NONE',  ( -1.000000000000000000, 0.000000000000000000, 0.000000000000000000 ) ) ;
#6097 = DIRECTION ( 'NONE',  ( 0.9979663327133602158, 0.000000000000000000, 0.06374322529215788180 ) ) ;
#6098 = ORIENTED_EDGE ( 'NONE', *, *, #5204, .T. ) ;
#6099 = CARTESIAN_POINT ( 'NONE',  ( 5.406549179301000763, 17.10000000000000142, -15.45000000000000107 ) ) ;
#6100 = VERTEX_POINT ( 'NONE', #343 ) ;
#6101 = PLANE ( 'NONE',  #11265 ) ;
#6102 = VERTEX_POINT ( 'NONE', #3101 ) ;
#6103 = CARTESIAN_POINT ( 'NONE',  ( 7.850378062680999136, 17.10000000000000142, -16.45207234292599807 ) ) ;
#6104 = DIRECTION ( 'NONE',  ( -0.000000000000000000, 1.000000000000000000, 0.000000000000000000 ) ) ;
#6105 = LINE ( 'NONE', #5277, #5790 ) ;
#6106 = ORIENTED_EDGE ( 'NONE', *, *, #4009, .F. ) ;
#6107 = CARTESIAN_POINT ( 'NONE',  ( 1.880462857232000129, 4.000000000000000000, -21.25000000000000000 ) ) ;
#6108 = FACE_OUTER_BOUND ( 'NONE', #6403, .T. ) ;
#6109 = CARTESIAN_POINT ( 'NONE',  ( 13.25927306016670038, 17.10000000000000142, -17.20687287079725181 ) ) ;
#6110 = CARTESIAN_POINT ( 'NONE',  ( 13.81588052485926177, 17.10000000000000142, -16.99122562474065035 ) ) ;
#6111 = DIRECTION ( 'NONE',  ( 0.000000000000000000, 0.000000000000000000, 1.000000000000000000 ) ) ;
#6112 = VERTEX_POINT ( 'NONE', #8508 ) ;
#6113 = DIRECTION ( 'NONE',  ( 0.000000000000000000, -1.000000000000000000, 0.000000000000000000 ) ) ;
#6114 = PLANE ( 'NONE',  #5984 ) ;
#6115 = CARTESIAN_POINT ( 'NONE',  ( 13.32716239665499813, 17.10000000000000142, -17.07566846691338469 ) ) ;
#6116 = CARTESIAN_POINT ( 'NONE',  ( 15.56546285723199929, 7.649999999999999467, -0.4500000000000000111 ) ) ;
#6117 = CARTESIAN_POINT ( 'NONE',  ( 17.50968525920533736, 4.070767318695329706, -0.06398483183851751133 ) ) ;
#6118 = ORIENTED_EDGE ( 'NONE', *, *, #8369, .F. ) ;
#6119 = PLANE ( 'NONE',  #5684 ) ;
#6120 = CARTESIAN_POINT ( 'NONE',  ( 10.47546285723199944, 0.5000000000000000000, -17.32499999999999929 ) ) ;
#6121 = VERTEX_POINT ( 'NONE', #2284 ) ;
#6122 = ADVANCED_FACE ( 'NONE', ( #4090 ), #7676, .F. ) ;
#6123 = EDGE_CURVE ( 'NONE', #7459, #5812, #3270, .T. ) ;
#6124 = LINE ( 'NONE', #7176, #10876 ) ;
#6125 = CARTESIAN_POINT ( 'NONE',  ( 10.99081109736899897, 17.30000000000000071, -16.10264624357199992 ) ) ;
#6126 = EDGE_CURVE ( 'NONE', #9269, #6257, #6626, .T. ) ;
#6127 = CARTESIAN_POINT ( 'NONE',  ( 4.148900887075999577, 3.600000000000000089, -12.35528246480399872 ) ) ;
#6128 = FACE_OUTER_BOUND ( 'NONE', #8383, .T. ) ;
#6129 = DIRECTION ( 'NONE',  ( 1.000000000000000000, 0.000000000000000000, 0.000000000000000000 ) ) ;
#6130 = VERTEX_POINT ( 'NONE', #470 ) ;
#6131 = DIRECTION ( 'NONE',  ( -0.9874809300343372342, 0.000000000000000000, 0.1577384316472059955 ) ) ;
#6133 = EDGE_CURVE ( 'NONE', #7751, #526, #4866, .T. ) ;
#6132 = DIRECTION ( 'NONE',  ( 1.000000000000000000, 0.000000000000000000, 0.000000000000000000 ) ) ;
#6134 = VERTEX_POINT ( 'NONE', #1582 ) ;
#6135 = ORIENTED_EDGE ( 'NONE', *, *, #5353, .F. ) ;
#6136 = ORIENTED_EDGE ( 'NONE', *, *, #2991, .F. ) ;
#6137 = ORIENTED_EDGE ( 'NONE', *, *, #3379, .T. ) ;
#6138 = B_SPLINE_CURVE_WITH_KNOTS ( 'NONE', 3,
 ( #4075, #7659, #11055, #11226, #3030, #10357, #388, #6624 ),
 .UNSPECIFIED., .F., .F.,
 ( 4, 2, 2, 4 ),
 ( 0.000000000000000000, 0.2499999999999961142, 0.4999999999999922284, 1.000000000000000000 ),
 .UNSPECIFIED. ) ;
#6139 = FACE_OUTER_BOUND ( 'NONE', #569, .T. ) ;
#6140 = EDGE_CURVE ( 'NONE', #11476, #5520, #10545, .T. ) ;
#6141 = ADVANCED_FACE ( 'NONE', ( #9833 ), #11471, .F. ) ;
#6142 = EDGE_CURVE ( 'NONE', #10742, #9764, #7792, .T. ) ;
#6143 = CARTESIAN_POINT ( 'NONE',  ( 13.45546285723199986, 0.000000000000000000, -6.490000000000000213 ) ) ;
#6144 = AXIS2_PLACEMENT_3D ( 'NONE', #10929, #8409, #5772 ) ;
#6145 = LINE ( 'NONE', #3482, #8608 ) ;
#6146 = VERTEX_POINT ( 'NONE', #11519 ) ;
#6147 = CARTESIAN_POINT ( 'NONE',  ( 17.51309741690490895, 17.23263455967290625, -21.01999999999999957 ) ) ;
#6148 = ORIENTED_EDGE ( 'NONE', *, *, #1610, .T. ) ;
#6149 = LINE ( 'NONE', #4270, #3399 ) ;
#6150 = AXIS2_PLACEMENT_3D ( 'NONE', #5856, #4965, #3088 ) ;
#6151 = VERTEX_POINT ( 'NONE', #7903 ) ;
#6152 = CARTESIAN_POINT ( 'NONE',  ( 11.81964114879099981, 17.30000000000000071, -16.10264624357199992 ) ) ;
#6153 = DIRECTION ( 'NONE',  ( 0.000000000000000000, 0.000000000000000000, -1.000000000000000000 ) ) ;
#6154 = VECTOR ( 'NONE', #4135, 1000.000000000000000 ) ;
#6155 = FACE_OUTER_BOUND ( 'NONE', #5835, .T. ) ;
#6156 = ORIENTED_EDGE ( 'NONE', *, *, #5700, .T. ) ;
#6157 = CARTESIAN_POINT ( 'NONE',  ( 10.99081109736899897, 17.30000000000000071, -16.10264624357199992 ) ) ;
#6158 = VECTOR ( 'NONE', #7969, 1000.000000000000000 ) ;
#6159 = CARTESIAN_POINT ( 'NONE',  ( 15.52700791496649835, 17.10000000000000142, -17.56236614689334985 ) ) ;
#6160 = CARTESIAN_POINT ( 'NONE',  ( 15.48046285723199844, 4.000000000000000000, -14.75000000000000000 ) ) ;
#6161 = LINE ( 'NONE', #3497, #10151 ) ;
#6162 = LINE ( 'NONE', #5054, #3995 ) ;
#6163 = AXIS2_PLACEMENT_3D ( 'NONE', #7532, #9176, #2142 ) ;
#6164 = VERTEX_POINT ( 'NONE', #3433 ) ;
#6165 = CIRCLE ( 'NONE', #6925, 1.210040583881000220 ) ;
#6166 = CIRCLE ( 'NONE', #1301, 0.2000000000000005107 ) ;
#6167 = CARTESIAN_POINT ( 'NONE',  ( 1.691207820469998513, 4.368287096707999417, -13.49401473673500718 ) ) ;
#6168 = DIRECTION ( 'NONE',  ( 0.000000000000000000, 0.000000000000000000, 1.000000000000000000 ) ) ;
#6169 = CARTESIAN_POINT ( 'NONE',  ( 2.803093700461999571, 4.750000000000000000, 0.000000000000000000 ) ) ;
#6170 = CYLINDRICAL_SURFACE ( 'NONE', #2042, 1.574999999999999956 ) ;
#6171 = AXIS2_PLACEMENT_3D ( 'NONE', #3311, #10643, #3267 ) ;
#6172 = PLANE ( 'NONE',  #6380 ) ;
#6173 = ORIENTED_EDGE ( 'NONE', *, *, #2736, .F. ) ;
#6174 = VECTOR ( 'NONE', #390, 1000.000000000000000 ) ;
#6175 = CIRCLE ( 'NONE', #1311, 0.1500000000000008271 ) ;
#6176 = DIRECTION ( 'NONE',  ( 0.000000000000000000, -1.000000000000000000, 0.000000000000000000 ) ) ;
#6177 = CARTESIAN_POINT ( 'NONE',  ( 15.38046285723200057, 3.600000000000000089, -12.37420614914300110 ) ) ;
#6178 = EDGE_LOOP ( 'NONE', ( #1515, #3524, #6821, #10862, #5722, #10596 ) ) ;
#6179 = DIRECTION ( 'NONE',  ( 0.000000000000000000, 1.000000000000000000, 0.000000000000000000 ) ) ;
#6180 = FACE_BOUND ( 'NONE', #9066, .T. ) ;
#6181 = DIRECTION ( 'NONE',  ( -0.000000000000000000, 1.000000000000000000, 0.000000000000000000 ) ) ;
#6182 = CIRCLE ( 'NONE', #8045, 0.1000000000000002692 ) ;
#6183 = DIRECTION ( 'NONE',  ( 0.000000000000000000, 2.002886245965000317E-13, 1.000000000000000000 ) ) ;
#6184 = CARTESIAN_POINT ( 'NONE',  ( 16.87050344111299793, 0.4000000000000000222, -12.34004058388099878 ) ) ;
#6185 = VERTEX_POINT ( 'NONE', #1681 ) ;
#6186 = FACE_OUTER_BOUND ( 'NONE', #2310, .T. ) ;
#6187 = DIRECTION ( 'NONE',  ( -0.9979663327133606598, 0.000000000000000000, -0.06374322529215131761 ) ) ;
#6188 = VERTEX_POINT ( 'NONE', #4382 ) ;
#6189 = EDGE_CURVE ( 'NONE', #8902, #1872, #5259, .T. ) ;
#6190 = EDGE_CURVE ( 'NONE', #4431, #8109, #10709, .T. ) ;
#6191 = CARTESIAN_POINT ( 'NONE',  ( 4.133127043912000254, 0.5000000000000000000, -12.25653437180100092 ) ) ;
#6192 = CARTESIAN_POINT ( 'NONE',  ( 9.205462857231999863, 0.5000000000000000000, -19.86500000000000199 ) ) ;
#6193 = VERTEX_POINT ( 'NONE', #857 ) ;
#6194 = VECTOR ( 'NONE', #8368, 1000.000000000000000 ) ;
#6195 = ADVANCED_FACE ( 'NONE', ( #641 ), #4548, .T. ) ;
#6196 = VERTEX_POINT ( 'NONE', #8011 ) ;
#6197 = VERTEX_POINT ( 'NONE', #807 ) ;
#6198 = B_SPLINE_CURVE_WITH_KNOTS ( 'NONE', 3,
 ( #3021, #10227, #1263, #4958, #9352, #8537, #3770, #10984, #7361, #1152, #4730, #6117, #6016, #5176, #11212, #7817, #9525, #551, #3188, #11381, #3350, #5069, #664, #8754, #10344 ),
 .UNSPECIFIED., .F., .F.,
 ( 4, 2, 2, 2, 2, 1, 2, 2, 2, 1, 1, 2, 2, 4 ),
 ( 0.000000000000000000, 0.1250000000000123512, 0.1875000000000192069, 0.2500000000000260347, 0.3750000000000397460, 0.4375000000000465739, 0.4687500000000563993, 0.5000000000000662803, 0.6250000000000930367, 0.6875000000001064704, 0.7187500000001075806, 0.7343750000001135758, 0.7500000000001195710, 1.000000000000000000 ),
 .UNSPECIFIED. ) ;
#6199 = ORIENTED_EDGE ( 'NONE', *, *, #6578, .F. ) ;
#6200 = DIRECTION ( 'NONE',  ( 0.000000000000000000, -1.000000000000000000, 0.000000000000000000 ) ) ;
#6201 = CARTESIAN_POINT ( 'NONE',  ( 7.485462857232000111, 4.000000000000000000, -16.97500000000000142 ) ) ;
#6202 = DIRECTION ( 'NONE',  ( 0.000000000000000000, -1.000000000000000000, 0.000000000000000000 ) ) ;
#6203 = AXIS2_PLACEMENT_3D ( 'NONE', #3093, #5914, #4853 ) ;
#6204 = AXIS2_PLACEMENT_3D ( 'NONE', #9926, #9867, #11550 ) ;
#6205 = DIRECTION ( 'NONE',  ( -1.000000000000000000, 0.000000000000000000, 0.000000000000000000 ) ) ;
#6206 = ORIENTED_EDGE ( 'NONE', *, *, #9582, .T. ) ;
#6207 = EDGE_CURVE ( 'NONE', #6874, #5092, #9664, .T. ) ;
#6208 = EDGE_CURVE ( 'NONE', #3710, #77, #3481, .T. ) ;
#6209 = CARTESIAN_POINT ( 'NONE',  ( 2.437554162901999888, 0.5000000000000000000, -10.46753918005000017 ) ) ;
#6210 = ORIENTED_EDGE ( 'NONE', *, *, #40, .F. ) ;
#6211 = EDGE_CURVE ( 'NONE', #7022, #1378, #9954, .T. ) ;
#6212 = EDGE_CURVE ( 'NONE', #10920, #2945, #4903, .T. ) ;
#6213 = DIRECTION ( 'NONE',  ( 0.000000000000000000, 0.000000000000000000, 1.000000000000000000 ) ) ;
#6214 = EDGE_LOOP ( 'NONE', ( #4631, #2977, #9292, #11275, #10488, #3461, #3947, #3611, #9466, #11467 ) ) ;
#6215 = TOROIDAL_SURFACE ( 'NONE', #597, 1.474999999999999867, 0.1000000000000000056 ) ;
#6216 = CARTESIAN_POINT ( 'NONE',  ( 4.450372079451459406, 3.684469295508137066, -9.955544153029833865 ) ) ;
#6217 = AXIS2_PLACEMENT_3D ( 'NONE', #6513, #107, #8189 ) ;
#6218 = EDGE_CURVE ( 'NONE', #3264, #5028, #9406, .T. ) ;
#6219 = DIRECTION ( 'NONE',  ( 0.000000000000000000, -1.000000000000000000, 0.000000000000000000 ) ) ;
#6220 = AXIS2_PLACEMENT_3D ( 'NONE', #10905, #8092, #2878 ) ;
#6221 = CIRCLE ( 'NONE', #6417, 0.2300000000000010369 ) ;
#6222 = LINE ( 'NONE', #3555, #9344 ) ;
#6223 = EDGE_LOOP ( 'NONE', ( #3056, #6367, #10351, #11184 ) ) ;
#6224 = DIRECTION ( 'NONE',  ( 0.000000000000000000, -1.000000000000000000, 0.000000000000000000 ) ) ;
#6225 = CARTESIAN_POINT ( 'NONE',  ( 14.28546285723199993, 4.000000000000000000, -19.86500000000000199 ) ) ;
#6226 = CARTESIAN_POINT ( 'NONE',  ( 14.64471057628099970, 17.30000000000000071, -16.65417823791499785 ) ) ;
#6227 = VECTOR ( 'NONE', #3165, 1000.000000000000000 ) ;
#6228 = CARTESIAN_POINT ( 'NONE',  ( 17.73046285723199844, 4.203779418383999378, -13.84113101483900188 ) ) ;
#6229 = ADVANCED_FACE ( 'NONE', ( #5200 ), #8731, .T. ) ;
#6230 = EDGE_CURVE ( 'NONE', #283, #437, #9614, .T. ) ;
#6231 = DIRECTION ( 'NONE',  ( 0.000000000000000000, 1.000000000000000000, 0.000000000000000000 ) ) ;
#6232 = AXIS2_PLACEMENT_3D ( 'NONE', #2237, #5827, #1425 ) ;
#6233 = VECTOR ( 'NONE', #5491, 1000.000000000000227 ) ;
#6234 = ORIENTED_EDGE ( 'NONE', *, *, #7419, .T. ) ;
#6235 = CARTESIAN_POINT ( 'NONE',  ( 7.163791669687769925, 17.10000000000000142, -16.83955427108080016 ) ) ;
#6236 = VECTOR ( 'NONE', #6219, 1000.000000000000000 ) ;
#6237 = AXIS2_PLACEMENT_3D ( 'NONE', #11048, #7473, #5904 ) ;
#6238 = LINE ( 'NONE', #8983, #1278 ) ;
#6239 = DIRECTION ( 'NONE',  ( 0.000000000000000000, -1.000000000000000000, 0.000000000000000000 ) ) ;
#6240 = DIRECTION ( 'NONE',  ( -1.000000000000000000, 0.000000000000000000, 0.000000000000000000 ) ) ;
#6241 = CARTESIAN_POINT ( 'NONE',  ( 5.688443350538999965, 17.30000000000000071, -15.45000000000000107 ) ) ;
#6242 = ORIENTED_EDGE ( 'NONE', *, *, #94, .T. ) ;
#6243 = PLANE ( 'NONE',  #3235 ) ;
#6244 = DIRECTION ( 'NONE',  ( 0.000000000000000000, -1.000000000000000000, 0.000000000000000000 ) ) ;
#6245 = ORIENTED_EDGE ( 'NONE', *, *, #1345, .T. ) ;
#6246 = CARTESIAN_POINT ( 'NONE',  ( 4.115462857232000005, 11.67999999999999972, -0.5000000000000000000 ) ) ;
#6247 = DIRECTION ( 'NONE',  ( -0.06374322529215109556, 0.000000000000000000, 0.9979663327133607709 ) ) ;
#6248 = CARTESIAN_POINT ( 'NONE',  ( 15.66292367718299872, 4.000000000000000000, -9.337091305669998675 ) ) ;
#6249 = CARTESIAN_POINT ( 'NONE',  ( 11.76076882677453028, 4.532909311429089705, -0.3346940304556021428 ) ) ;
#6250 = PLANE ( 'NONE',  #8584 ) ;
#6251 = ORIENTED_EDGE ( 'NONE', *, *, #7269, .T. ) ;
#6252 = CARTESIAN_POINT ( 'NONE',  ( 11.64546285723199937, 4.750000000000000000, -1.600000000000000089 ) ) ;
#6253 = CARTESIAN_POINT ( 'NONE',  ( 1.850462857232000102, 4.000000000000000000, -14.61999999999999922 ) ) ;
#6254 = ORIENTED_EDGE ( 'NONE', *, *, #6647, .T. ) ;
#6255 = CARTESIAN_POINT ( 'NONE',  ( 3.900462857232000147, 4.000000000000000000, -10.80000000000000071 ) ) ;
#6256 = DIRECTION ( 'NONE',  ( 0.000000000000000000, -1.000000000000000000, 0.000000000000000000 ) ) ;
#6257 = VERTEX_POINT ( 'NONE', #742 ) ;
#6258 = VERTEX_POINT ( 'NONE', #4322 ) ;
#6259 = EDGE_LOOP ( 'NONE', ( #285, #8588, #4471, #8607, #1418, #3953, #3875, #5235, #4099, #3814, #5108, #9280, #11557, #6390, #4201, #5529, #1450, #11234, #4962, #10245, #314 ) ) ;
#6260 = B_SPLINE_SURFACE_WITH_KNOTS ( 'NONE', 3, 1, ( 
 ( #7007, #4363 ),
 ( #3509, #718 ),
 ( #618, #4409 ),
 ( #6075, #782 ) ),
 .UNSPECIFIED., .F., .F., .F.,
 ( 4, 4 ),
 ( 2, 2 ),
 ( 0.05773119023475379447, 0.9497426362917860132 ),
 ( 0.000000000000000000, 1.000000000000000000 ),
 .UNSPECIFIED. ) ;
#6261 = EDGE_LOOP ( 'NONE', ( #9046, #10965, #8293, #9958, #1215, #5386, #3163, #8167, #1923, #8429, #10308, #1405, #9257, #8143 ) ) ;
#6262 = CARTESIAN_POINT ( 'NONE',  ( 5.775462857232000147, 4.000000000000000000, -6.989999999999999325 ) ) ;
#6263 = CARTESIAN_POINT ( 'NONE',  ( 8.957802808031898323, 17.30000000000000071, -17.64999999999999858 ) ) ;
#6264 = CARTESIAN_POINT ( 'NONE',  ( 3.900462857232000147, 0.4000000000000000222, -10.80000000000000071 ) ) ;
#6265 = DIRECTION ( 'NONE',  ( 1.000000000000000000, 0.000000000000000000, 0.000000000000000000 ) ) ;
#6266 = VERTEX_POINT ( 'NONE', #8899 ) ;
#6267 = CARTESIAN_POINT ( 'NONE',  ( 5.045462857231999720, 0.000000000000000000, -17.32499999999999929 ) ) ;
#6268 = ORIENTED_EDGE ( 'NONE', *, *, #1890, .T. ) ;
#6269 = ADVANCED_FACE ( 'NONE', ( #2451 ), #6041, .T. ) ;
#6270 = ORIENTED_EDGE ( 'NONE', *, *, #4843, .T. ) ;
#6271 = ORIENTED_EDGE ( 'NONE', *, *, #684, .F. ) ;
#6272 = EDGE_CURVE ( 'NONE', #8950, #2935, #11407, .T. ) ;
#6273 = DIRECTION ( 'NONE',  ( -0.7397541567183051336, 0.000000000000000000, -0.6728772455790055229 ) ) ;
#6274 = EDGE_CURVE ( 'NONE', #240, #1378, #1474, .T. ) ;
#6275 = DIRECTION ( 'NONE',  ( 0.000000000000000000, 1.000000000000000000, 0.000000000000000000 ) ) ;
#6276 = CARTESIAN_POINT ( 'NONE',  ( 10.02546285723200015, 4.000000000000000000, -17.32499999999999929 ) ) ;
#6277 = ADVANCED_FACE ( 'NONE', ( #6559 ), #6336, .T. ) ;
#6278 = EDGE_CURVE ( 'NONE', #6974, #6134, #5781, .T. ) ;
#6279 = CARTESIAN_POINT ( 'NONE',  ( 3.900462857232000147, 4.000000000000000000, -10.80000000000000071 ) ) ;
#6280 = ORIENTED_EDGE ( 'NONE', *, *, #9445, .F. ) ;
#6281 = DIRECTION ( 'NONE',  ( 0.000000000000000000, 0.000000000000000000, 1.000000000000000000 ) ) ;
#6282 = CYLINDRICAL_SURFACE ( 'NONE', #8094, 1.574999999999999956 ) ;
#6283 = CARTESIAN_POINT ( 'NONE',  ( 13.32716239763103871, 17.30000000000000071, -17.07548742583130164 ) ) ;
#6284 = CARTESIAN_POINT ( 'NONE',  ( 5.395462857232000253, 4.000000000000000000, -17.32499999999999929 ) ) ;
#6285 = EDGE_CURVE ( 'NONE', #8949, #6940, #4559, .T. ) ;
#6286 = PLANE ( 'NONE',  #1355 ) ;
#6287 = ORIENTED_EDGE ( 'NONE', *, *, #5791, .F. ) ;
#6288 = ORIENTED_EDGE ( 'NONE', *, *, #10923, .T. ) ;
#6289 = CYLINDRICAL_SURFACE ( 'NONE', #4164, 1.210040583881001552 ) ;
#6290 = EDGE_CURVE ( 'NONE', #4288, #11521, #2860, .T. ) ;
#6291 = EDGE_CURVE ( 'NONE', #9481, #2254, #10942, .T. ) ;
#6292 = EDGE_CURVE ( 'NONE', #282, #4462, #9132, .T. ) ;
#6293 = LINE ( 'NONE', #3407, #2418 ) ;
#6294 = CARTESIAN_POINT ( 'NONE',  ( 13.87392848543099966, 0.5000000000000000000, -11.03266418667999993 ) ) ;
#6295 = SPHERICAL_SURFACE ( 'NONE', #2594, 0.1000000000000000056 ) ;
#6296 = CARTESIAN_POINT ( 'NONE',  ( 10.02546285723200015, 4.000000000000000000, -16.97500000000000142 ) ) ;
#6297 = ORIENTED_EDGE ( 'NONE', *, *, #1557, .F. ) ;
#6298 = CARTESIAN_POINT ( 'NONE',  ( 1.650462857231999925, 0.7900000000000000355, -13.84113101483900188 ) ) ;
#6299 = EDGE_CURVE ( 'NONE', #6799, #7188, #4496, .T. ) ;
#6300 = DIRECTION ( 'NONE',  ( 0.000000000000000000, 1.000000000000000000, 0.000000000000000000 ) ) ;
#6301 = ORIENTED_EDGE ( 'NONE', *, *, #3591, .T. ) ;
#6302 = DIRECTION ( 'NONE',  ( 1.000000000000000000, 0.000000000000000000, 0.000000000000000000 ) ) ;
#6303 = EDGE_LOOP ( 'NONE', ( #2725, #217, #8978, #110 ) ) ;
#6304 = CARTESIAN_POINT ( 'NONE',  ( 2.345180392427999916, 0.5000000000000000000, -10.55156197015999986 ) ) ;
#6305 = DIRECTION ( 'NONE',  ( 0.000000000000000000, 0.000000000000000000, -1.000000000000000000 ) ) ;
#6306 = LINE ( 'NONE', #7118, #2580 ) ;
#6307 = DIRECTION ( 'NONE',  ( -1.000000000000000000, 0.000000000000000000, 0.000000000000000000 ) ) ;
#6308 = ORIENTED_EDGE ( 'NONE', *, *, #6795, .T. ) ;
#6309 = CARTESIAN_POINT ( 'NONE',  ( 4.015462861701999842, 17.10000000000000142, -15.45000000000000107 ) ) ;
#6310 = DIRECTION ( 'NONE',  ( 0.000000000000000000, 1.000000000000000000, 0.000000000000000000 ) ) ;
#6311 = EDGE_LOOP ( 'NONE', ( #10428, #7146, #1507, #4116 ) ) ;
#6312 = DIRECTION ( 'NONE',  ( 1.000000000000000000, 0.000000000000000000, 0.000000000000000000 ) ) ;
#6313 = CARTESIAN_POINT ( 'NONE',  ( 8.113652288661000966, 17.10000000000000142, -17.64999999999999858 ) ) ;
#6314 = EDGE_LOOP ( 'NONE', ( #10629, #4851, #6602, #9238, #1493, #8135 ) ) ;
#6315 = ORIENTED_EDGE ( 'NONE', *, *, #9913, .F. ) ;
#6316 = DIRECTION ( 'NONE',  ( 0.000000000000000000, 0.000000000000000000, -1.000000000000000000 ) ) ;
#6317 = DIRECTION ( 'NONE',  ( -1.000000000000000000, 0.000000000000000000, 0.000000000000000000 ) ) ;
#6318 = CARTESIAN_POINT ( 'NONE',  ( 17.53971789399400905, 0.5179020276600060368, -13.77626524049900247 ) ) ;
#6319 = B_SPLINE_CURVE_WITH_KNOTS ( 'NONE', 3,
 ( #8290, #8929, #885, #2763 ),
 .UNSPECIFIED., .F., .F.,
 ( 4, 4 ),
 ( 0.000000000000000000, 1.000000000000000000 ),
 .UNSPECIFIED. ) ;
#6320 = LINE ( 'NONE', #7374, #3166 ) ;
#6321 = ORIENTED_EDGE ( 'NONE', *, *, #8854, .T. ) ;
#6322 = DIRECTION ( 'NONE',  ( 0.000000000000000000, -1.000000000000000000, 0.000000000000000000 ) ) ;
#6323 = ORIENTED_EDGE ( 'NONE', *, *, #393, .T. ) ;
#6324 = EDGE_LOOP ( 'NONE', ( #5709, #11433, #7068, #11364 ) ) ;
#6325 = VERTEX_POINT ( 'NONE', #10763 ) ;
#6326 = ORIENTED_EDGE ( 'NONE', *, *, #9366, .F. ) ;
#6327 = DIRECTION ( 'NONE',  ( -0.5773502691896257311, 0.5773502691896257311, -0.5773502691896257311 ) ) ;
#6328 = AXIS2_PLACEMENT_3D ( 'NONE', #5841, #5126, #8701 ) ;
#6329 = FACE_OUTER_BOUND ( 'NONE', #5149, .T. ) ;
#6330 = CARTESIAN_POINT ( 'NONE',  ( 8.755462857231998797, 0.5000000000000000000, -19.51500000000000057 ) ) ;
#6331 = DIRECTION ( 'NONE',  ( 0.000000000000000000, 0.000000000000000000, 1.000000000000000000 ) ) ;
#6332 = ORIENTED_EDGE ( 'NONE', *, *, #6583, .F. ) ;
#6333 = CARTESIAN_POINT ( 'NONE',  ( 3.265462857231999916, 7.315000000000000391, 0.000000000000000000 ) ) ;
#6334 = PLANE ( 'NONE',  #4317 ) ;
#6335 = EDGE_CURVE ( 'NONE', #2687, #6799, #6536, .T. ) ;
#6336 = TOROIDAL_SURFACE ( 'NONE', #10817, 1.310040583880999865, 0.1000000000000000056 ) ;
#6337 = EDGE_CURVE ( 'NONE', #7624, #7901, #966, .T. ) ;
#6338 = CARTESIAN_POINT ( 'NONE',  ( 3.568002037280999961, 0.5000000000000000000, -9.337091305669998675 ) ) ;
#6339 = CARTESIAN_POINT ( 'NONE',  ( 2.803093700461999571, 7.115000000000000213, 0.000000000000000000 ) ) ;
#6340 = ORIENTED_EDGE ( 'NONE', *, *, #3313, .T. ) ;
#6341 = EDGE_CURVE ( 'NONE', #3268, #5802, #6498, .T. ) ;
#6342 = VERTEX_POINT ( 'NONE', #8177 ) ;
#6343 = AXIS2_PLACEMENT_3D ( 'NONE', #6497, #5732, #8492 ) ;
#6344 = DIRECTION ( 'NONE',  ( 0.9805806756909163369, -0.1961161351382035567, 0.000000000000000000 ) ) ;
#6345 = VECTOR ( 'NONE', #9759, 1000.000000000000000 ) ;
#6346 = CARTESIAN_POINT ( 'NONE',  ( 7.585462857231999756, 4.349999999999999645, -0.2500000000000000000 ) ) ;
#6347 = FACE_OUTER_BOUND ( 'NONE', #9322, .T. ) ;
#6348 = DIRECTION ( 'NONE',  ( 0.000000000000000000, -2.002886245965000317E-13, -1.000000000000000000 ) ) ;
#6349 = CARTESIAN_POINT ( 'NONE',  ( 9.615462857231998228, 17.10000000000000142, -21.25000000000000000 ) ) ;
#6350 = ORIENTED_EDGE ( 'NONE', *, *, #8002, .T. ) ;
#6351 = LINE ( 'NONE', #3576, #6052 ) ;
#6352 = VECTOR ( 'NONE', #6348, 1000.000000000000000 ) ;
#6353 = CARTESIAN_POINT ( 'NONE',  ( 2.803093700461999571, 4.750000000000000000, 0.000000000000000000 ) ) ;
#6354 = AXIS2_PLACEMENT_3D ( 'NONE', #11363, #3328, #9675 ) ;
#6355 = VECTOR ( 'NONE', #9159, 1000.000000000000000 ) ;
#6356 = EDGE_CURVE ( 'NONE', #5906, #2733, #11017, .T. ) ;
#6357 = ADVANCED_FACE ( 'NONE', ( #7425 ), #2686, .T. ) ;
#6358 = ORIENTED_EDGE ( 'NONE', *, *, #7637, .F. ) ;
#6359 = CARTESIAN_POINT ( 'NONE',  ( 11.74546285723200079, 4.000000000000000000, -19.51500000000000057 ) ) ;
#6360 = ORIENTED_EDGE ( 'NONE', *, *, #2340, .F. ) ;
#6361 = DIRECTION ( 'NONE',  ( 0.000000000000000000, -1.000000000000000000, 0.000000000000000000 ) ) ;
#6362 = CARTESIAN_POINT ( 'NONE',  ( 16.87050344111299793, 0.4000000000000000222, -9.259959416120000952 ) ) ;
#6363 = CIRCLE ( 'NONE', #6554, 1.210040583880999554 ) ;
#6364 = ADVANCED_FACE ( 'NONE', ( #6447 ), #10883, .T. ) ;
#6365 = CARTESIAN_POINT ( 'NONE',  ( 9.435797106966900216, 17.30000000000000071, -15.45000000000000107 ) ) ;
#6366 = CARTESIAN_POINT ( 'NONE',  ( 11.74546285723200079, 4.000000000000000000, -19.86500000000000199 ) ) ;
#6367 = ORIENTED_EDGE ( 'NONE', *, *, #4413, .F. ) ;
#6368 = VECTOR ( 'NONE', #5155, 1000.000000000000000 ) ;
#6369 = AXIS2_PLACEMENT_3D ( 'NONE', #10755, #1084, #6371 ) ;
#6370 = CARTESIAN_POINT ( 'NONE',  ( 3.568002037280999961, 4.000000000000000000, -9.337091305669998675 ) ) ;
#6371 = DIRECTION ( 'NONE',  ( -0.1577384316472046910, 0.000000000000000000, 0.9874809300343374563 ) ) ;
#6372 = ORIENTED_EDGE ( 'NONE', *, *, #3251, .T. ) ;
#6373 = FACE_OUTER_BOUND ( 'NONE', #98, .T. ) ;
#6374 = LINE ( 'NONE', #8063, #11465 ) ;
#6375 = ADVANCED_FACE ( 'NONE', ( #4846 ), #1392, .T. ) ;
#6376 = EDGE_CURVE ( 'NONE', #2667, #4553, #11170, .T. ) ;
#6377 = ORIENTED_EDGE ( 'NONE', *, *, #9284, .T. ) ;
#6378 = VECTOR ( 'NONE', #5775, 1000.000000000000000 ) ;
#6379 = ORIENTED_EDGE ( 'NONE', *, *, #11005, .T. ) ;
#6380 = AXIS2_PLACEMENT_3D ( 'NONE', #6349, #1944, #1880 ) ;
#6381 = LINE ( 'NONE', #9775, #8660 ) ;
#6382 = CARTESIAN_POINT ( 'NONE',  ( 5.455745322035999934, 4.000000000000000000, -10.55156197015999986 ) ) ;
#6383 = CARTESIAN_POINT ( 'NONE',  ( 15.36017068599200108, 17.30000000000000071, -17.07548743486400156 ) ) ;
#6384 = FACE_OUTER_BOUND ( 'NONE', #1621, .T. ) ;
#6385 = ORIENTED_EDGE ( 'NONE', *, *, #3136, .F. ) ;
#6386 = VECTOR ( 'NONE', #7171, 1000.000000000000000 ) ;
#6387 = VECTOR ( 'NONE', #10607, 1000.000000000000000 ) ;
#6388 = DIRECTION ( 'NONE',  ( 0.000000000000000000, 1.000000000000000000, 0.000000000000000000 ) ) ;
#6389 = ORIENTED_EDGE ( 'NONE', *, *, #3886, .F. ) ;
#6390 = ORIENTED_EDGE ( 'NONE', *, *, #11079, .T. ) ;
#6391 = ORIENTED_EDGE ( 'NONE', *, *, #10782, .T. ) ;
#6392 = EDGE_LOOP ( 'NONE', ( #4223, #862, #3317, #7570 ) ) ;
#6393 = DIRECTION ( 'NONE',  ( 0.06374322529214740407, 0.000000000000000000, 0.9979663327133608819 ) ) ;
#6394 = DIRECTION ( 'NONE',  ( -1.000000000000000000, 0.000000000000000000, 0.000000000000000000 ) ) ;
#6395 = AXIS2_PLACEMENT_3D ( 'NONE', #10062, #10888, #2029 ) ;
#6396 = DIRECTION ( 'NONE',  ( -0.1961161351382035567, 0.9805806756909162258, 0.000000000000000000 ) ) ;
#6397 = CARTESIAN_POINT ( 'NONE',  ( 13.81588052485900064, 17.30000000000000071, -17.11378834247599912 ) ) ;
#6398 = EDGE_LOOP ( 'NONE', ( #11345, #10637, #6106, #10767 ) ) ;
#6399 = DIRECTION ( 'NONE',  ( 0.000000000000000000, 0.000000000000000000, -1.000000000000000000 ) ) ;
#6400 = LINE ( 'NONE', #6585, #9933 ) ;
#6401 = DIRECTION ( 'NONE',  ( -1.000000000000000000, 0.000000000000000000, 0.000000000000000000 ) ) ;
#6402 = LINE ( 'NONE', #7096, #7720 ) ;
#6403 = EDGE_LOOP ( 'NONE', ( #302, #4117, #2530, #1881 ) ) ;
#6404 = VECTOR ( 'NONE', #8679, 1000.000000000000000 ) ;
#6405 = ORIENTED_EDGE ( 'NONE', *, *, #10347, .T. ) ;
#6406 = AXIS2_PLACEMENT_3D ( 'NONE', #7329, #7215, #937 ) ;
#6407 = AXIS2_PLACEMENT_3D ( 'NONE', #1596, #2413, #1646 ) ;
#6408 = CARTESIAN_POINT ( 'NONE',  ( 3.003093700461999749, 4.549999999999999822, -0.2000000000000000111 ) ) ;
#6409 = CARTESIAN_POINT ( 'NONE',  ( 4.945462857232000076, 4.000000000000000000, -16.97500000000000142 ) ) ;
#6410 = VECTOR ( 'NONE', #2107, 1000.000000000000000 ) ;
#6411 = CARTESIAN_POINT ( 'NONE',  ( 9.105462857231998441, 0.000000000000000000, -19.51500000000000057 ) ) ;
#6412 = DIRECTION ( 'NONE',  ( 0.000000000000000000, 0.000000000000000000, -1.000000000000000000 ) ) ;
#6413 = DIRECTION ( 'NONE',  ( 0.000000000000000000, 0.000000000000000000, -1.000000000000000000 ) ) ;
#6414 = VERTEX_POINT ( 'NONE', #566 ) ;
#6415 = CIRCLE ( 'NONE', #7907, 1.574999999999999289 ) ;
#6416 = B_SPLINE_CURVE_WITH_KNOTS ( 'NONE', 3,
 ( #9996, #7357, #6249, #5357 ),
 .UNSPECIFIED., .F., .F.,
 ( 4, 4 ),
 ( 0.000000000000000000, 1.000000000000000000 ),
 .UNSPECIFIED. ) ;
#6417 = AXIS2_PLACEMENT_3D ( 'NONE', #8623, #9559, #1636 ) ;
#6418 = FACE_OUTER_BOUND ( 'NONE', #7848, .T. ) ;
#6419 = CARTESIAN_POINT ( 'NONE',  ( 11.71317529167900062, 4.500000000000000000, -0.2500000000000000000 ) ) ;
#6420 = ORIENTED_EDGE ( 'NONE', *, *, #4843, .F. ) ;
#6421 = AXIS2_PLACEMENT_3D ( 'NONE', #5898, #7813, #11207 ) ;
#6422 = CYLINDRICAL_SURFACE ( 'NONE', #6785, 1.210040583881001552 ) ;
#6423 = ADVANCED_FACE ( 'NONE', ( #7721 ), #8596, .F. ) ;
#6424 = ORIENTED_EDGE ( 'NONE', *, *, #1915, .T. ) ;
#6425 = CARTESIAN_POINT ( 'NONE',  ( 9.205462857231999863, 4.000000000000000000, -19.86500000000000199 ) ) ;
#6426 = CIRCLE ( 'NONE', #7169, 1.210040583880999554 ) ;
#6427 = CARTESIAN_POINT ( 'NONE',  ( 9.615462857231998228, 10.65000000000000036, -4.750000000000000000 ) ) ;
#6428 = ADVANCED_FACE ( 'NONE', ( #5680 ), #455, .T. ) ;
#6429 = VECTOR ( 'NONE', #4733, 1000.000000000000000 ) ;
#6430 = DIRECTION ( 'NONE',  ( 0.000000000000000000, 1.000000000000000000, 0.000000000000000000 ) ) ;
#6431 = CARTESIAN_POINT ( 'NONE',  ( 15.74775042278500337, 14.63228756555300158, -0.2677124344499999808 ) ) ;
#6432 = ORIENTED_EDGE ( 'NONE', *, *, #3889, .T. ) ;
#6433 = EDGE_CURVE ( 'NONE', #6414, #9014, #8367, .T. ) ;
#6434 = EDGE_CURVE ( 'NONE', #129, #1249, #4024, .T. ) ;
#6435 = DIRECTION ( 'NONE',  ( 0.000000000000000000, 0.000000000000000000, -1.000000000000000000 ) ) ;
#6436 = FACE_BOUND ( 'NONE', #9610, .T. ) ;
#6437 = ORIENTED_EDGE ( 'NONE', *, *, #5624, .F. ) ;
#6438 = FACE_OUTER_BOUND ( 'NONE', #7295, .T. ) ;
#6439 = AXIS2_PLACEMENT_3D ( 'NONE', #1862, #8141, #4682 ) ;
#6440 = ORIENTED_EDGE ( 'NONE', *, *, #6433, .F. ) ;
#6441 = AXIS2_PLACEMENT_3D ( 'NONE', #2134, #8470, #1251 ) ;
#6442 = ADVANCED_FACE ( 'NONE', ( #3253 ), #10237, .F. ) ;
#6443 = ORIENTED_EDGE ( 'NONE', *, *, #6076, .T. ) ;
#6444 = ORIENTED_EDGE ( 'NONE', *, *, #11139, .F. ) ;
#6445 = PLANE ( 'NONE',  #2290 ) ;
#6446 = DIRECTION ( 'NONE',  ( -1.000000000000000000, 0.000000000000000000, 0.000000000000000000 ) ) ;
#6447 = FACE_OUTER_BOUND ( 'NONE', #7540, .T. ) ;
#6448 = EDGE_CURVE ( 'NONE', #9770, #9457, #1836, .T. ) ;
#6449 = ADVANCED_FACE ( 'NONE', ( #7605 ), #3141, .T. ) ;
#6450 = CARTESIAN_POINT ( 'NONE',  ( 13.46546285723199965, 6.400000000000000355, -0.2500000000000000000 ) ) ;
#6451 = ORIENTED_EDGE ( 'NONE', *, *, #4412, .F. ) ;
#6452 = DIRECTION ( 'NONE',  ( -1.000000000000000000, 0.000000000000000000, 0.000000000000000000 ) ) ;
#6453 = VERTEX_POINT ( 'NONE', #8544 ) ;
#6454 = EDGE_CURVE ( 'NONE', #2726, #2733, #2410, .T. ) ;
#6455 = VERTEX_POINT ( 'NONE', #505 ) ;
#6456 = ORIENTED_EDGE ( 'NONE', *, *, #5353, .T. ) ;
#6457 = VERTEX_POINT ( 'NONE', #7480 ) ;
#6458 = DIRECTION ( 'NONE',  ( 0.000000000000000000, 0.000000000000000000, -1.000000000000000000 ) ) ;
#6459 = FACE_OUTER_BOUND ( 'NONE', #4677, .T. ) ;
#6460 = CARTESIAN_POINT ( 'NONE',  ( 8.519641148791000873, 17.30000000000000071, -15.45000000000000107 ) ) ;
#6461 = LINE ( 'NONE', #8192, #8778 ) ;
#6462 = ORIENTED_EDGE ( 'NONE', *, *, #1407, .T. ) ;
#6463 = CARTESIAN_POINT ( 'NONE',  ( 11.84546285723200043, 4.549999999999999822, -0.2500000000000000000 ) ) ;
#6464 = CARTESIAN_POINT ( 'NONE',  ( 13.95546285723199986, 4.000000000000000000, -6.490000000000000213 ) ) ;
#6465 = DIRECTION ( 'NONE',  ( 1.000000000000000000, 0.000000000000000000, 0.000000000000000000 ) ) ;
#6466 = B_SPLINE_CURVE_WITH_KNOTS ( 'NONE', 3,
 ( #2583, #1603, #1653, #5952 ),
 .UNSPECIFIED., .F., .F.,
 ( 4, 4 ),
 ( 0.000000000000000000, 1.000000000000000000 ),
 .UNSPECIFIED. ) ;
#6467 = CARTESIAN_POINT ( 'NONE',  ( 13.69178622935799972, 17.30000000000000071, -17.42479106187800042 ) ) ;
#6468 = ORIENTED_EDGE ( 'NONE', *, *, #5646, .T. ) ;
#6469 = ORIENTED_EDGE ( 'NONE', *, *, #959, .T. ) ;
#6470 = FACE_OUTER_BOUND ( 'NONE', #1030, .T. ) ;
#6471 = CARTESIAN_POINT ( 'NONE',  ( 4.493457275375999593, 17.30000000000000071, -17.64999999999999858 ) ) ;
#6472 = DIRECTION ( 'NONE',  ( 0.000000000000000000, -1.000000000000000000, 0.000000000000000000 ) ) ;
#6473 = DIRECTION ( 'NONE',  ( -0.7397541567183051336, 0.000000000000000000, 0.6728772455790055229 ) ) ;
#6474 = DIRECTION ( 'NONE',  ( 0.000000000000000000, 0.000000000000000000, 1.000000000000000000 ) ) ;
#6475 = ORIENTED_EDGE ( 'NONE', *, *, #7854, .T. ) ;
#6476 = PLANE ( 'NONE',  #11463 ) ;
#6477 = PLANE ( 'NONE',  #3597 ) ;
#6478 = ORIENTED_EDGE ( 'NONE', *, *, #8996, .F. ) ;
#6479 = ORIENTED_EDGE ( 'NONE', *, *, #2422, .T. ) ;
#6480 = CARTESIAN_POINT ( 'NONE',  ( 13.25927305105200027, 17.10000000000000142, -17.20687288253900249 ) ) ;
#6481 = VERTEX_POINT ( 'NONE', #1271 ) ;
#6482 = DIRECTION ( 'NONE',  ( 0.000000000000000000, 0.000000000000000000, 1.000000000000000000 ) ) ;
#6483 = DIRECTION ( 'NONE',  ( 0.000000000000000000, 0.000000000000000000, -1.000000000000000000 ) ) ;
#6484 = LINE ( 'NONE', #5412, #3905 ) ;
#6485 = CARTESIAN_POINT ( 'NONE',  ( 17.58046285723199986, 17.06999999999999673, -21.01999999999999957 ) ) ;
#6486 = EDGE_LOOP ( 'NONE', ( #9609, #2778, #7392 ) ) ;
#6487 = DIRECTION ( 'NONE',  ( -1.000000000000000000, 0.000000000000000000, 0.000000000000000000 ) ) ;
#6488 = CARTESIAN_POINT ( 'NONE',  ( 15.96546285723199965, 7.315000000000000391, -0.2500000000000000000 ) ) ;
#6489 = ORIENTED_EDGE ( 'NONE', *, *, #4061, .F. ) ;
#6490 = CARTESIAN_POINT ( 'NONE',  ( 16.22783201400199715, 7.115000000000000213, 0.000000000000000000 ) ) ;
#6491 = EDGE_CURVE ( 'NONE', #8575, #6257, #2154, .T. ) ;
#6492 = CARTESIAN_POINT ( 'NONE',  ( 1.658923254084301524, 4.008475773965174405, -0.1675255377885145891 ) ) ;
#6493 = EDGE_CURVE ( 'NONE', #11347, #10550, #6138, .T. ) ;
#6494 = EDGE_LOOP ( 'NONE', ( #449, #7738, #5041, #4350 ) ) ;
#6495 = LINE ( 'NONE', #2089, #11437 ) ;
#6496 = EDGE_CURVE ( 'NONE', #7029, #9925, #6679, .T. ) ;
#6497 = CARTESIAN_POINT ( 'NONE',  ( 13.87392848543099966, 0.5000000000000000000, -11.03266418667999993 ) ) ;
#6498 = LINE ( 'NONE', #5610, #11195 ) ;
#6499 = CARTESIAN_POINT ( 'NONE',  ( 17.38046285723200057, 0.5999999999999999778, -13.87000000000000099 ) ) ;
#6500 = CARTESIAN_POINT ( 'NONE',  ( 17.58046285723199986, 0.6500000000000000222, -13.84113101483900188 ) ) ;
#6501 = ADVANCED_FACE ( 'NONE', ( #1444 ), #5733, .F. ) ;
#6502 = VERTEX_POINT ( 'NONE', #8762 ) ;
#6503 = PLANE ( 'NONE',  #7534 ) ;
#6504 = CARTESIAN_POINT ( 'NONE',  ( 13.45546285723199986, 4.000000000000000000, -6.989999999999999325 ) ) ;
#6505 = ORIENTED_EDGE ( 'NONE', *, *, #9666, .T. ) ;
#6506 = ORIENTED_EDGE ( 'NONE', *, *, #5481, .F. ) ;
#6507 = ORIENTED_EDGE ( 'NONE', *, *, #8713, .F. ) ;
#6508 = ORIENTED_EDGE ( 'NONE', *, *, #687, .F. ) ;
#6509 = EDGE_CURVE ( 'NONE', #2456, #520, #5245, .T. ) ;
#6510 = EDGE_CURVE ( 'NONE', #10248, #3095, #4247, .T. ) ;
#6511 = EDGE_CURVE ( 'NONE', #3189, #10799, #11555, .T. ) ;
#6512 = DIRECTION ( 'NONE',  ( -1.000000000000000000, 0.000000000000000000, 0.000000000000000000 ) ) ;
#6513 = CARTESIAN_POINT ( 'NONE',  ( 3.900462857232000147, 0.4000000000000000222, -10.80000000000000071 ) ) ;
#6514 = CARTESIAN_POINT ( 'NONE',  ( 5.045462857231999720, 0.000000000000000000, -16.97500000000000142 ) ) ;
#6515 = DIRECTION ( 'NONE',  ( 0.000000000000000000, -1.000000000000000000, 0.000000000000000000 ) ) ;
#6516 = ORIENTED_EDGE ( 'NONE', *, *, #2605, .F. ) ;
#6517 = CARTESIAN_POINT ( 'NONE',  ( 17.35046285723199944, 17.06999999999999673, -0.2300000000000000100 ) ) ;
#6518 = DIRECTION ( 'NONE',  ( 0.000000000000000000, 0.000000000000000000, 1.000000000000000000 ) ) ;
#6519 = CARTESIAN_POINT ( 'NONE',  ( 14.93579763148800055, 17.10000000000000142, -16.65417823791499785 ) ) ;
#6520 = DIRECTION ( 'NONE',  ( 0.000000000000000000, 0.000000000000000000, 1.000000000000000000 ) ) ;
#6521 = ORIENTED_EDGE ( 'NONE', *, *, #539, .F. ) ;
#6522 = EDGE_CURVE ( 'NONE', #90, #8157, #901, .T. ) ;
#6523 = ORIENTED_EDGE ( 'NONE', *, *, #8771, .T. ) ;
#6524 = LINE ( 'NONE', #10089, #9972 ) ;
#6525 = FACE_OUTER_BOUND ( 'NONE', #6746, .T. ) ;
#6526 = VECTOR ( 'NONE', #10628, 1000.000000000000000 ) ;
#6527 = DIRECTION ( 'NONE',  ( 0.000000000000000000, -1.000000000000000000, 0.000000000000000000 ) ) ;
#6528 = SPHERICAL_SURFACE ( 'NONE', #1308, 0.1000000000000000056 ) ;
#6529 = DIRECTION ( 'NONE',  ( 6.661338147750999827E-14, 0.000000000000000000, 1.000000000000000000 ) ) ;
#6530 = ORIENTED_EDGE ( 'NONE', *, *, #7439, .F. ) ;
#6531 = VERTEX_POINT ( 'NONE', #5081 ) ;
#6532 = CARTESIAN_POINT ( 'NONE',  ( 3.465462857232000093, 11.67999999999999972, 0.000000000000000000 ) ) ;
#6533 = DIRECTION ( 'NONE',  ( 0.000000000000000000, 1.000000000000000000, 0.000000000000000000 ) ) ;
#6534 = VECTOR ( 'NONE', #7958, 1000.000000000000000 ) ;
#6535 = ORIENTED_EDGE ( 'NONE', *, *, #4912, .F. ) ;
#6536 = CIRCLE ( 'NONE', #4456, 0.1000000000000002554 ) ;
#6537 = CARTESIAN_POINT ( 'NONE',  ( 5.363371551561999517, 4.000000000000000000, -10.46753918005000017 ) ) ;
#6538 = VERTEX_POINT ( 'NONE', #7946 ) ;
#6539 = CARTESIAN_POINT ( 'NONE',  ( 11.81964114879099981, 17.10000000000000142, -16.37841224074399804 ) ) ;
#6540 = CARTESIAN_POINT ( 'NONE',  ( 11.74546285723200079, 0.5000000000000000000, -19.86500000000000199 ) ) ;
#6541 = DIRECTION ( 'NONE',  ( 0.000000000000000000, 0.000000000000000000, -1.000000000000000000 ) ) ;
#6542 = CARTESIAN_POINT ( 'NONE',  ( 15.84888881419600004, 17.30000000000000071, -16.99122564792600087 ) ) ;
#6543 = EDGE_LOOP ( 'NONE', ( #9725, #7027, #577, #5988 ) ) ;
#6544 = TOROIDAL_SURFACE ( 'NONE', #8967, 1.310040583880999865, 0.1000000000000000056 ) ;
#6545 = DIRECTION ( 'NONE',  ( 1.000000000000000000, 0.000000000000000000, 0.000000000000000000 ) ) ;
#6546 = CARTESIAN_POINT ( 'NONE',  ( 4.232923677182999889, 0.5000000000000000000, -9.337091305669998675 ) ) ;
#6547 = ORIENTED_EDGE ( 'NONE', *, *, #11202, .T. ) ;
#6548 = VECTOR ( 'NONE', #3916, 1000.000000000000000 ) ;
#6549 = VECTOR ( 'NONE', #1698, 1000.000000000000000 ) ;
#6550 = CARTESIAN_POINT ( 'NONE',  ( 1.500462857232000013, 4.203779418383999378, -13.99886898516100153 ) ) ;
#6551 = CARTESIAN_POINT ( 'NONE',  ( 1.821378655668704161, 4.170917626969145253, -0.007060942068397953707 ) ) ;
#6552 = EDGE_LOOP ( 'NONE', ( #4800, #7204, #7301 ) ) ;
#6553 = LINE ( 'NONE', #9361, #8821 ) ;
#6554 = AXIS2_PLACEMENT_3D ( 'NONE', #11107, #7592, #493 ) ;
#6555 = DIRECTION ( 'NONE',  ( 0.000000000000000000, 0.000000000000000000, -1.000000000000000000 ) ) ;
#6556 = CIRCLE ( 'NONE', #2232, 0.2300000000000010369 ) ;
#6557 = VECTOR ( 'NONE', #1239, 1000.000000000000227 ) ;
#6558 = EDGE_CURVE ( 'NONE', #4686, #10015, #8661, .T. ) ;
#6559 = FACE_OUTER_BOUND ( 'NONE', #6620, .T. ) ;
#6560 = CARTESIAN_POINT ( 'NONE',  ( 3.265462857231999916, 7.115000000000000213, 0.000000000000000000 ) ) ;
#6561 = EDGE_CURVE ( 'NONE', #8254, #9267, #3421, .T. ) ;
#6562 = SPHERICAL_SURFACE ( 'NONE', #3352, 0.1000000000000000056 ) ;
#6563 = VERTEX_POINT ( 'NONE', #790 ) ;
#6564 = CARTESIAN_POINT ( 'NONE',  ( 2.735462857232000555, 0.000000000000000000, -6.989999999999999325 ) ) ;
#6565 = DIRECTION ( 'NONE',  ( 0.000000000000000000, 0.000000000000000000, 1.000000000000000000 ) ) ;
#6566 = ORIENTED_EDGE ( 'NONE', *, *, #6077, .T. ) ;
#6567 = AXIS2_PLACEMENT_3D ( 'NONE', #11059, #10408, #1335 ) ;
#6568 = CIRCLE ( 'NONE', #7491, 0.1500000000000008271 ) ;
#6569 = VERTEX_POINT ( 'NONE', #6957 ) ;
#6570 = ORIENTED_EDGE ( 'NONE', *, *, #642, .T. ) ;
#6571 = ORIENTED_EDGE ( 'NONE', *, *, #8284, .T. ) ;
#6572 = FACE_OUTER_BOUND ( 'NONE', #2088, .T. ) ;
#6573 = EDGE_LOOP ( 'NONE', ( #222, #1411, #10412, #5016, #2920, #5804 ) ) ;
#6574 = DIRECTION ( 'NONE',  ( 8.762512560415999080E-13, -1.000000000000000000, -5.582834530239000097E-14 ) ) ;
#6575 = EDGE_CURVE ( 'NONE', #1212, #5164, #3361, .T. ) ;
#6576 = DIRECTION ( 'NONE',  ( -8.757437256297000180E-13, -1.000000000000000000, 5.684340612607000024E-14 ) ) ;
#6577 = VECTOR ( 'NONE', #7981, 1000.000000000000000 ) ;
#6578 = EDGE_CURVE ( 'NONE', #10768, #7625, #6845, .T. ) ;
#6579 = VECTOR ( 'NONE', #11318, 1000.000000000000000 ) ;
#6580 = DIRECTION ( 'NONE',  ( 1.000000000000000000, 0.000000000000000000, 0.000000000000000000 ) ) ;
#6581 = ORIENTED_EDGE ( 'NONE', *, *, #6454, .F. ) ;
#6582 = FACE_OUTER_BOUND ( 'NONE', #3514, .T. ) ;
#6583 = EDGE_CURVE ( 'NONE', #6980, #1917, #10530, .T. ) ;
#6584 = EDGE_CURVE ( 'NONE', #7466, #11176, #7829, .T. ) ;
#6585 = CARTESIAN_POINT ( 'NONE',  ( 6.315462857232000182, 0.000000000000000000, -19.51500000000000057 ) ) ;
#6586 = CARTESIAN_POINT ( 'NONE',  ( 15.74775042278500337, 14.63228756555300158, -0.2677124344499999808 ) ) ;
#6587 = VERTEX_POINT ( 'NONE', #6127 ) ;
#6588 = AXIS2_PLACEMENT_3D ( 'NONE', #7315, #1280, #11124 ) ;
#6589 = ORIENTED_EDGE ( 'NONE', *, *, #7136, .T. ) ;
#6590 = CARTESIAN_POINT ( 'NONE',  ( 6.604599439844999864, 17.30000000000000071, -15.45000000000000107 ) ) ;
#6591 = LINE ( 'NONE', #1245, #7092 ) ;
#6592 = CIRCLE ( 'NONE', #3945, 1.210040583881000220 ) ;
#6593 = AXIS2_PLACEMENT_3D ( 'NONE', #9060, #9756, #1721 ) ;
#6594 = EDGE_CURVE ( 'NONE', #6889, #4166, #8886, .T. ) ;
#6595 = EDGE_CURVE ( 'NONE', #5443, #1243, #10580, .T. ) ;
#6596 = CYLINDRICAL_SURFACE ( 'NONE', #7687, 0.1000000000000004358 ) ;
#6597 = DIRECTION ( 'NONE',  ( 1.000000000000000000, 0.000000000000000000, 0.000000000000000000 ) ) ;
#6598 = CARTESIAN_POINT ( 'NONE',  ( 7.765880787119999518, 17.30000000000000071, -16.61434546709099891 ) ) ;
#6599 = ORIENTED_EDGE ( 'NONE', *, *, #3381, .T. ) ;
#6600 = LINE ( 'NONE', #8400, #3993 ) ;
#6601 = FACE_OUTER_BOUND ( 'NONE', #5754, .T. ) ;
#6602 = ORIENTED_EDGE ( 'NONE', *, *, #5063, .F. ) ;
#6603 = B_SPLINE_CURVE_WITH_KNOTS ( 'NONE', 3,
 ( #4760, #3106, #3923, #6759 ),
 .UNSPECIFIED., .F., .F.,
 ( 4, 4 ),
 ( 0.000000000000000000, 1.000000000000000000 ),
 .UNSPECIFIED. ) ;
#6604 = TOROIDAL_SURFACE ( 'NONE', #1526, 1.474999999999999867, 0.1000000000000000056 ) ;
#6605 = PLANE ( 'NONE',  #3567 ) ;
#6606 = VERTEX_POINT ( 'NONE', #3301 ) ;
#6607 = LINE ( 'NONE', #6667, #5284 ) ;
#6608 = CARTESIAN_POINT ( 'NONE',  ( 4.493457275375999593, 17.30000000000000071, -15.80389970838999858 ) ) ;
#6609 = VECTOR ( 'NONE', #2420, 1000.000000000000000 ) ;
#6610 = VECTOR ( 'NONE', #4690, 1000.000000000000000 ) ;
#6611 = CARTESIAN_POINT ( 'NONE',  ( 7.385462857231999578, 4.349999999999999645, -0.2500000000000000000 ) ) ;
#6612 = ORIENTED_EDGE ( 'NONE', *, *, #1821, .T. ) ;
#6613 = VECTOR ( 'NONE', #11573, 1000.000000000000000 ) ;
#6614 = LINE ( 'NONE', #2315, #2803 ) ;
#6615 = LINE ( 'NONE', #10113, #1136 ) ;
#6616 = VERTEX_POINT ( 'NONE', #11457 ) ;
#6617 = CARTESIAN_POINT ( 'NONE',  ( 1.691207820469998513, 0.6254923216800015728, -14.20598526326499034 ) ) ;
#6618 = FACE_OUTER_BOUND ( 'NONE', #3647, .T. ) ;
#6619 = AXIS2_PLACEMENT_3D ( 'NONE', #11376, #9411, #6067 ) ;
#6620 = EDGE_LOOP ( 'NONE', ( #5504, #7818, #3865, #4211 ) ) ;
#6621 = TOROIDAL_SURFACE ( 'NONE', #10341, 1.310040583880999865, 0.1000000000000000056 ) ;
#6622 = PLANE ( 'NONE',  #2460 ) ;
#6623 = DIRECTION ( 'NONE',  ( 0.000000000000000000, 0.000000000000000000, 1.000000000000000000 ) ) ;
#6624 = CARTESIAN_POINT ( 'NONE',  ( 4.450462857231999081, 3.700000000000000178, -11.64432666501200053 ) ) ;
#6625 = DIRECTION ( 'NONE',  ( 0.000000000000000000, -1.000000000000000000, 0.000000000000000000 ) ) ;
#6626 = CIRCLE ( 'NONE', #1560, 1.574999999999999289 ) ;
#6627 = DIRECTION ( 'NONE',  ( -1.570070040128999974E-13, -1.000000000000000000, 9.792882111611000742E-13 ) ) ;
#6628 = ORIENTED_EDGE ( 'NONE', *, *, #8514, .F. ) ;
#6629 = AXIS2_PLACEMENT_3D ( 'NONE', #5398, #2762, #9110 ) ;
#6630 = VECTOR ( 'NONE', #188, 1000.000000000000000 ) ;
#6631 = DIRECTION ( 'NONE',  ( -0.7064465069689832566, 0.000000000000000000, 0.7077664394355828170 ) ) ;
#6632 = LINE ( 'NONE', #9025, #4894 ) ;
#6633 = ORIENTED_EDGE ( 'NONE', *, *, #5728, .F. ) ;
#6634 = ORIENTED_EDGE ( 'NONE', *, *, #7424, .T. ) ;
#6635 = VERTEX_POINT ( 'NONE', #9695 ) ;
#6636 = VERTEX_POINT ( 'NONE', #4369 ) ;
#6637 = DIRECTION ( 'NONE',  ( 1.000000000000000000, 0.000000000000000000, 0.000000000000000000 ) ) ;
#6638 = ORIENTED_EDGE ( 'NONE', *, *, #10713, .T. ) ;
#6639 = LINE ( 'NONE', #580, #29 ) ;
#6640 = DIRECTION ( 'NONE',  ( 0.000000000000000000, 0.000000000000000000, -1.000000000000000000 ) ) ;
#6641 = CARTESIAN_POINT ( 'NONE',  ( 13.78983596538100009, 17.30000000000000071, -17.22409468889200213 ) ) ;
#6642 = VERTEX_POINT ( 'NONE', #10627 ) ;
#6643 = DIRECTION ( 'NONE',  ( 0.000000000000000000, 1.000000000000000000, 0.000000000000000000 ) ) ;
#6644 = CARTESIAN_POINT ( 'NONE',  ( 10.37546285723199979, 0.000000000000000000, -16.97500000000000142 ) ) ;
#6645 = EDGE_CURVE ( 'NONE', #1153, #6481, #6082, .T. ) ;
#6646 = CARTESIAN_POINT ( 'NONE',  ( 15.74504757069400007, 14.63827505982999888, -0.2617249401699989764 ) ) ;
#6647 = EDGE_CURVE ( 'NONE', #6266, #3678, #2438, .T. ) ;
#6648 = ORIENTED_EDGE ( 'NONE', *, *, #341, .T. ) ;
#6649 = ORIENTED_EDGE ( 'NONE', *, *, #8049, .T. ) ;
#6650 = EDGE_CURVE ( 'NONE', #10417, #3651, #845, .T. ) ;
#6651 = DIRECTION ( 'NONE',  ( 0.000000000000000000, -1.000000000000000000, 0.000000000000000000 ) ) ;
#6652 = B_SPLINE_CURVE_WITH_KNOTS ( 'NONE', 3,
 ( #3931, #2937, #7517, #10032 ),
 .UNSPECIFIED., .F., .F.,
 ( 4, 4 ),
 ( 0.000000000000000000, 1.000000000000000000 ),
 .UNSPECIFIED. ) ;
#6653 = CARTESIAN_POINT ( 'NONE',  ( 17.58046285723199986, 17.30000000000000071, -21.25000000000000000 ) ) ;
#6654 = FACE_OUTER_BOUND ( 'NONE', #9307, .T. ) ;
#6655 = EDGE_CURVE ( 'NONE', #9250, #8532, #9650, .T. ) ;
#6656 = CARTESIAN_POINT ( 'NONE',  ( 17.76079236082700064, 4.334926826666995581, -14.13559406395398632 ) ) ;
#6657 = LINE ( 'NONE', #8465, #9556 ) ;
#6658 = ORIENTED_EDGE ( 'NONE', *, *, #2898, .T. ) ;
#6659 = CARTESIAN_POINT ( 'NONE',  ( 13.75306704861892015, 17.10000000000000142, -16.61434546556284886 ) ) ;
#6660 = CARTESIAN_POINT ( 'NONE',  ( 13.78983596398725986, 17.10000000000000142, -17.22409469141155114 ) ) ;
#6661 = ORIENTED_EDGE ( 'NONE', *, *, #3119, .F. ) ;
#6662 = CARTESIAN_POINT ( 'NONE',  ( 13.62744035248599950, 17.30000000000000071, -16.48871840685599821 ) ) ;
#6663 = EDGE_CURVE ( 'NONE', #1306, #2446, #8714, .T. ) ;
#6664 = EDGE_CURVE ( 'NONE', #6164, #7785, #1955, .T. ) ;
#6665 = EDGE_CURVE ( 'NONE', #3758, #3590, #1295, .T. ) ;
#6666 = VERTEX_POINT ( 'NONE', #3642 ) ;
#6667 = CARTESIAN_POINT ( 'NONE',  ( 1.650462857231999925, 0.000000000000000000, -13.83000000000000007 ) ) ;
#6668 = DIRECTION ( 'NONE',  ( 0.000000000000000000, -1.000000000000000000, 0.000000000000000000 ) ) ;
#6669 = CARTESIAN_POINT ( 'NONE',  ( 17.58046285723199986, 3.850000000000000089, -13.08000000000000007 ) ) ;
#6670 = ORIENTED_EDGE ( 'NONE', *, *, #8356, .T. ) ;
#6671 = DIRECTION ( 'NONE',  ( 0.000000000000000000, 1.000000000000000000, 0.000000000000000000 ) ) ;
#6672 = CARTESIAN_POINT ( 'NONE',  ( 15.96546285723199965, 7.315000000000000391, 0.000000000000000000 ) ) ;
#6673 = EDGE_LOOP ( 'NONE', ( #10746, #7805, #1584, #4438 ) ) ;
#6674 = CARTESIAN_POINT ( 'NONE',  ( 3.492257776474999798, 14.65000000000000036, -0.2500000000000000000 ) ) ;
#6675 = FACE_BOUND ( 'NONE', #3356, .T. ) ;
#6676 = ORIENTED_EDGE ( 'NONE', *, *, #7484, .F. ) ;
#6677 = DIRECTION ( 'NONE',  ( -1.000000000000000000, 0.000000000000000000, 0.000000000000000000 ) ) ;
#6678 = DIRECTION ( 'NONE',  ( -1.000000000000000000, 0.000000000000000000, 0.000000000000000000 ) ) ;
#6679 = LINE ( 'NONE', #2203, #8019 ) ;
#6680 = LINE ( 'NONE', #5612, #1146 ) ;
#6681 = PLANE ( 'NONE',  #5814 ) ;
#6682 = ORIENTED_EDGE ( 'NONE', *, *, #2482, .T. ) ;
#6683 = CARTESIAN_POINT ( 'NONE',  ( 17.35046285723199944, 43.65902762172999729, -21.01999999999999957 ) ) ;
#6684 = CARTESIAN_POINT ( 'NONE',  ( 2.803093700461999571, 6.500000000000000000, -0.2500000000000000000 ) ) ;
#6685 = VERTEX_POINT ( 'NONE', #960 ) ;
#6686 = EDGE_LOOP ( 'NONE', ( #10737, #10475, #10552, #5587 ) ) ;
#6687 = ORIENTED_EDGE ( 'NONE', *, *, #54, .T. ) ;
#6688 = VERTEX_POINT ( 'NONE', #4651 ) ;
#6689 = CYLINDRICAL_SURFACE ( 'NONE', #8226, 0.1000000000000002692 ) ;
#6690 = ORIENTED_EDGE ( 'NONE', *, *, #5550, .T. ) ;
#6691 = LINE ( 'NONE', #1235, #1905 ) ;
#6692 = DIRECTION ( 'NONE',  ( -8.673695709936000046E-13, -1.000000000000000000, -1.385558179527999913E-13 ) ) ;
#6693 = CARTESIAN_POINT ( 'NONE',  ( 1.691207820469998513, 0.4428837218999966407, -13.67662333651499829 ) ) ;
#6694 = VERTEX_POINT ( 'NONE', #3585 ) ;
#6695 = CARTESIAN_POINT ( 'NONE',  ( 5.775462857232000147, 4.000000000000000000, -6.490000000000000213 ) ) ;
#6696 = DIRECTION ( 'NONE',  ( 0.1577384316472046910, 0.000000000000000000, -0.9874809300343374563 ) ) ;
#6697 = CARTESIAN_POINT ( 'NONE',  ( 14.88046285723199880, 3.600000000000000089, -9.785325707509999305 ) ) ;
#6698 = ORIENTED_EDGE ( 'NONE', *, *, #6006, .F. ) ;
#6699 = ORIENTED_EDGE ( 'NONE', *, *, #10364, .T. ) ;
#6700 = CARTESIAN_POINT ( 'NONE',  ( 15.56312704391199908, 0.5000000000000000000, -12.25653437180100092 ) ) ;
#6701 = ADVANCED_FACE ( 'NONE', ( #4597 ), #5535, .T. ) ;
#6702 = CARTESIAN_POINT ( 'NONE',  ( 13.18927948849842124, 17.30000000000000071, -17.65000000123709967 ) ) ;
#6703 = EDGE_CURVE ( 'NONE', #8006, #6980, #8197, .T. ) ;
#6704 = CARTESIAN_POINT ( 'NONE',  ( 7.765880787069900038, 17.30000000000000071, -16.61434546718659888 ) ) ;
#6705 = DIRECTION ( 'NONE',  ( 1.000000000000000000, 0.000000000000000000, 0.000000000000000000 ) ) ;
#6706 = DIRECTION ( 'NONE',  ( -0.9979663327133607709, 0.000000000000000000, -0.06374322529214788979 ) ) ;
#6707 = ORIENTED_EDGE ( 'NONE', *, *, #2615, .T. ) ;
#6708 = CARTESIAN_POINT ( 'NONE',  ( 3.003093700461999749, 6.915000000000000036, 0.000000000000000000 ) ) ;
#6709 = ADVANCED_FACE ( 'NONE', ( #1892 ), #1080, .T. ) ;
#6710 = CARTESIAN_POINT ( 'NONE',  ( 15.76546285723199858, 11.67999999999999972, 0.000000000000000000 ) ) ;
#6711 = VERTEX_POINT ( 'NONE', #8227 ) ;
#6712 = CARTESIAN_POINT ( 'NONE',  ( 4.396992810839390309, 3.608078859358445634, -9.873576107048300798 ) ) ;
#6713 = ORIENTED_EDGE ( 'NONE', *, *, #5140, .F. ) ;
#6714 = DIRECTION ( 'NONE',  ( -0.9008297724898178815, 0.000000000000000000, 0.4341724553630079697 ) ) ;
#6715 = DIRECTION ( 'NONE',  ( -1.000000000000000000, 0.000000000000000000, 0.000000000000000000 ) ) ;
#6716 = VECTOR ( 'NONE', #4293, 1000.000000000000227 ) ;
#6717 = DIRECTION ( 'NONE',  ( -0.000000000000000000, 1.000000000000000000, 0.000000000000000000 ) ) ;
#6718 = ORIENTED_EDGE ( 'NONE', *, *, #1558, .F. ) ;
#6719 = CARTESIAN_POINT ( 'NONE',  ( 15.33046285723199986, 4.000000000000000000, -10.80000000000000071 ) ) ;
#6720 = DIRECTION ( 'NONE',  ( 0.000000000000000000, 0.000000000000000000, 1.000000000000000000 ) ) ;
#6721 = ORIENTED_EDGE ( 'NONE', *, *, #5774, .F. ) ;
#6722 = CARTESIAN_POINT ( 'NONE',  ( 1.563767697292995917, 0.4834837260800103897, -13.76581650161100079 ) ) ;
#6723 = ADVANCED_FACE ( 'NONE', ( #8114 ), #134, .T. ) ;
#6724 = EDGE_CURVE ( 'NONE', #6193, #7201, #6306, .T. ) ;
#6725 = CARTESIAN_POINT ( 'NONE',  ( 4.148900887075999577, 0.5000000000000000000, -12.35528246480399872 ) ) ;
#6726 = VECTOR ( 'NONE', #10406, 1000.000000000000000 ) ;
#6727 = ORIENTED_EDGE ( 'NONE', *, *, #11486, .F. ) ;
#6728 = DIRECTION ( 'NONE',  ( -0.9874809300343372342, 0.000000000000000000, 0.1577384316472059955 ) ) ;
#6729 = EDGE_CURVE ( 'NONE', #7369, #8950, #9178, .T. ) ;
#6730 = PLANE ( 'NONE',  #5399 ) ;
#6731 = VECTOR ( 'NONE', #10993, 1000.000000000000000 ) ;
#6732 = DIRECTION ( 'NONE',  ( -0.7397541567183051336, -0.000000000000000000, -0.6728772455790055229 ) ) ;
#6733 = DIRECTION ( 'NONE',  ( -1.000000000000000000, 0.000000000000000000, 0.000000000000000000 ) ) ;
#6734 = CIRCLE ( 'NONE', #4097, 0.2300000000000010369 ) ;
#6735 = DIRECTION ( 'NONE',  ( 0.000000000000000000, 1.000000000000000000, 0.000000000000000000 ) ) ;
#6736 = ORIENTED_EDGE ( 'NONE', *, *, #2184, .F. ) ;
#6737 = CARTESIAN_POINT ( 'NONE',  ( 1.650462857231999925, 4.203779418383999378, -13.55113101483900095 ) ) ;
#6738 = ADVANCED_FACE ( 'NONE', ( #7233 ), #10689, .F. ) ;
#6739 = EDGE_CURVE ( 'NONE', #3590, #956, #7083, .T. ) ;
#6740 = DIRECTION ( 'NONE',  ( 0.000000000000000000, 0.000000000000000000, 1.000000000000000000 ) ) ;
#6741 = EDGE_LOOP ( 'NONE', ( #10049, #9517, #7588, #4857 ) ) ;
#6742 = VECTOR ( 'NONE', #1316, 1000.000000000000000 ) ;
#6743 = VERTEX_POINT ( 'NONE', #3765 ) ;
#6744 = ORIENTED_EDGE ( 'NONE', *, *, #1465, .T. ) ;
#6745 = VECTOR ( 'NONE', #5858, 1000.000000000000000 ) ;
#6746 = EDGE_LOOP ( 'NONE', ( #11130, #8075, #11104, #607 ) ) ;
#6747 = VECTOR ( 'NONE', #11365, 1000.000000000000000 ) ;
#6748 = LINE ( 'NONE', #1233, #10457 ) ;
#6749 = ORIENTED_EDGE ( 'NONE', *, *, #5766, .F. ) ;
#6750 = FACE_BOUND ( 'NONE', #10539, .T. ) ;
#6751 = CARTESIAN_POINT ( 'NONE',  ( 15.84888881419600004, 17.30000000000000071, -17.11378834247599912 ) ) ;
#6752 = LINE ( 'NONE', #9551, #4103 ) ;
#6753 = ORIENTED_EDGE ( 'NONE', *, *, #630, .F. ) ;
#6754 = LINE ( 'NONE', #3987, #8425 ) ;
#6755 = VECTOR ( 'NONE', #137, 1000.000000000000000 ) ;
#6756 = AXIS2_PLACEMENT_3D ( 'NONE', #7998, #11562, #2666 ) ;
#6757 = CARTESIAN_POINT ( 'NONE',  ( 13.78983596538100009, 17.10000000000000142, -17.22409468889200213 ) ) ;
#6758 = VERTEX_POINT ( 'NONE', #5482 ) ;
#6759 = CARTESIAN_POINT ( 'NONE',  ( 15.36017068599200108, 17.10000000000000142, -16.98816152811100011 ) ) ;
#6760 = ORIENTED_EDGE ( 'NONE', *, *, #9071, .F. ) ;
#6761 = AXIS2_PLACEMENT_3D ( 'NONE', #3003, #6527, #11145 ) ;
#6762 = ORIENTED_EDGE ( 'NONE', *, *, #7076, .F. ) ;
#6763 = VECTOR ( 'NONE', #5724, 1000.000000000000000 ) ;
#6764 = DIRECTION ( 'NONE',  ( 0.000000000000000000, 1.000000000000000000, 0.000000000000000000 ) ) ;
#6765 = LINE ( 'NONE', #7691, #2976 ) ;
#6766 = DIRECTION ( 'NONE',  ( 0.000000000000000000, -1.000000000000000000, 0.000000000000000000 ) ) ;
#6767 = CARTESIAN_POINT ( 'NONE',  ( 3.667798670551999596, 0.5000000000000000000, -12.25653437180100092 ) ) ;
#6768 = CARTESIAN_POINT ( 'NONE',  ( 13.79042227335100002, 4.000000000000000000, -12.34004058388099878 ) ) ;
#6769 = EDGE_LOOP ( 'NONE', ( #2361, #7175, #2458, #969 ) ) ;
#6770 = AXIS2_PLACEMENT_3D ( 'NONE', #2325, #626, #4199 ) ;
#6771 = VECTOR ( 'NONE', #7926, 1000.000000000000000 ) ;
#6772 = CARTESIAN_POINT ( 'NONE',  ( 15.56546285723199929, 11.67999999999999972, -9.799999999999998934 ) ) ;
#6773 = LINE ( 'NONE', #8401, #6815 ) ;
#6774 = EDGE_LOOP ( 'NONE', ( #4325, #5915, #2443, #7428 ) ) ;
#6775 = EDGE_LOOP ( 'NONE', ( #368, #7514, #10067, #1398 ) ) ;
#6776 = LINE ( 'NONE', #4955, #4867 ) ;
#6777 = VECTOR ( 'NONE', #7748, 1000.000000000000000 ) ;
#6778 = PLANE ( 'NONE',  #2015 ) ;
#6779 = DIRECTION ( 'NONE',  ( -9.898889238322999882E-13, -1.000000000000000000, 6.303200093866999957E-14 ) ) ;
#6780 = PLANE ( 'NONE',  #1864 ) ;
#6781 = ORIENTED_EDGE ( 'NONE', *, *, #5570, .F. ) ;
#6782 = FACE_OUTER_BOUND ( 'NONE', #7599, .T. ) ;
#6783 = EDGE_CURVE ( 'NONE', #5375, #4877, #6484, .T. ) ;
#6784 = LINE ( 'NONE', #9420, #989 ) ;
#6785 = AXIS2_PLACEMENT_3D ( 'NONE', #2831, #1253, #10861 ) ;
#6786 = ORIENTED_EDGE ( 'NONE', *, *, #9160, .T. ) ;
#6787 = EDGE_CURVE ( 'NONE', #11516, #6151, #6416, .T. ) ;
#6788 = ADVANCED_FACE ( 'NONE', ( #10044 ), #5593, .F. ) ;
#6789 = VECTOR ( 'NONE', #4036, 1000.000000000000000 ) ;
#6790 = DIRECTION ( 'NONE',  ( 1.000000000000000000, 0.000000000000000000, 0.000000000000000000 ) ) ;
#6791 = AXIS2_PLACEMENT_3D ( 'NONE', #1052, #1108, #7437 ) ;
#6792 = DIRECTION ( 'NONE',  ( -1.000000000000000000, 0.000000000000000000, 0.000000000000000000 ) ) ;
#6793 = AXIS2_PLACEMENT_3D ( 'NONE', #10007, #3478, #8951 ) ;
#6794 = ADVANCED_FACE ( 'NONE', ( #8939 ), #4476, .T. ) ;
#6795 = EDGE_CURVE ( 'NONE', #7727, #6965, #9873, .T. ) ;
#6796 = DIRECTION ( 'NONE',  ( 0.000000000000000000, -1.000000000000000000, 0.000000000000000000 ) ) ;
#6797 = DIRECTION ( 'NONE',  ( -0.06374322529215131761, 0.000000000000000000, 0.9979663327133606598 ) ) ;
#6798 = FACE_OUTER_BOUND ( 'NONE', #4424, .T. ) ;
#6799 = VERTEX_POINT ( 'NONE', #5824 ) ;
#6800 = AXIS2_PLACEMENT_3D ( 'NONE', #5342, #6344, #3449 ) ;
#6801 = DIRECTION ( 'NONE',  ( 0.9805806756909163369, -0.1961161351382035567, 0.000000000000000000 ) ) ;
#6802 = CARTESIAN_POINT ( 'NONE',  ( 14.98941835139700096, 17.10000000000000142, -17.29456826448399909 ) ) ;
#6803 = VECTOR ( 'NONE', #3305, 1000.000000000000000 ) ;
#6804 = ORIENTED_EDGE ( 'NONE', *, *, #10923, .F. ) ;
#6805 = VERTEX_POINT ( 'NONE', #10498 ) ;
#6806 = ORIENTED_EDGE ( 'NONE', *, *, #6123, .T. ) ;
#6807 = ORIENTED_EDGE ( 'NONE', *, *, #1534, .F. ) ;
#6808 = PLANE ( 'NONE',  #8432 ) ;
#6809 = VERTEX_POINT ( 'NONE', #4944 ) ;
#6811 = FACE_OUTER_BOUND ( 'NONE', #10258, .T. ) ;
#6810 = VECTOR ( 'NONE', #2753, 1000.000000000000000 ) ;
#6812 = EDGE_CURVE ( 'NONE', #2955, #8765, #2465, .T. ) ;
#6813 = EDGE_CURVE ( 'NONE', #6805, #8223, #1103, .T. ) ;
#6814 = CARTESIAN_POINT ( 'NONE',  ( 6.465462857231999649, 5.890000000000000568, -9.799999999999998934 ) ) ;
#6815 = VECTOR ( 'NONE', #1429, 1000.000000000000227 ) ;
#6816 = DIRECTION ( 'NONE',  ( 0.000000000000000000, 0.000000000000000000, -1.000000000000000000 ) ) ;
#6817 = ORIENTED_EDGE ( 'NONE', *, *, #6850, .F. ) ;
#6818 = PLANE ( 'NONE',  #2988 ) ;
#6820 = EDGE_CURVE ( 'NONE', #10702, #11521, #5891, .T. ) ;
#6819 = CARTESIAN_POINT ( 'NONE',  ( 13.81588052485900064, 17.10000000000000142, -16.99122564792600087 ) ) ;
#6821 = ORIENTED_EDGE ( 'NONE', *, *, #11193, .F. ) ;
#6822 = DIRECTION ( 'NONE',  ( 0.000000000000000000, -1.000000000000000000, 0.000000000000000000 ) ) ;
#6823 = VERTEX_POINT ( 'NONE', #6929 ) ;
#6824 = ORIENTED_EDGE ( 'NONE', *, *, #1205, .T. ) ;
#6825 = DIRECTION ( 'NONE',  ( 0.000000000000000000, 0.000000000000000000, -1.000000000000000000 ) ) ;
#6826 = DIRECTION ( 'NONE',  ( 0.000000000000000000, -1.000000000000000000, 0.000000000000000000 ) ) ;
#6827 = CARTESIAN_POINT ( 'NONE',  ( 12.96546285723199965, 7.450000000000000178, -0.2500000000000000000 ) ) ;
#6828 = LINE ( 'NONE', #9569, #9966 ) ;
#6829 = DIRECTION ( 'NONE',  ( -1.000000000000000000, 0.000000000000000000, 0.000000000000000000 ) ) ;
#6830 = DIRECTION ( 'NONE',  ( 0.000000000000000000, -1.000000000000000000, 0.000000000000000000 ) ) ;
#6831 = LINE ( 'NONE', #10392, #1929 ) ;
#6832 = ORIENTED_EDGE ( 'NONE', *, *, #5645, .F. ) ;
#6833 = VERTEX_POINT ( 'NONE', #9398 ) ;
#6834 = FACE_OUTER_BOUND ( 'NONE', #4986, .T. ) ;
#6835 = DIRECTION ( 'NONE',  ( 1.000000000000000000, 0.000000000000000000, 0.000000000000000000 ) ) ;
#6836 = DIRECTION ( 'NONE',  ( 0.000000000000000000, -1.000000000000000000, 0.000000000000000000 ) ) ;
#6837 = DIRECTION ( 'NONE',  ( -1.000000000000000000, 0.000000000000000000, 0.000000000000000000 ) ) ;
#6838 = DIRECTION ( 'NONE',  ( -1.000000000000000000, 0.000000000000000000, 0.000000000000000000 ) ) ;
#6839 = ORIENTED_EDGE ( 'NONE', *, *, #6724, .T. ) ;
#6840 = CARTESIAN_POINT ( 'NONE',  ( 1.506102724332999854, 0.6950250329900061752, -13.83003640005100898 ) ) ;
#6841 = CARTESIAN_POINT ( 'NONE',  ( 12.56546285723199929, 4.000000000000000000, -16.97500000000000142 ) ) ;
#6842 = ORIENTED_EDGE ( 'NONE', *, *, #4569, .F. ) ;
#6843 = DIRECTION ( 'NONE',  ( 0.000000000000000000, -1.000000000000000000, 0.000000000000000000 ) ) ;
#6844 = CARTESIAN_POINT ( 'NONE',  ( 9.435797106966900216, 17.10000000000000142, -15.45000000000000107 ) ) ;
#6845 = LINE ( 'NONE', #4419, #8404 ) ;
#6846 = DIRECTION ( 'NONE',  ( 0.000000000000000000, -1.000000000000000000, 0.000000000000000000 ) ) ;
#6847 = DIRECTION ( 'NONE',  ( 0.000000000000000000, 0.000000000000000000, -1.000000000000000000 ) ) ;
#6848 = ORIENTED_EDGE ( 'NONE', *, *, #7365, .T. ) ;
#6849 = EDGE_CURVE ( 'NONE', #10799, #6912, #4105, .T. ) ;
#6850 = EDGE_CURVE ( 'NONE', #8503, #3094, #2779, .T. ) ;
#6851 = DIRECTION ( 'NONE',  ( 0.000000000000000000, 0.000000000000000000, -1.000000000000000000 ) ) ;
#6852 = LINE ( 'NONE', #4486, #215 ) ;
#6853 = ORIENTED_EDGE ( 'NONE', *, *, #10383, .T. ) ;
#6854 = EDGE_CURVE ( 'NONE', #6642, #3351, #10260, .T. ) ;
#6855 = ORIENTED_EDGE ( 'NONE', *, *, #2406, .F. ) ;
#6856 = VERTEX_POINT ( 'NONE', #2301 ) ;
#6857 = ORIENTED_EDGE ( 'NONE', *, *, #11560, .T. ) ;
#6858 = EDGE_CURVE ( 'NONE', #6056, #6666, #4993, .T. ) ;
#6859 = FACE_OUTER_BOUND ( 'NONE', #6915, .T. ) ;
#6860 = VERTEX_POINT ( 'NONE', #1472 ) ;
#6861 = LINE ( 'NONE', #10624, #2472 ) ;
#6862 = EDGE_CURVE ( 'NONE', #3179, #7576, #1421, .T. ) ;
#6863 = CARTESIAN_POINT ( 'NONE',  ( 15.84888881419600004, 17.30000000000000071, -16.99122564792600087 ) ) ;
#6864 = CARTESIAN_POINT ( 'NONE',  ( 11.29546285723199972, 4.000000000000000000, -19.51500000000000057 ) ) ;
#6865 = EDGE_LOOP ( 'NONE', ( #5501, #2099, #2157, #7839, #9959, #5903, #3058 ) ) ;
#6866 = LINE ( 'NONE', #3219, #9732 ) ;
#6867 = DIRECTION ( 'NONE',  ( 0.000000000000000000, 1.000000000000000000, 0.000000000000000000 ) ) ;
#6868 = ORIENTED_EDGE ( 'NONE', *, *, #9942, .T. ) ;
#6869 = ADVANCED_FACE ( 'NONE', ( #529 ), #2948, .T. ) ;
#6870 = ADVANCED_FACE ( 'NONE', ( #261 ), #3826, .T. ) ;
#6871 = EDGE_CURVE ( 'NONE', #811, #6193, #1368, .T. ) ;
#6872 = DIRECTION ( 'NONE',  ( 0.000000000000000000, 0.000000000000000000, -1.000000000000000000 ) ) ;
#6873 = ORIENTED_EDGE ( 'NONE', *, *, #3917, .F. ) ;
#6874 = VERTEX_POINT ( 'NONE', #2407 ) ;
#6875 = LINE ( 'NONE', #7753, #9042 ) ;
#6876 = DIRECTION ( 'NONE',  ( 1.000000000000000000, 0.000000000000000000, 0.000000000000000000 ) ) ;
#6877 = CARTESIAN_POINT ( 'NONE',  ( 2.803093700461999571, 4.750000000000000000, -0.2000000000000000111 ) ) ;
#6878 = DIRECTION ( 'NONE',  ( 0.000000000000000000, -1.000000000000000000, 0.000000000000000000 ) ) ;
#6879 = DIRECTION ( 'NONE',  ( 0.000000000000000000, 0.000000000000000000, -1.000000000000000000 ) ) ;
#6880 = EDGE_CURVE ( 'NONE', #7624, #10583, #6765, .T. ) ;
#6881 = CARTESIAN_POINT ( 'NONE',  ( 16.46546285723200143, 6.500000000000000000, -0.2500000000000000000 ) ) ;
#6882 = ORIENTED_EDGE ( 'NONE', *, *, #3834, .T. ) ;
#6883 = ORIENTED_EDGE ( 'NONE', *, *, #7770, .F. ) ;
#6884 = CARTESIAN_POINT ( 'NONE',  ( 11.64546285723199937, 0.000000000000000000, -19.51500000000000057 ) ) ;
#6885 = LINE ( 'NONE', #9639, #705 ) ;
#6886 = FACE_OUTER_BOUND ( 'NONE', #1252, .T. ) ;
#6887 = CARTESIAN_POINT ( 'NONE',  ( 17.58046285723199986, 4.493779418384000302, -13.84113101510500066 ) ) ;
#6888 = LINE ( 'NONE', #10453, #8435 ) ;
#6889 = VERTEX_POINT ( 'NONE', #5111 ) ;
#6890 = CARTESIAN_POINT ( 'NONE',  ( 2.735462857232000555, 4.000000000000000000, -6.989999999999999325 ) ) ;
#6891 = LINE ( 'NONE', #10458, #6036 ) ;
#6892 = ORIENTED_EDGE ( 'NONE', *, *, #2683, .F. ) ;
#6893 = CARTESIAN_POINT ( 'NONE',  ( 7.102942129529999704, 17.30000000000000071, -16.95927343660500242 ) ) ;
#6894 = DIRECTION ( 'NONE',  ( 0.000000000000000000, -1.000000000000000000, 0.000000000000000000 ) ) ;
#6895 = DIRECTION ( 'NONE',  ( 0.1961161351382035567, -0.9805806756909162258, 0.000000000000000000 ) ) ;
#6896 = LINE ( 'NONE', #7016, #9746 ) ;
#6897 = LINE ( 'NONE', #11395, #1502 ) ;
#6898 = ORIENTED_EDGE ( 'NONE', *, *, #8710, .T. ) ;
#6899 = CARTESIAN_POINT ( 'NONE',  ( 3.003093700461999749, 6.915000000000000036, 27.70149999999999935 ) ) ;
#6900 = CARTESIAN_POINT ( 'NONE',  ( 16.78699722903299829, 0.5000000000000000000, -11.03266418667999993 ) ) ;
#6901 = EDGE_LOOP ( 'NONE', ( #5374, #992, #8387, #8410 ) ) ;
#6902 = ORIENTED_EDGE ( 'NONE', *, *, #2061, .F. ) ;
#6903 = ORIENTED_EDGE ( 'NONE', *, *, #7499, .T. ) ;
#6904 = ORIENTED_EDGE ( 'NONE', *, *, #6739, .F. ) ;
#6905 = CIRCLE ( 'NONE', #8986, 0.09999999999999982514 ) ;
#6906 = DIRECTION ( 'NONE',  ( 0.000000000000000000, -1.000000000000000000, 0.000000000000000000 ) ) ;
#6907 = AXIS2_PLACEMENT_3D ( 'NONE', #9368, #1663, #2374 ) ;
#6908 = EDGE_CURVE ( 'NONE', #7602, #8532, #7754, .T. ) ;
#6909 = EDGE_LOOP ( 'NONE', ( #6581, #5387, #8749 ) ) ;
#6910 = CARTESIAN_POINT ( 'NONE',  ( 17.58046285723199986, 4.252748775084000066, -13.70113101483899953 ) ) ;
#6911 = CARTESIAN_POINT ( 'NONE',  ( 1.470133353637004481, 0.8558526529850012388, -13.62421139001300396 ) ) ;
#6912 = VERTEX_POINT ( 'NONE', #11192 ) ;
#6913 = AXIS2_PLACEMENT_3D ( 'NONE', #10762, #8125, #93 ) ;
#6914 = FACE_OUTER_BOUND ( 'NONE', #1284, .T. ) ;
#6915 = EDGE_LOOP ( 'NONE', ( #194, #5099, #8349, #10588 ) ) ;
#6916 = AXIS2_PLACEMENT_3D ( 'NONE', #60, #3619, #7207 ) ;
#6917 = AXIS2_PLACEMENT_3D ( 'NONE', #6653, #9980, #5647 ) ;
#6918 = EDGE_CURVE ( 'NONE', #11563, #3310, #3230, .T. ) ;
#6919 = DIRECTION ( 'NONE',  ( 0.000000000000000000, -1.000000000000000000, 0.000000000000000000 ) ) ;
#6920 = ORIENTED_EDGE ( 'NONE', *, *, #3418, .T. ) ;
#6921 = EDGE_CURVE ( 'NONE', #5968, #11110, #5937, .T. ) ;
#6922 = CARTESIAN_POINT ( 'NONE',  ( 17.58046285723199986, 0.5999999999999999778, -13.83000000000000007 ) ) ;
#6923 = ADVANCED_FACE ( 'NONE', ( #4226 ), #7804, .T. ) ;
#6924 = LINE ( 'NONE', #6276, #7739 ) ;
#6925 = AXIS2_PLACEMENT_3D ( 'NONE', #5319, #858, #6097 ) ;
#6926 = AXIS2_PLACEMENT_3D ( 'NONE', #1959, #3528, #10871 ) ;
#6927 = ADVANCED_FACE ( 'NONE', ( #5330 ), #8796, .F. ) ;
#6928 = ADVANCED_FACE ( 'NONE', ( #10727 ), #3442, .T. ) ;
#6929 = CARTESIAN_POINT ( 'NONE',  ( 12.61170228694399853, 17.30000000000000071, -16.30027856230699612 ) ) ;
#6930 = VERTEX_POINT ( 'NONE', #1801 ) ;
#6931 = DIRECTION ( 'NONE',  ( 0.000000000000000000, 0.000000000000000000, 1.000000000000000000 ) ) ;
#6932 = DIRECTION ( 'NONE',  ( 0.000000000000000000, -1.000000000000000000, 0.000000000000000000 ) ) ;
#6933 = CARTESIAN_POINT ( 'NONE',  ( 15.56546285723199929, 9.679999999999999716, -9.799999999999998934 ) ) ;
#6934 = CARTESIAN_POINT ( 'NONE',  ( 10.27228726123319902, 17.30000000000000071, -15.45000000000000107 ) ) ;
#6935 = AXIS2_PLACEMENT_3D ( 'NONE', #105, #8186, #6273 ) ;
#6936 = PLANE ( 'NONE',  #9248 ) ;
#6937 = CIRCLE ( 'NONE', #4876, 0.5999999999999999778 ) ;
#6938 = VECTOR ( 'NONE', #8815, 1000.000000000000000 ) ;
#6939 = EDGE_LOOP ( 'NONE', ( #2625, #6713, #9830, #4770 ) ) ;
#6940 = VERTEX_POINT ( 'NONE', #7921 ) ;
#6941 = FACE_OUTER_BOUND ( 'NONE', #820, .T. ) ;
#6942 = EDGE_CURVE ( 'NONE', #233, #2667, #1640, .T. ) ;
#6943 = EDGE_CURVE ( 'NONE', #644, #5187, #9795, .T. ) ;
#6944 = DIRECTION ( 'NONE',  ( -0.1961161351382035567, -0.9805806756909162258, 0.000000000000000000 ) ) ;
#6945 = AXIS2_PLACEMENT_3D ( 'NONE', #1068, #4638, #8211 ) ;
#6946 = VECTOR ( 'NONE', #8515, 1000.000000000000000 ) ;
#6947 = CARTESIAN_POINT ( 'NONE',  ( 10.12546285723199979, 0.000000000000000000, -17.32499999999999929 ) ) ;
#6948 = CARTESIAN_POINT ( 'NONE',  ( 3.900462857232000147, 4.000000000000000000, -10.80000000000000071 ) ) ;
#6949 = DIRECTION ( 'NONE',  ( 0.000000000000000000, 0.000000000000000000, -1.000000000000000000 ) ) ;
#6950 = ORIENTED_EDGE ( 'NONE', *, *, #9383, .F. ) ;
#6951 = LINE ( 'NONE', #10520, #621 ) ;
#6952 = FACE_OUTER_BOUND ( 'NONE', #1599, .T. ) ;
#6953 = VERTEX_POINT ( 'NONE', #1755 ) ;
#6954 = CIRCLE ( 'NONE', #9013, 0.09999999999999954758 ) ;
#6955 = CARTESIAN_POINT ( 'NONE',  ( 1.563767697292994585, 4.594803237092003556, -14.04418562008298821 ) ) ;
#6956 = CARTESIAN_POINT ( 'NONE',  ( 6.604599439844999864, 17.10000000000000142, -17.64999999999999858 ) ) ;
#6957 = CARTESIAN_POINT ( 'NONE',  ( 14.61546285723200000, 9.679999999999999716, -0.5000000000000000000 ) ) ;
#6958 = CARTESIAN_POINT ( 'NONE',  ( 5.395462857232000253, 4.000000000000000000, -16.97500000000000142 ) ) ;
#6959 = PLANE ( 'NONE',  #8434 ) ;
#6960 = ORIENTED_EDGE ( 'NONE', *, *, #536, .F. ) ;
#6961 = DIRECTION ( 'NONE',  ( -1.000000000000000000, 0.000000000000000000, 0.000000000000000000 ) ) ;
#6962 =( NAMED_UNIT ( * ) PLANE_ANGLE_UNIT ( ) SI_UNIT ( $, .RADIAN. ) );
#6963 = ORIENTED_EDGE ( 'NONE', *, *, #9927, .T. ) ;
#6964 = VECTOR ( 'NONE', #9095, 1000.000000000000000 ) ;
#6965 = VERTEX_POINT ( 'NONE', #2523 ) ;
#6966 = EDGE_LOOP ( 'NONE', ( #7317, #6251, #11582, #560, #2035 ) ) ;
#6967 = AXIS2_PLACEMENT_3D ( 'NONE', #10669, #7265, #8975 ) ;
#6968 = VECTOR ( 'NONE', #9680, 1000.000000000000000 ) ;
#6969 = ORIENTED_EDGE ( 'NONE', *, *, #6787, .F. ) ;
#6970 = DIRECTION ( 'NONE',  ( -1.000000000000000000, 0.000000000000000000, 0.000000000000000000 ) ) ;
#6971 = ORIENTED_EDGE ( 'NONE', *, *, #11156, .F. ) ;
#6972 = VECTOR ( 'NONE', #3913, 1000.000000000000000 ) ;
#6973 = CARTESIAN_POINT ( 'NONE',  ( 1.850462857232000102, 0.000000000000000000, -13.83000000000000007 ) ) ;
#6974 = VERTEX_POINT ( 'NONE', #4443 ) ;
#6975 = VECTOR ( 'NONE', #7664, 1000.000000000000000 ) ;
#6976 = AXIS2_PLACEMENT_3D ( 'NONE', #3438, #10599, #6919 ) ;
#6977 = LINE ( 'NONE', #10716, #5648 ) ;
#6978 = ORIENTED_EDGE ( 'NONE', *, *, #10010, .T. ) ;
#6979 = DIRECTION ( 'NONE',  ( -0.1961161351382035567, 0.9805806756909163369, 0.000000000000000000 ) ) ;
#6980 = VERTEX_POINT ( 'NONE', #10777 ) ;
#6981 = CIRCLE ( 'NONE', #985, 0.2300000000000015365 ) ;
#6982 = AXIS2_PLACEMENT_3D ( 'NONE', #1656, #4187, #9645 ) ;
#6983 = CARTESIAN_POINT ( 'NONE',  ( 8.113652288661000966, 17.10000000000000142, -15.86364902853999759 ) ) ;
#6984 = DIRECTION ( 'NONE',  ( -0.001485959642859368841, 0.000000000000000000, 0.9999988959613604900 ) ) ;
#6985 = DIRECTION ( 'NONE',  ( 0.7397541567183051336, 0.000000000000000000, 0.6728772455790055229 ) ) ;
#6986 = ORIENTED_EDGE ( 'NONE', *, *, #6335, .F. ) ;
#6987 = DIRECTION ( 'NONE',  ( -0.1577384316472059955, 0.000000000000000000, -0.9874809300343372342 ) ) ;
#6988 = AXIS2_PLACEMENT_3D ( 'NONE', #4390, #6153, #10497 ) ;
#6989 = CARTESIAN_POINT ( 'NONE',  ( 7.585462857231999756, 4.750000000000000000, 0.000000000000000000 ) ) ;
#6990 = CYLINDRICAL_SURFACE ( 'NONE', #2813, 0.1499999999999999667 ) ;
#6991 = EDGE_CURVE ( 'NONE', #7821, #4209, #6222, .T. ) ;
#6992 = ADVANCED_FACE ( 'NONE', ( #7035 ), #7155, .T. ) ;
#6993 = VECTOR ( 'NONE', #9681, 1000.000000000000114 ) ;
#6994 = CARTESIAN_POINT ( 'NONE',  ( 11.64546285723199937, 4.349999999999999645, -0.2500000000000000000 ) ) ;
#6995 = LINE ( 'NONE', #10562, #2498 ) ;
#6996 = EDGE_CURVE ( 'NONE', #5933, #1998, #6734, .T. ) ;
#6997 = EDGE_LOOP ( 'NONE', ( #7950, #8664, #2214, #3372 ) ) ;
#6998 = ORIENTED_EDGE ( 'NONE', *, *, #10733, .T. ) ;
#6999 = CARTESIAN_POINT ( 'NONE',  ( 10.47546285723199944, 4.000000000000000000, -17.32499999999999929 ) ) ;
#7000 = ADVANCED_FACE ( 'NONE', ( #10603 ), #2570, .T. ) ;
#7001 = EDGE_CURVE ( 'NONE', #11525, #6085, #6105, .T. ) ;
#7002 = DIRECTION ( 'NONE',  ( 1.000000000000000000, 0.000000000000000000, 0.000000000000000000 ) ) ;
#7003 = CARTESIAN_POINT ( 'NONE',  ( 13.11293265182084156, 17.10000000000000142, -17.29456826448399909 ) ) ;
#7004 = DIRECTION ( 'NONE',  ( 1.000000000000000000, 0.000000000000000000, 0.000000000000000000 ) ) ;
#7005 = FACE_OUTER_BOUND ( 'NONE', #8262, .T. ) ;
#7006 = ORIENTED_EDGE ( 'NONE', *, *, #5281, .F. ) ;
#7007 = CARTESIAN_POINT ( 'NONE',  ( 13.74050917502367852, 17.10000000000000142, -17.32506087520970084 ) ) ;
#7008 = DIRECTION ( 'NONE',  ( 0.000000000000000000, -1.000000000000000000, 0.000000000000000000 ) ) ;
#7009 = ADVANCED_FACE ( 'NONE', ( #6155 ), #8087, .T. ) ;
#7010 = EDGE_CURVE ( 'NONE', #2709, #6743, #2741, .T. ) ;
#7011 = ADVANCED_FACE ( 'NONE', ( #9901 ), #1865, .T. ) ;
#7012 = EDGE_LOOP ( 'NONE', ( #11490, #8906, #9895, #4554 ) ) ;
#7013 = CARTESIAN_POINT ( 'NONE',  ( 1.506102724333003184, 4.261200321471996233, -13.98002886297199332 ) ) ;
#7014 = DIRECTION ( 'NONE',  ( 0.000000000000000000, 0.000000000000000000, -1.000000000000000000 ) ) ;
#7015 = CARTESIAN_POINT ( 'NONE',  ( 1.850462857232000102, 3.850000000000000089, -13.23000000000000043 ) ) ;
#7016 = CARTESIAN_POINT ( 'NONE',  ( 15.76546285723199858, 11.67999999999999972, -0.2500000000000000000 ) ) ;
#7017 = FACE_OUTER_BOUND ( 'NONE', #7616, .T. ) ;
#7018 = ORIENTED_EDGE ( 'NONE', *, *, #3279, .F. ) ;
#7019 = DIRECTION ( 'NONE',  ( 0.06374322529214807020, 0.000000000000000000, 0.9979663327133608819 ) ) ;
#7020 = ORIENTED_EDGE ( 'NONE', *, *, #2266, .T. ) ;
#7021 = ORIENTED_EDGE ( 'NONE', *, *, #8771, .F. ) ;
#7022 = VERTEX_POINT ( 'NONE', #7860 ) ;
#7023 = ORIENTED_EDGE ( 'NONE', *, *, #5782, .T. ) ;
#7024 = FACE_OUTER_BOUND ( 'NONE', #4148, .T. ) ;
#7025 = DIRECTION ( 'NONE',  ( 0.000000000000000000, 0.000000000000000000, -1.000000000000000000 ) ) ;
#7026 = DIRECTION ( 'NONE',  ( 0.000000000000000000, 1.000000000000000000, 0.000000000000000000 ) ) ;
#7027 = ORIENTED_EDGE ( 'NONE', *, *, #10776, .F. ) ;
#7028 = CARTESIAN_POINT ( 'NONE',  ( 13.45546285723199986, 4.000000000000000000, -6.490000000000000213 ) ) ;
#7029 = VERTEX_POINT ( 'NONE', #3390 ) ;
#7030 = DIRECTION ( 'NONE',  ( 0.000000000000000000, -1.000000000000000000, 0.000000000000000000 ) ) ;
#7031 = ORIENTED_EDGE ( 'NONE', *, *, #5794, .F. ) ;
#7032 = DIRECTION ( 'NONE',  ( 0.000000000000000000, 1.000000000000000000, 0.000000000000000000 ) ) ;
#7033 = DIRECTION ( 'NONE',  ( 0.000000000000000000, 1.000000000000000000, 0.000000000000000000 ) ) ;
#7034 =( BOUNDED_SURFACE ( )  B_SPLINE_SURFACE ( 3, 3, ( 
 ( #10873, #5602, #1837, #8360 ),
 ( #1154, #10757, #2723, #5541 ),
 ( #9186, #1086, #4659, #5420 ),
 ( #9011, #970, #4547, #7541 ) ),
 .UNSPECIFIED., .F., .F., .F. ) 
 B_SPLINE_SURFACE_WITH_KNOTS ( ( 4, 4 ),
 ( 4, 4 ),
 ( 0.000000000000000000, 1.000000000000000000 ),
 ( 0.000000000000000000, 1.000000000000000000 ),
 .UNSPECIFIED. ) 
 GEOMETRIC_REPRESENTATION_ITEM ( )  RATIONAL_B_SPLINE_SURFACE ( (
 ( 1.826639217224000022, 1.203690208500999947, 1.203690208500999947, 1.826639217224000022),
 ( 1.182697249577000065, 0.7793553787268999722, 0.7793553787268999722, 1.182697249577000065),
 ( 1.182697249577000065, 0.7793553787268999722, 0.7793553787268999722, 1.182697249577000065),
 ( 1.826639217224000022, 1.203690208500999947, 1.203690208500999947, 1.826639217224000022) ) ) 
 REPRESENTATION_ITEM ( '' )  SURFACE ( )  );
#7035 = FACE_OUTER_BOUND ( 'NONE', #3012, .T. ) ;
#7036 = ORIENTED_EDGE ( 'NONE', *, *, #841, .F. ) ;
#7037 = DIRECTION ( 'NONE',  ( -1.000000000000000000, 0.000000000000000000, 0.000000000000000000 ) ) ;
#7038 = DIRECTION ( 'NONE',  ( 1.000000000000000000, 0.000000000000000000, 0.000000000000000000 ) ) ;
#7039 = CARTESIAN_POINT ( 'NONE',  ( 14.16671680186699867, 17.30000000000000071, -17.64999999999999858 ) ) ;
#7040 = DIRECTION ( 'NONE',  ( -1.000000000000000000, 0.000000000000000000, 0.000000000000000000 ) ) ;
#7041 = CARTESIAN_POINT ( 'NONE',  ( 15.52700791484399900, 17.30000000000000071, -17.56236614695500009 ) ) ;
#7042 = ORIENTED_EDGE ( 'NONE', *, *, #7420, .T. ) ;
#7043 = EDGE_CURVE ( 'NONE', #5544, #3209, #8862, .T. ) ;
#7044 = CARTESIAN_POINT ( 'NONE',  ( 5.455745322035999934, 4.000000000000000000, -11.04843802984000156 ) ) ;
#7045 = EDGE_CURVE ( 'NONE', #5933, #3364, #1300, .T. ) ;
#7046 = LINE ( 'NONE', #2581, #3716 ) ;
#7047 = EDGE_CURVE ( 'NONE', #6711, #2026, #2874, .T. ) ;
#7048 = CARTESIAN_POINT ( 'NONE',  ( 13.25927305105200027, 17.10000000000000142, -17.20687288253900249 ) ) ;
#7049 = FACE_OUTER_BOUND ( 'NONE', #4657, .T. ) ;
#7050 = CARTESIAN_POINT ( 'NONE',  ( 10.90348519061599930, 17.10000000000000142, -15.45000000000000107 ) ) ;
#7051 = ORIENTED_EDGE ( 'NONE', *, *, #2768, .T. ) ;
#7052 = DIRECTION ( 'NONE',  ( 0.7071067811865475727, 0.000000000000000000, 0.7071067811865475727 ) ) ;
#7053 = LINE ( 'NONE', #1559, #5877 ) ;
#7054 = EDGE_LOOP ( 'NONE', ( #2834, #3391, #8437, #8735, #3435, #3370, #11544, #9516 ) ) ;
#7055 = FACE_OUTER_BOUND ( 'NONE', #3041, .T. ) ;
#7056 = CARTESIAN_POINT ( 'NONE',  ( 1.650462857231999925, 0.7900000000000000355, -13.70113101483899953 ) ) ;
#7057 = LINE ( 'NONE', #8113, #9710 ) ;
#7058 = CARTESIAN_POINT ( 'NONE',  ( 15.48046285723199844, 4.000000000000000000, -4.750000000000000000 ) ) ;
#7059 = FACE_OUTER_BOUND ( 'NONE', #7454, .T. ) ;
#7060 = ORIENTED_EDGE ( 'NONE', *, *, #10438, .F. ) ;
#7061 = EDGE_CURVE ( 'NONE', #3177, #8095, #3670, .T. ) ;
#7062 = ADVANCED_FACE ( 'NONE', ( #9968 ), #4623, .T. ) ;
#7063 = CARTESIAN_POINT ( 'NONE',  ( 6.665462857231999827, 4.000000000000000000, -19.86500000000000199 ) ) ;
#7064 = DIRECTION ( 'NONE',  ( -0.000000000000000000, 1.000000000000000000, 0.000000000000000000 ) ) ;
#7065 = ORIENTED_EDGE ( 'NONE', *, *, #270, .T. ) ;
#7066 = DIRECTION ( 'NONE',  ( -0.6728772455790055229, -0.000000000000000000, -0.7397541567183051336 ) ) ;
#7067 = FACE_OUTER_BOUND ( 'NONE', #2222, .T. ) ;
#7068 = ORIENTED_EDGE ( 'NONE', *, *, #5178, .F. ) ;
#7069 = ORIENTED_EDGE ( 'NONE', *, *, #5325, .F. ) ;
#7070 = EDGE_LOOP ( 'NONE', ( #6535, #10150, #6432, #8438 ) ) ;
#7071 = ORIENTED_EDGE ( 'NONE', *, *, #9224, .T. ) ;
#7072 = DIRECTION ( 'NONE',  ( 0.9874809300343374563, 0.000000000000000000, 0.1577384316472046910 ) ) ;
#7073 = FACE_OUTER_BOUND ( 'NONE', #3323, .T. ) ;
#7074 = DIRECTION ( 'NONE',  ( 0.000000000000000000, -1.000000000000000000, 0.000000000000000000 ) ) ;
#7075 = VECTOR ( 'NONE', #6944, 1000.000000000000227 ) ;
#7076 = EDGE_CURVE ( 'NONE', #5614, #8784, #109, .T. ) ;
#7077 = ADVANCED_FACE ( 'NONE', ( #3050 ), #232, .T. ) ;
#7078 = LINE ( 'NONE', #2562, #6368 ) ;
#7079 = ORIENTED_EDGE ( 'NONE', *, *, #8195, .F. ) ;
#7080 = CARTESIAN_POINT ( 'NONE',  ( 13.45546285723199986, 4.000000000000000000, -6.989999999999999325 ) ) ;
#7081 = ORIENTED_EDGE ( 'NONE', *, *, #9852, .T. ) ;
#7082 = CARTESIAN_POINT ( 'NONE',  ( 17.73046285723199844, 0.6500000000000000222, -13.84113101483900188 ) ) ;
#7083 = CIRCLE ( 'NONE', #356, 0.2300000000000010369 ) ;
#7084 = ORIENTED_EDGE ( 'NONE', *, *, #9503, .F. ) ;
#7085 = DIRECTION ( 'NONE',  ( 0.000000000000000000, 0.000000000000000000, -1.000000000000000000 ) ) ;
#7086 = DIRECTION ( 'NONE',  ( 1.000000000000000000, 0.000000000000000000, 0.000000000000000000 ) ) ;
#7087 = AXIS2_PLACEMENT_3D ( 'NONE', #3699, #1024, #4596 ) ;
#7088 = DIRECTION ( 'NONE',  ( 0.000000000000000000, 0.000000000000000000, -1.000000000000000000 ) ) ;
#7089 = EDGE_LOOP ( 'NONE', ( #3033, #10303, #7006, #9165 ) ) ;
#7090 = DIRECTION ( 'NONE',  ( 0.000000000000000000, 0.000000000000000000, -1.000000000000000000 ) ) ;
#7091 = CIRCLE ( 'NONE', #2034, 0.1000000000000004358 ) ;
#7092 = VECTOR ( 'NONE', #2818, 1000.000000000000000 ) ;
#7093 = CARTESIAN_POINT ( 'NONE',  ( 13.79042227335100002, 0.5000000000000000000, -12.34004058388099878 ) ) ;
#7094 = FACE_OUTER_BOUND ( 'NONE', #5526, .T. ) ;
#7095 = DIRECTION ( 'NONE',  ( 0.000000000000000000, -1.000000000000000000, 0.000000000000000000 ) ) ;
#7096 = CARTESIAN_POINT ( 'NONE',  ( 11.29546285723199972, 4.000000000000000000, -19.51500000000000057 ) ) ;
#7097 = AXIS2_PLACEMENT_3D ( 'NONE', #10569, #6072, #4296 ) ;
#7098 = ORIENTED_EDGE ( 'NONE', *, *, #5625, .T. ) ;
#7099 = VECTOR ( 'NONE', #9447, 1000.000000000000000 ) ;
#7100 = VECTOR ( 'NONE', #586, 1000.000000000000000 ) ;
#7101 = CARTESIAN_POINT ( 'NONE',  ( 1.506102724332999854, 4.174946833346002251, -13.74615604780700906 ) ) ;
#7102 = CARTESIAN_POINT ( 'NONE',  ( 3.665462857232000271, 14.55000000000000071, -0.2500000000000000000 ) ) ;
#7103 = DIRECTION ( 'NONE',  ( 0.000000000000000000, -1.000000000000000000, 0.000000000000000000 ) ) ;
#7104 = DIRECTION ( 'NONE',  ( 0.1577384316472059955, 0.000000000000000000, 0.9874809300343372342 ) ) ;
#7105 = AXIS2_PLACEMENT_3D ( 'NONE', #4381, #6906, #2558 ) ;
#7106 = DIRECTION ( 'NONE',  ( -0.7077664394355829280, 0.000000000000000000, -0.7064465069689830345 ) ) ;
#7107 = ORIENTED_EDGE ( 'NONE', *, *, #10442, .F. ) ;
#7108 = VECTOR ( 'NONE', #7482, 1000.000000000000000 ) ;
#7109 = VECTOR ( 'NONE', #1029, 1000.000000000000000 ) ;
#7110 = CARTESIAN_POINT ( 'NONE',  ( 15.36017068599185009, 17.10000000000000142, -16.98816150090900123 ) ) ;
#7111 = LINE ( 'NONE', #6078, #9234 ) ;
#7112 = ORIENTED_EDGE ( 'NONE', *, *, #9726, .F. ) ;
#7113 = FACE_OUTER_BOUND ( 'NONE', #5256, .T. ) ;
#7114 = CARTESIAN_POINT ( 'NONE',  ( 15.33046285723199986, 3.600000000000000089, -10.80000000000000071 ) ) ;
#7115 = DIRECTION ( 'NONE',  ( -0.9805806756909163369, -0.1961161351382035567, 0.000000000000000000 ) ) ;
#7116 = AXIS2_PLACEMENT_3D ( 'NONE', #7550, #11171, #7481 ) ;
#7117 = VECTOR ( 'NONE', #7397, 1000.000000000000227 ) ;
#7118 = CARTESIAN_POINT ( 'NONE',  ( 17.38046285723200057, 0.5999999999999999778, -14.47000000000000064 ) ) ;
#7119 = DIRECTION ( 'NONE',  ( 0.1961161351382035567, -0.9805806756909162258, 0.000000000000000000 ) ) ;
#7120 = ORIENTED_EDGE ( 'NONE', *, *, #3606, .T. ) ;
#7121 = DIRECTION ( 'NONE',  ( 0.000000000000000000, 1.000000000000000000, 0.000000000000000000 ) ) ;
#7122 = EDGE_CURVE ( 'NONE', #11525, #3727, #5696, .T. ) ;
#7123 = FACE_BOUND ( 'NONE', #9751, .T. ) ;
#7124 = ORIENTED_EDGE ( 'NONE', *, *, #8188, .F. ) ;
#7125 = DIRECTION ( 'NONE',  ( 0.000000000000000000, 0.7071067811865475727, -0.7071067811865475727 ) ) ;
#7126 = EDGE_CURVE ( 'NONE', #9093, #7785, #6461, .T. ) ;
#7127 = ORIENTED_EDGE ( 'NONE', *, *, #1547, .T. ) ;
#7128 = VECTOR ( 'NONE', #1505, 1000.000000000000000 ) ;
#7129 = EDGE_CURVE ( 'NONE', #5549, #4218, #9146, .T. ) ;
#7130 = VECTOR ( 'NONE', #7808, 1000.000000000000000 ) ;
#7131 = EDGE_LOOP ( 'NONE', ( #10193, #3901, #5438 ) ) ;
#7132 = ORIENTED_EDGE ( 'NONE', *, *, #5407, .T. ) ;
#7133 = ORIENTED_EDGE ( 'NONE', *, *, #3000, .F. ) ;
#7134 = EDGE_CURVE ( 'NONE', #3476, #10169, #1237, .T. ) ;
#7135 = CARTESIAN_POINT ( 'NONE',  ( 14.61546285723200000, 9.679999999999999716, -9.799999999999998934 ) ) ;
#7136 = EDGE_CURVE ( 'NONE', #464, #5654, #162, .T. ) ;
#7137 = LINE ( 'NONE', #8952, #2224 ) ;
#7138 = CARTESIAN_POINT ( 'NONE',  ( 15.76546285723199858, 11.67999999999999972, -0.2500000000000000000 ) ) ;
#7139 = VECTOR ( 'NONE', #5816, 1000.000000000000000 ) ;
#7140 = AXIS2_PLACEMENT_3D ( 'NONE', #8883, #2543, #5475 ) ;
#7141 = CARTESIAN_POINT ( 'NONE',  ( 1.880462857232000129, 17.06999999999999673, -21.01999999999999957 ) ) ;
#7142 = EDGE_CURVE ( 'NONE', #2505, #6711, #7802, .T. ) ;
#7143 = VERTEX_POINT ( 'NONE', #9096 ) ;
#7144 = DIRECTION ( 'NONE',  ( 0.000000000000000000, 1.000000000000000000, 0.000000000000000000 ) ) ;
#7145 = ORIENTED_EDGE ( 'NONE', *, *, #2549, .T. ) ;
#7146 = ORIENTED_EDGE ( 'NONE', *, *, #3259, .T. ) ;
#7147 = ORIENTED_EDGE ( 'NONE', *, *, #9581, .T. ) ;
#7148 = ADVANCED_FACE ( 'NONE', ( #9038 ), #1055, .T. ) ;
#7149 = EDGE_CURVE ( 'NONE', #2066, #11205, #3707, .T. ) ;
#7150 = EDGE_CURVE ( 'NONE', #1544, #9457, #9713, .T. ) ;
#7151 = CARTESIAN_POINT ( 'NONE',  ( 1.650462857231999925, 0.5999999999999999778, -13.83000000000000007 ) ) ;
#7152 = VECTOR ( 'NONE', #7354, 1000.000000000000000 ) ;
#7153 = LINE ( 'NONE', #865, #6236 ) ;
#7154 = VECTOR ( 'NONE', #8897, 1000.000000000000000 ) ;
#7155 = SPHERICAL_SURFACE ( 'NONE', #3342, 0.1000000000000000056 ) ;
#7156 = EDGE_CURVE ( 'NONE', #11238, #8819, #1112, .T. ) ;
#7157 = VERTEX_POINT ( 'NONE', #2985 ) ;
#7158 = DIRECTION ( 'NONE',  ( 0.000000000000000000, -1.000000000000000000, 0.000000000000000000 ) ) ;
#7159 = FACE_OUTER_BOUND ( 'NONE', #7249, .T. ) ;
#7160 = DIRECTION ( 'NONE',  ( -5.532081489055000134E-14, -1.000000000000000000, -8.759974908356999957E-13 ) ) ;
#7161 = CIRCLE ( 'NONE', #10158, 0.2300000000000010369 ) ;
#7162 = DIRECTION ( 'NONE',  ( 1.000000000000000000, 0.000000000000000000, 0.000000000000000000 ) ) ;
#7163 = DIRECTION ( 'NONE',  ( 0.1577384316472059955, 0.000000000000000000, -0.9874809300343372342 ) ) ;
#7164 = CIRCLE ( 'NONE', #1364, 0.09999999999999983902 ) ;
#7165 = ORIENTED_EDGE ( 'NONE', *, *, #8803, .F. ) ;
#7166 = AXIS2_PLACEMENT_3D ( 'NONE', #9753, #9646, #1498 ) ;
#7167 = ORIENTED_EDGE ( 'NONE', *, *, #7129, .F. ) ;
#7168 = LINE ( 'NONE', #7044, #7543 ) ;
#7169 = AXIS2_PLACEMENT_3D ( 'NONE', #8756, #5527, #8 ) ;
#7170 = CARTESIAN_POINT ( 'NONE',  ( 10.27228726123319902, 17.30000000000000071, -15.45000000000000107 ) ) ;
#7171 = DIRECTION ( 'NONE',  ( 0.000000000000000000, 0.000000000000000000, -1.000000000000000000 ) ) ;
#7172 = DIRECTION ( 'NONE',  ( 0.7397541567183072431, 0.000000000000000000, 0.6728772455790030804 ) ) ;
#7173 = ORIENTED_EDGE ( 'NONE', *, *, #10218, .F. ) ;
#7174 = CARTESIAN_POINT ( 'NONE',  ( 10.47546285723199944, 4.000000000000000000, -17.32499999999999929 ) ) ;
#7175 = ORIENTED_EDGE ( 'NONE', *, *, #3402, .F. ) ;
#7176 = CARTESIAN_POINT ( 'NONE',  ( 15.11546285723200000, 9.679999999999999716, 0.000000000000000000 ) ) ;
#7177 = EDGE_LOOP ( 'NONE', ( #5194, #1525, #8501, #6350 ) ) ;
#7178 = DIRECTION ( 'NONE',  ( -0.7071067811865442421, 0.7071067811865507924, 0.000000000000000000 ) ) ;
#7179 = CARTESIAN_POINT ( 'NONE',  ( 4.133127043912000254, 0.5000000000000000000, -12.25653437180100092 ) ) ;
#7180 = DIRECTION ( 'NONE',  ( 0.000000000000000000, 1.000000000000000000, 0.000000000000000000 ) ) ;
#7181 = FACE_OUTER_BOUND ( 'NONE', #4487, .T. ) ;
#7182 = ORIENTED_EDGE ( 'NONE', *, *, #9840, .F. ) ;
#7183 = CARTESIAN_POINT ( 'NONE',  ( 15.36017068599200108, 17.30000000000000071, -16.98816152811100011 ) ) ;
#7184 = FACE_OUTER_BOUND ( 'NONE', #6901, .T. ) ;
#7185 = ORIENTED_EDGE ( 'NONE', *, *, #7299, .T. ) ;
#7186 = DIRECTION ( 'NONE',  ( 0.000000000000000000, 0.000000000000000000, -1.000000000000000000 ) ) ;
#7187 = FACE_OUTER_BOUND ( 'NONE', #9431, .T. ) ;
#7188 = VERTEX_POINT ( 'NONE', #1985 ) ;
#7189 = ORIENTED_EDGE ( 'NONE', *, *, #8456, .F. ) ;
#7190 = CARTESIAN_POINT ( 'NONE',  ( 11.39546285723199937, 0.000000000000000000, -19.51500000000000057 ) ) ;
#7191 = CARTESIAN_POINT ( 'NONE',  ( 7.835462857232000644, 0.000000000000000000, -16.97500000000000142 ) ) ;
#7192 = EDGE_CURVE ( 'NONE', #10131, #4392, #7091, .T. ) ;
#7193 = DIRECTION ( 'NONE',  ( 0.1577384316472046910, 0.000000000000000000, -0.9874809300343374563 ) ) ;
#7194 = ADVANCED_FACE ( 'NONE', ( #5513 ), #4711, .T. ) ;
#7195 = LINE ( 'NONE', #4560, #1494 ) ;
#7196 = ORIENTED_EDGE ( 'NONE', *, *, #4354, .F. ) ;
#7197 = EDGE_CURVE ( 'NONE', #6685, #4033, #2221, .T. ) ;
#7198 = DIRECTION ( 'NONE',  ( -0.1577384316473046666, 0.000000000000000000, -0.9874809300343215801 ) ) ;
#7199 = EDGE_LOOP ( 'NONE', ( #2102, #640, #6839, #11241 ) ) ;
#7200 = ORIENTED_EDGE ( 'NONE', *, *, #3553, .T. ) ;
#7201 = VERTEX_POINT ( 'NONE', #3271 ) ;
#7202 = ORIENTED_EDGE ( 'NONE', *, *, #3115, .F. ) ;
#7203 = CARTESIAN_POINT ( 'NONE',  ( 1.880462857232000129, 17.06999999999999673, -0.2300000000000000100 ) ) ;
#7204 = ORIENTED_EDGE ( 'NONE', *, *, #10155, .T. ) ;
#7205 = CARTESIAN_POINT ( 'NONE',  ( 11.29546285723199972, 0.5000000000000000000, -19.51500000000000057 ) ) ;
#7206 = DIRECTION ( 'NONE',  ( 0.000000000000000000, -1.000000000000000000, 0.000000000000000000 ) ) ;
#7207 = DIRECTION ( 'NONE',  ( 0.000000000000000000, -1.000000000000000000, 0.000000000000000000 ) ) ;
#7208 = EDGE_LOOP ( 'NONE', ( #7835, #4917, #3129, #1543 ) ) ;
#7209 = DIRECTION ( 'NONE',  ( 1.000000000000000000, 0.000000000000000000, 0.000000000000000000 ) ) ;
#7210 = ADVANCED_FACE ( 'NONE', ( #4155 ), #1853, .T. ) ;
#7211 = EDGE_CURVE ( 'NONE', #2980, #8878, #5811, .T. ) ;
#7212 = CARTESIAN_POINT ( 'NONE',  ( 13.30418104314404104, 17.10000000000000142, -17.14902511909254912 ) ) ;
#7213 = EDGE_CURVE ( 'NONE', #9201, #6414, #3920, .T. ) ;
#7214 = CYLINDRICAL_SURFACE ( 'NONE', #11264, 1.574999999999999956 ) ;
#7215 = DIRECTION ( 'NONE',  ( 0.000000000000000000, -1.000000000000000000, 0.000000000000000000 ) ) ;
#7216 = ORIENTED_EDGE ( 'NONE', *, *, #1921, .T. ) ;
#7217 = ORIENTED_EDGE ( 'NONE', *, *, #5080, .F. ) ;
#7218 = DIRECTION ( 'NONE',  ( 0.000000000000000000, -1.000000000000000000, 0.000000000000000000 ) ) ;
#7219 = CARTESIAN_POINT ( 'NONE',  ( 15.56546285723199929, 9.679999999999999716, -0.4500000000000000111 ) ) ;
#7220 = EDGE_CURVE ( 'NONE', #5092, #2774, #3217, .T. ) ;
#7221 = ADVANCED_FACE ( 'NONE', ( #7745 ), #9388, .T. ) ;
#7222 = DIRECTION ( 'NONE',  ( 0.000000000000000000, 0.000000000000000000, -1.000000000000000000 ) ) ;
#7223 = LINE ( 'NONE', #1996, #7477 ) ;
#7224 = CARTESIAN_POINT ( 'NONE',  ( 15.56312704391199908, 0.5000000000000000000, -12.25653437180100092 ) ) ;
#7225 = EDGE_LOOP ( 'NONE', ( #8553, #1513, #3108, #3612 ) ) ;
#7226 = CARTESIAN_POINT ( 'NONE',  ( 3.900462857232000147, 0.5000000000000000000, -10.80000000000000071 ) ) ;
#7227 = CARTESIAN_POINT ( 'NONE',  ( 14.78046285723200093, 4.000000000000000000, -14.75000000000000000 ) ) ;
#7228 = EDGE_LOOP ( 'NONE', ( #7782, #8947, #2162, #11279 ) ) ;
#7229 = CARTESIAN_POINT ( 'NONE',  ( 7.935462857231999401, 4.000000000000000000, -17.32499999999999929 ) ) ;
#7230 = ORIENTED_EDGE ( 'NONE', *, *, #11193, .T. ) ;
#7231 = DIRECTION ( 'NONE',  ( 1.000000000000000000, 0.000000000000000000, 0.000000000000000000 ) ) ;
#7232 = LINE ( 'NONE', #4417, #10642 ) ;
#7233 = FACE_OUTER_BOUND ( 'NONE', #4451, .T. ) ;
#7234 = CARTESIAN_POINT ( 'NONE',  ( 15.84888881419600004, 17.30000000000000071, -16.99122564792600087 ) ) ;
#7235 = ORIENTED_EDGE ( 'NONE', *, *, #11137, .T. ) ;
#7236 = CARTESIAN_POINT ( 'NONE',  ( 15.08202482738800043, 3.600000000000000089, -12.35528246480399872 ) ) ;
#7237 = DIRECTION ( 'NONE',  ( 0.000000000000000000, 1.000000000000000000, 0.000000000000000000 ) ) ;
#7238 = ORIENTED_EDGE ( 'NONE', *, *, #11005, .F. ) ;
#7239 = LINE ( 'NONE', #140, #9045 ) ;
#7240 = FACE_OUTER_BOUND ( 'NONE', #11451, .T. ) ;
#7241 = VERTEX_POINT ( 'NONE', #2392 ) ;
#7242 = ORIENTED_EDGE ( 'NONE', *, *, #4457, .F. ) ;
#7243 = CARTESIAN_POINT ( 'NONE',  ( 1.500462857232000013, 0.6500000000000000222, -13.84113101483900188 ) ) ;
#7244 = LINE ( 'NONE', #10008, #3902 ) ;
#7245 = CARTESIAN_POINT ( 'NONE',  ( 17.72482299013098839, 0.6688401222319991790, -13.91628988834199809 ) ) ;
#7246 = DIRECTION ( 'NONE',  ( -0.001485959642858818066, 0.000000000000000000, 0.9999988959613604900 ) ) ;
#7247 = ORIENTED_EDGE ( 'NONE', *, *, #8085, .T. ) ;
#7248 = CARTESIAN_POINT ( 'NONE',  ( 2.735462857232000555, 4.000000000000000000, -6.490000000000000213 ) ) ;
#7249 = EDGE_LOOP ( 'NONE', ( #9389, #1047, #5982, #7679 ) ) ;
#7250 = EDGE_LOOP ( 'NONE', ( #1973, #658, #6883, #1950 ) ) ;
#7251 = ORIENTED_EDGE ( 'NONE', *, *, #6908, .T. ) ;
#7252 = ORIENTED_EDGE ( 'NONE', *, *, #9514, .F. ) ;
#7253 = CARTESIAN_POINT ( 'NONE',  ( 15.38046285723200057, 3.600000000000000089, -14.75000000000000000 ) ) ;
#7254 = AXIS2_PLACEMENT_3D ( 'NONE', #2704, #7934, #5461 ) ;
#7255 = ORIENTED_EDGE ( 'NONE', *, *, #269, .T. ) ;
#7256 = DIRECTION ( 'NONE',  ( 0.000000000000000000, 0.000000000000000000, -1.000000000000000000 ) ) ;
#7257 = LINE ( 'NONE', #2802, #10513 ) ;
#7258 = CARTESIAN_POINT ( 'NONE',  ( 5.395462857232000253, 4.000000000000000000, -17.32499999999999929 ) ) ;
#7259 = ORIENTED_EDGE ( 'NONE', *, *, #1981, .T. ) ;
#7260 = FACE_OUTER_BOUND ( 'NONE', #9484, .T. ) ;
#7261 = DIRECTION ( 'NONE',  ( 0.000000000000000000, 0.000000000000000000, 1.000000000000000000 ) ) ;
#7262 = AXIS2_PLACEMENT_3D ( 'NONE', #5788, #9427, #3198 ) ;
#7263 = PLANE ( 'NONE',  #6220 ) ;
#7264 = ADVANCED_FACE ( 'NONE', ( #11352 ), #5977, .T. ) ;
#7265 = DIRECTION ( 'NONE',  ( 1.000000000000000000, 0.000000000000000000, 0.000000000000000000 ) ) ;
#7266 = EDGE_CURVE ( 'NONE', #3657, #7462, #5747, .T. ) ;
#7267 = ORIENTED_EDGE ( 'NONE', *, *, #5575, .T. ) ;
#7268 = ORIENTED_EDGE ( 'NONE', *, *, #10300, .T. ) ;
#7269 = EDGE_CURVE ( 'NONE', #3801, #3590, #6752, .T. ) ;
#7270 = AXIS2_PLACEMENT_3D ( 'NONE', #844, #9994, #958 ) ;
#7271 = EDGE_CURVE ( 'NONE', #10393, #9298, #1519, .T. ) ;
#7272 = LINE ( 'NONE', #5521, #4925 ) ;
#7273 = VECTOR ( 'NONE', #7088, 1000.000000000000000 ) ;
#7274 = B_SPLINE_CURVE_WITH_KNOTS ( 'NONE', 3,
 ( #4622, #3668, #5446, #7384 ),
 .UNSPECIFIED., .F., .F.,
 ( 4, 4 ),
 ( 0.000000000000000000, 1.000000000000000000 ),
 .UNSPECIFIED. ) ;
#7275 = CARTESIAN_POINT ( 'NONE',  ( 15.73866793798899621, 14.65000000000000036, -0.2500000000000000000 ) ) ;
#7276 = DIRECTION ( 'NONE',  ( -0.000000000000000000, 0.7071067811865475727, 0.7071067811865475727 ) ) ;
#7277 = EDGE_CURVE ( 'NONE', #1336, #6074, #4868, .T. ) ;
#7278 = FACE_OUTER_BOUND ( 'NONE', #10279, .T. ) ;
#7279 = CARTESIAN_POINT ( 'NONE',  ( 2.443928485430999942, 0.5000000000000000000, -10.56733581331999972 ) ) ;
#7280 = ORIENTED_EDGE ( 'NONE', *, *, #7352, .T. ) ;
#7281 = CARTESIAN_POINT ( 'NONE',  ( 5.045462857231999720, 0.000000000000000000, -16.97500000000000142 ) ) ;
#7282 = VECTOR ( 'NONE', #1771, 1000.000000000000000 ) ;
#7283 = VECTOR ( 'NONE', #4612, 1000.000000000000000 ) ;
#7284 = VECTOR ( 'NONE', #4880, 1000.000000000000000 ) ;
#7285 = ORIENTED_EDGE ( 'NONE', *, *, #6292, .F. ) ;
#7286 = CARTESIAN_POINT ( 'NONE',  ( 15.36017068599200108, 17.30000000000000071, -16.98816152811100011 ) ) ;
#7287 = EDGE_CURVE ( 'NONE', #8741, #6185, #2429, .T. ) ;
#7288 = EDGE_CURVE ( 'NONE', #1360, #11328, #472, .T. ) ;
#7289 = ORIENTED_EDGE ( 'NONE', *, *, #6663, .F. ) ;
#7290 = CARTESIAN_POINT ( 'NONE',  ( 4.350462857232000324, 3.700000000000000178, 27.70149999999999935 ) ) ;
#7291 = DIRECTION ( 'NONE',  ( 0.000000000000000000, 1.000000000000000000, 0.000000000000000000 ) ) ;
#7292 = VECTOR ( 'NONE', #485, 1000.000000000000000 ) ;
#7293 = DIRECTION ( 'NONE',  ( 0.000000000000000000, 0.000000000000000000, 1.000000000000000000 ) ) ;
#7294 = CARTESIAN_POINT ( 'NONE',  ( 14.64471057628099970, 17.10000000000000142, -15.45000000000000107 ) ) ;
#7295 = EDGE_LOOP ( 'NONE', ( #6234, #431, #11401, #8870 ) ) ;
#7296 = AXIS2_PLACEMENT_3D ( 'NONE', #6719, #6836, #4897 ) ;
#7297 = VECTOR ( 'NONE', #1867, 1000.000000000000000 ) ;
#7298 = CARTESIAN_POINT ( 'NONE',  ( 5.765462857231999472, 4.500000000000000000, -0.2500000000000000000 ) ) ;
#7299 = EDGE_CURVE ( 'NONE', #5760, #5946, #1410, .T. ) ;
#7300 = LINE ( 'NONE', #138, #7109 ) ;
#7301 = ORIENTED_EDGE ( 'NONE', *, *, #4773, .T. ) ;
#7302 = CARTESIAN_POINT ( 'NONE',  ( 13.25927305105200027, 17.30000000000000071, -17.20687288253900249 ) ) ;
#7303 = DIRECTION ( 'NONE',  ( 1.000000000000000000, 0.000000000000000000, 0.000000000000000000 ) ) ;
#7304 = EDGE_LOOP ( 'NONE', ( #8274, #9936, #10194, #11496, #1949 ) ) ;
#7305 = VECTOR ( 'NONE', #3408, 1000.000000000000000 ) ;
#7306 = ORIENTED_EDGE ( 'NONE', *, *, #9839, .F. ) ;
#7307 = VECTOR ( 'NONE', #5598, 1000.000000000000000 ) ;
#7308 = CARTESIAN_POINT ( 'NONE',  ( 12.56546285723199929, 4.000000000000000000, -16.97500000000000142 ) ) ;
#7309 = CARTESIAN_POINT ( 'NONE',  ( 3.750967746937088343, 3.644280495572616019, -9.232110823672531552 ) ) ;
#7310 = CARTESIAN_POINT ( 'NONE',  ( 15.36017068599200108, 17.30000000000000071, -16.98816152811100011 ) ) ;
#7311 = DIRECTION ( 'NONE',  ( 0.000000000000000000, 0.000000000000000000, 1.000000000000000000 ) ) ;
#7312 = ORIENTED_EDGE ( 'NONE', *, *, #1042, .F. ) ;
#7313 = AXIS2_PLACEMENT_3D ( 'NONE', #6294, #6472, #9859 ) ;
#7314 = AXIS2_PLACEMENT_3D ( 'NONE', #8196, #5699, #3053 ) ;
#7315 = CARTESIAN_POINT ( 'NONE',  ( 8.805462857231999507, 0.2500000000000000000, -19.68999999999999773 ) ) ;
#7316 = EDGE_LOOP ( 'NONE', ( #6098, #2685, #9343, #10492 ) ) ;
#7317 = ORIENTED_EDGE ( 'NONE', *, *, #257, .F. ) ;
#7318 = ORIENTED_EDGE ( 'NONE', *, *, #169, .T. ) ;
#7319 = EDGE_LOOP ( 'NONE', ( #6451, #4031, #3771, #9467 ) ) ;
#7320 = CYLINDRICAL_SURFACE ( 'NONE', #929, 0.1000000000000002692 ) ;
#7321 = DIRECTION ( 'NONE',  ( 1.000000000000000000, 0.000000000000000000, 0.000000000000000000 ) ) ;
#7322 = VECTOR ( 'NONE', #6740, 1000.000000000000000 ) ;
#7323 = LINE ( 'NONE', #9145, #2837 ) ;
#7324 = ORIENTED_EDGE ( 'NONE', *, *, #6189, .T. ) ;
#7325 = CARTESIAN_POINT ( 'NONE',  ( 6.665462857231999827, 4.000000000000000000, -19.51500000000000057 ) ) ;
#7326 = CARTESIAN_POINT ( 'NONE',  ( 7.385462857231999578, 4.549999999999999822, 0.000000000000000000 ) ) ;
#7327 = MECHANICAL_DESIGN_GEOMETRIC_PRESENTATION_REPRESENTATION (  '', ( #2459 ), #10884 ) ;
#7328 = LINE ( 'NONE', #6284, #10889 ) ;
#7329 = CARTESIAN_POINT ( 'NONE',  ( 15.11546285723200000, 9.679999999999999716, -0.5000000000000000000 ) ) ;
#7330 = ORIENTED_EDGE ( 'NONE', *, *, #3000, .T. ) ;
#7331 = AXIS2_PLACEMENT_3D ( 'NONE', #160, #3730, #5512 ) ;
#7332 = ORIENTED_EDGE ( 'NONE', *, *, #700, .F. ) ;
#7333 = AXIS2_PLACEMENT_3D ( 'NONE', #824, #7095, #2358 ) ;
#7334 = AXIS2_PLACEMENT_3D ( 'NONE', #10991, #6677, #2017 ) ;
#7335 = CARTESIAN_POINT ( 'NONE',  ( 17.35046285723199944, 17.06999999999999673, -21.01999999999999957 ) ) ;
#7336 = ADVANCED_FACE ( 'NONE', ( #4091 ), #7677, .T. ) ;
#7337 = DIRECTION ( 'NONE',  ( 0.000000000000000000, -1.000000000000000000, 0.000000000000000000 ) ) ;
#7338 = EDGE_CURVE ( 'NONE', #5123, #446, #3715, .T. ) ;
#7339 = AXIS2_PLACEMENT_3D ( 'NONE', #9930, #6247, #9871 ) ;
#7340 = DIRECTION ( 'NONE',  ( 1.000000000000000000, 0.000000000000000000, 0.000000000000000000 ) ) ;
#7341 = CARTESIAN_POINT ( 'NONE',  ( 1.500462857232000013, 4.343779418383999946, -13.84113101483900188 ) ) ;
#7342 = DIRECTION ( 'NONE',  ( 0.000000000000000000, 0.000000000000000000, -1.000000000000000000 ) ) ;
#7343 = ORIENTED_EDGE ( 'NONE', *, *, #11293, .F. ) ;
#7344 = VECTOR ( 'NONE', #4746, 1000.000000000000000 ) ;
#7345 = CARTESIAN_POINT ( 'NONE',  ( 15.56312704391199908, 0.5000000000000000000, -9.343465628199998818 ) ) ;
#7346 = EDGE_CURVE ( 'NONE', #6342, #5622, #10649, .T. ) ;
#7347 = FACE_OUTER_BOUND ( 'NONE', #2343, .T. ) ;
#7348 = ORIENTED_EDGE ( 'NONE', *, *, #7364, .T. ) ;
#7349 = VERTEX_POINT ( 'NONE', #4324 ) ;
#7350 = VECTOR ( 'NONE', #2248, 1000.000000000000000 ) ;
#7351 = CARTESIAN_POINT ( 'NONE',  ( 14.78046285723200093, 3.700000000000000178, -11.64432666501200053 ) ) ;
#7352 = EDGE_CURVE ( 'NONE', #3072, #682, #2046, .T. ) ;
#7353 = EDGE_LOOP ( 'NONE', ( #8708, #3225, #11478, #859 ) ) ;
#7354 = DIRECTION ( 'NONE',  ( 0.000000000000000000, -1.000000000000000000, 0.000000000000000000 ) ) ;
#7355 = TOROIDAL_SURFACE ( 'NONE', #432, 1.310040583880999865, 0.1000000000000000056 ) ;
#7356 = CARTESIAN_POINT ( 'NONE',  ( 16.42783201400199999, 4.750000000000000000, -0.2000000000000000111 ) ) ;
#7357 = CARTESIAN_POINT ( 'NONE',  ( 11.79608977326108921, 4.549999999999998934, -0.2993730839722698600 ) ) ;
#7358 = CARTESIAN_POINT ( 'NONE',  ( 14.16671680186699867, 17.10000000000000142, -17.64999999999999858 ) ) ;
#7359 = ORIENTED_EDGE ( 'NONE', *, *, #9367, .T. ) ;
#7360 = FACE_OUTER_BOUND ( 'NONE', #1605, .T. ) ;
#7361 = CARTESIAN_POINT ( 'NONE',  ( 17.54029501086715115, 4.040158503436569681, -0.09924446468360781370 ) ) ;
#7362 = ORIENTED_EDGE ( 'NONE', *, *, #8803, .T. ) ;
#7363 = LINE ( 'NONE', #6490, #9616 ) ;
#7364 = EDGE_CURVE ( 'NONE', #4021, #7565, #7858, .T. ) ;
#7365 = EDGE_CURVE ( 'NONE', #956, #10598, #6556, .T. ) ;
#7366 = EDGE_CURVE ( 'NONE', #6563, #3351, #10595, .T. ) ;
#7367 = CYLINDRICAL_SURFACE ( 'NONE', #8096, 0.09999999999999939493 ) ;
#7368 = ORIENTED_EDGE ( 'NONE', *, *, #5644, .F. ) ;
#7369 = VERTEX_POINT ( 'NONE', #11520 ) ;
#7370 = DIRECTION ( 'NONE',  ( 0.000000000000000000, 0.000000000000000000, -1.000000000000000000 ) ) ;
#7371 = CARTESIAN_POINT ( 'NONE',  ( 9.615462857231998228, 10.65000000000000036, -0.2000000000000000111 ) ) ;
#7372 = DIRECTION ( 'NONE',  ( -5.582835155604999732E-14, -1.000000000000000000, 8.770126498986999918E-13 ) ) ;
#7373 = CARTESIAN_POINT ( 'NONE',  ( 14.78046285723200093, 3.600000000000000089, -4.750000000000000000 ) ) ;
#7374 = CARTESIAN_POINT ( 'NONE',  ( 12.76546285723199858, 7.649999999999999467, -0.4500000000000000111 ) ) ;
#7375 = EDGE_LOOP ( 'NONE', ( #4062, #917, #6634, #7963 ) ) ;
#7376 = LINE ( 'NONE', #4797, #2297 ) ;
#7377 = CARTESIAN_POINT ( 'NONE',  ( 9.435797106966900216, 17.30000000000000071, -16.57910867929499688 ) ) ;
#7378 = EDGE_LOOP ( 'NONE', ( #9691, #9543, #6199, #3556 ) ) ;
#7379 = ORIENTED_EDGE ( 'NONE', *, *, #4698, .T. ) ;
#7380 = ORIENTED_EDGE ( 'NONE', *, *, #122, .T. ) ;
#7381 = VERTEX_POINT ( 'NONE', #2618 ) ;
#7382 = DIRECTION ( 'NONE',  ( -0.06374322529214788979, 0.000000000000000000, 0.9979663327133607709 ) ) ;
#7383 = DIRECTION ( 'NONE',  ( 0.000000000000000000, -1.000000000000000000, 0.000000000000000000 ) ) ;
#7384 = CARTESIAN_POINT ( 'NONE',  ( 15.52700791484399900, 17.30000000000000071, -17.56236614695500009 ) ) ;
#7385 = CARTESIAN_POINT ( 'NONE',  ( 4.133127043912000254, 0.5000000000000000000, -9.343465628199998818 ) ) ;
#7386 = ORIENTED_EDGE ( 'NONE', *, *, #6858, .T. ) ;
#7387 = DIRECTION ( 'NONE',  ( 0.000000000000000000, 0.7071067811865506814, 0.7071067811865444641 ) ) ;
#7388 = FACE_OUTER_BOUND ( 'NONE', #10041, .T. ) ;
#7389 = DIRECTION ( 'NONE',  ( -1.000000000000000000, 0.000000000000000000, 0.000000000000000000 ) ) ;
#7390 = LINE ( 'NONE', #8453, #9774 ) ;
#7391 = ORIENTED_EDGE ( 'NONE', *, *, #1413, .T. ) ;
#7392 = ORIENTED_EDGE ( 'NONE', *, *, #5794, .T. ) ;
#7393 = DIRECTION ( 'NONE',  ( 1.000000000000000000, 0.000000000000000000, 0.000000000000000000 ) ) ;
#7394 = DIRECTION ( 'NONE',  ( -0.9979663327133607709, 0.000000000000000000, -0.06374322529214788979 ) ) ;
#7395 = CARTESIAN_POINT ( 'NONE',  ( 7.765880787069900038, 17.10000000000000142, -16.61434546718659888 ) ) ;
#7396 = LINE ( 'NONE', #2129, #9362 ) ;
#7397 = DIRECTION ( 'NONE',  ( -0.4618485268515728492, 0.000000000000000000, -0.8869588142890468818 ) ) ;
#7398 = ORIENTED_EDGE ( 'NONE', *, *, #9232, .F. ) ;
#7399 = ORIENTED_EDGE ( 'NONE', *, *, #10217, .T. ) ;
#7400 = DIRECTION ( 'NONE',  ( 0.000000000000000000, 0.000000000000000000, -1.000000000000000000 ) ) ;
#7401 = CARTESIAN_POINT ( 'NONE',  ( 11.72065829259199887, 4.506599386491999759, -0.2856366870600014485 ) ) ;
#7402 = EDGE_LOOP ( 'NONE', ( #7132, #2293, #1623, #8578 ) ) ;
#7403 = EDGE_CURVE ( 'NONE', #9866, #8698, #8901, .T. ) ;
#7404 = EDGE_CURVE ( 'NONE', #11328, #2687, #1583, .T. ) ;
#7405 = CYLINDRICAL_SURFACE ( 'NONE', #8654, 0.09999999999999956146 ) ;
#7406 = EDGE_LOOP ( 'NONE', ( #4781, #1957, #49, #410, #5103, #5741, #10804 ) ) ;
#7407 = FACE_OUTER_BOUND ( 'NONE', #7316, .T. ) ;
#7408 = LINE ( 'NONE', #2947, #4287 ) ;
#7409 = EDGE_CURVE ( 'NONE', #7715, #7602, #7078, .T. ) ;
#7410 = DIRECTION ( 'NONE',  ( 1.000000000000000000, 0.000000000000000000, 0.000000000000000000 ) ) ;
#7411 = CARTESIAN_POINT ( 'NONE',  ( 14.80580845673386570, 3.632332119985334451, -11.68163364110139213 ) ) ;
#7412 = ORIENTED_EDGE ( 'NONE', *, *, #1613, .T. ) ;
#7413 = CARTESIAN_POINT ( 'NONE',  ( 17.58046285723199986, 3.850000000000000089, -13.23000000000000043 ) ) ;
#7414 = FACE_OUTER_BOUND ( 'NONE', #7012, .T. ) ;
#7415 = ORIENTED_EDGE ( 'NONE', *, *, #7799, .F. ) ;
#7416 = CARTESIAN_POINT ( 'NONE',  ( 15.84888881419674966, 17.30000000000000071, -16.99122565944425034 ) ) ;
#7417 = CARTESIAN_POINT ( 'NONE',  ( 1.650462857232000369, 3.999999999999996447, -0.2121242285442828390 ) ) ;
#7418 = ORIENTED_EDGE ( 'NONE', *, *, #11438, .F. ) ;
#7419 = EDGE_CURVE ( 'NONE', #1635, #1797, #6145, .T. ) ;
#7420 = EDGE_CURVE ( 'NONE', #10650, #5084, #4264, .T. ) ;
#7421 = DIRECTION ( 'NONE',  ( 0.000000000000000000, -1.000000000000000000, 0.000000000000000000 ) ) ;
#7422 = CARTESIAN_POINT ( 'NONE',  ( 6.265462857232000360, 7.450000000000000178, -0.2500000000000000000 ) ) ;
#7423 = EDGE_CURVE ( 'NONE', #2311, #4166, #8955, .T. ) ;
#7424 = EDGE_CURVE ( 'NONE', #9127, #10683, #8842, .T. ) ;
#7425 = FACE_OUTER_BOUND ( 'NONE', #3972, .T. ) ;
#7426 = CARTESIAN_POINT ( 'NONE',  ( 3.235462857232000111, 4.000000000000000000, -6.490000000000000213 ) ) ;
#7427 = DIRECTION ( 'NONE',  ( 0.000000000000000000, 0.000000000000000000, -1.000000000000000000 ) ) ;
#7428 = ORIENTED_EDGE ( 'NONE', *, *, #6070, .T. ) ;
#7429 = DIRECTION ( 'NONE',  ( 0.000000000000000000, -1.000000000000000000, 0.000000000000000000 ) ) ;
#7430 = CARTESIAN_POINT ( 'NONE',  ( 4.350462857232000324, 3.700000000000000178, -14.75000000000000000 ) ) ;
#7431 = ORIENTED_EDGE ( 'NONE', *, *, #8456, .T. ) ;
#7432 = ORIENTED_EDGE ( 'NONE', *, *, #2698, .F. ) ;
#7433 = ORIENTED_EDGE ( 'NONE', *, *, #5063, .T. ) ;
#7434 = VERTEX_POINT ( 'NONE', #4383 ) ;
#7435 = DIRECTION ( 'NONE',  ( 0.000000000000000000, 0.000000000000000000, 1.000000000000000000 ) ) ;
#7436 = ORIENTED_EDGE ( 'NONE', *, *, #3418, .F. ) ;
#7437 = DIRECTION ( 'NONE',  ( -1.000000000000000000, 0.000000000000000000, 0.000000000000000000 ) ) ;
#7438 = EDGE_CURVE ( 'NONE', #6823, #5654, #1792, .T. ) ;
#7439 = EDGE_CURVE ( 'NONE', #11213, #1229, #916, .T. ) ;
#7440 = DIRECTION ( 'NONE',  ( -1.000000000000000000, 0.000000000000000000, 0.000000000000000000 ) ) ;
#7441 = CARTESIAN_POINT ( 'NONE',  ( 15.33046285723199986, 0.4000000000000000222, -10.80000000000000071 ) ) ;
#7442 = VERTEX_POINT ( 'NONE', #1743 ) ;
#7443 = CARTESIAN_POINT ( 'NONE',  ( 17.38046285723200057, 0.000000000000000000, -13.83000000000000007 ) ) ;
#7444 = DIRECTION ( 'NONE',  ( -1.000000000000000000, 0.000000000000000000, 0.000000000000000000 ) ) ;
#7445 = DIRECTION ( 'NONE',  ( -0.1961161351382035567, 0.9805806756909163369, 0.000000000000000000 ) ) ;
#7446 = ORIENTED_EDGE ( 'NONE', *, *, #6663, .T. ) ;
#7447 = ORIENTED_EDGE ( 'NONE', *, *, #9521, .F. ) ;
#7448 = DIRECTION ( 'NONE',  ( 0.1961161351382035567, -0.9805806756909162258, 0.000000000000000000 ) ) ;
#7449 = DIRECTION ( 'NONE',  ( -0.9874809300343374563, 0.000000000000000000, 0.1577384316472046910 ) ) ;
#7450 = CIRCLE ( 'NONE', #11377, 1.575000000000000844 ) ;
#7451 = PLANE ( 'NONE',  #746 ) ;
#7452 = PLANE ( 'NONE',  #9413 ) ;
#7453 = CARTESIAN_POINT ( 'NONE',  ( 2.735462857232000555, 0.000000000000000000, -6.989999999999999325 ) ) ;
#7454 = EDGE_LOOP ( 'NONE', ( #7684, #923, #11409, #2169 ) ) ;
#7455 = VERTEX_POINT ( 'NONE', #7843 ) ;
#7456 = LINE ( 'NONE', #9340, #2497 ) ;
#7457 = CARTESIAN_POINT ( 'NONE',  ( 12.76546285723199858, 7.649999999999999467, -0.4500000000000000111 ) ) ;
#7458 = CIRCLE ( 'NONE', #11222, 1.210040583880999554 ) ;
#7459 = VERTEX_POINT ( 'NONE', #6973 ) ;
#7460 = VECTOR ( 'NONE', #1614, 1000.000000000000000 ) ;
#7461 = DIRECTION ( 'NONE',  ( 0.000000000000000000, 1.000000000000000000, 0.000000000000000000 ) ) ;
#7462 = VERTEX_POINT ( 'NONE', #2515 ) ;
#7463 = CARTESIAN_POINT ( 'NONE',  ( 10.72117327426400024, 17.30000000000000071, -17.64999999999999858 ) ) ;
#7464 = CARTESIAN_POINT ( 'NONE',  ( 17.38046285723200057, 4.000000000000000000, -13.23000000000000043 ) ) ;
#7465 = CARTESIAN_POINT ( 'NONE',  ( 1.650462857231999925, 4.000000000000000000, -0.2300000000000000100 ) ) ;
#7466 = VERTEX_POINT ( 'NONE', #39 ) ;
#7467 = AXIS2_PLACEMENT_3D ( 'NONE', #1443, #7888, #6894 ) ;
#7468 = CYLINDRICAL_SURFACE ( 'NONE', #4885, 0.2299999999999999545 ) ;
#7469 = DIRECTION ( 'NONE',  ( 0.000000000000000000, 0.000000000000000000, -1.000000000000000000 ) ) ;
#7470 = ORIENTED_EDGE ( 'NONE', *, *, #2422, .F. ) ;
#7471 = AXIS2_PLACEMENT_3D ( 'NONE', #8740, #4277, #1696 ) ;
#7472 = CIRCLE ( 'NONE', #10655, 1.210040583880999554 ) ;
#7473 = DIRECTION ( 'NONE',  ( 0.000000000000000000, -1.000000000000000000, 0.000000000000000000 ) ) ;
#7474 = CARTESIAN_POINT ( 'NONE',  ( 17.58046285723199986, 4.000000000000000000, -14.61999999999999922 ) ) ;
#7475 = ORIENTED_EDGE ( 'NONE', *, *, #1258, .T. ) ;
#7476 = DIRECTION ( 'NONE',  ( 0.000000000000000000, 0.1820892601822929890, -0.9832820049844628318 ) ) ;
#7477 = VECTOR ( 'NONE', #2822, 1000.000000000000000 ) ;
#7478 = LINE ( 'NONE', #3840, #6731 ) ;
#7479 = CIRCLE ( 'NONE', #8232, 0.1000000000000003386 ) ;
#7480 = CARTESIAN_POINT ( 'NONE',  ( 14.61546285723200000, 11.67999999999999972, -0.5000000000000000000 ) ) ;
#7481 = DIRECTION ( 'NONE',  ( 0.000000000000000000, 0.000000000000000000, -1.000000000000000000 ) ) ;
#7482 = DIRECTION ( 'NONE',  ( 1.000000000000000000, 0.000000000000000000, 0.000000000000000000 ) ) ;
#7483 = EDGE_LOOP ( 'NONE', ( #8065, #4190, #6301, #10221 ) ) ;
#7484 = EDGE_CURVE ( 'NONE', #2742, #7157, #6165, .T. ) ;
#7485 = EDGE_CURVE ( 'NONE', #11468, #7560, #10482, .T. ) ;
#7486 = CARTESIAN_POINT ( 'NONE',  ( 9.615462857231998228, 0.000000000000000000, -21.25000000000000000 ) ) ;
#7487 = FACE_OUTER_BOUND ( 'NONE', #9048, .T. ) ;
#7488 = VECTOR ( 'NONE', #9031, 1000.000000000000000 ) ;
#7489 = ORIENTED_EDGE ( 'NONE', *, *, #4975, .F. ) ;
#7490 = AXIS2_PLACEMENT_3D ( 'NONE', #4729, #3588, #9067 ) ;
#7491 = AXIS2_PLACEMENT_3D ( 'NONE', #5006, #7647, #6949 ) ;
#7492 = EDGE_CURVE ( 'NONE', #3162, #11037, #6043, .T. ) ;
#7493 = ORIENTED_EDGE ( 'NONE', *, *, #2768, .F. ) ;
#7494 = ORIENTED_EDGE ( 'NONE', *, *, #7149, .F. ) ;
#7495 = ORIENTED_EDGE ( 'NONE', *, *, #1325, .F. ) ;
#7496 = DIRECTION ( 'NONE',  ( 0.000000000000000000, 0.000000000000000000, -1.000000000000000000 ) ) ;
#7497 = ORIENTED_EDGE ( 'NONE', *, *, #10715, .T. ) ;
#7498 = FACE_BOUND ( 'NONE', #4613, .T. ) ;
#7499 = EDGE_CURVE ( 'NONE', #8433, #9542, #8317, .T. ) ;
#7500 = EDGE_CURVE ( 'NONE', #10200, #2953, #6320, .T. ) ;
#7501 = CARTESIAN_POINT ( 'NONE',  ( 1.850462857232000102, 0.000000000000000000, -13.83000000000000007 ) ) ;
#7502 = AXIS2_PLACEMENT_3D ( 'NONE', #1711, #2365, #2536 ) ;
#7503 = AXIS2_PLACEMENT_3D ( 'NONE', #522, #10254, #10379 ) ;
#7504 = DIRECTION ( 'NONE',  ( 0.000000000000000000, 0.000000000000000000, -1.000000000000000000 ) ) ;
#7505 = ORIENTED_EDGE ( 'NONE', *, *, #9666, .F. ) ;
#7506 = LINE ( 'NONE', #2112, #7682 ) ;
#7507 = DIRECTION ( 'NONE',  ( 0.000000000000000000, 1.000000000000000000, 0.000000000000000000 ) ) ;
#7508 = EDGE_CURVE ( 'NONE', #1660, #9093, #4795, .T. ) ;
#7509 = ADVANCED_FACE ( 'NONE', ( #6384 ), #1971, .F. ) ;
#7510 = EDGE_CURVE ( 'NONE', #7715, #1739, #9887, .T. ) ;
#7511 = LINE ( 'NONE', #7574, #10706 ) ;
#7512 = ORIENTED_EDGE ( 'NONE', *, *, #1968, .F. ) ;
#7513 = CIRCLE ( 'NONE', #3560, 0.09999999999999972800 ) ;
#7514 = ORIENTED_EDGE ( 'NONE', *, *, #11057, .T. ) ;
#7515 = EDGE_CURVE ( 'NONE', #3942, #4255, #10285, .T. ) ;
#7516 = DIRECTION ( 'NONE',  ( 0.000000000000000000, 0.000000000000000000, 1.000000000000000000 ) ) ;
#7517 = CARTESIAN_POINT ( 'NONE',  ( 13.50181421016199934, 17.10000000000000142, -16.36309190392499957 ) ) ;
#7518 = VECTOR ( 'NONE', #5189, 1000.000000000000000 ) ;
#7519 = VECTOR ( 'NONE', #11117, 1000.000000000000000 ) ;
#7520 = CARTESIAN_POINT ( 'NONE',  ( 7.966577161114400063, 17.30000000000000071, -16.20069637080795033 ) ) ;
#7521 = CARTESIAN_POINT ( 'NONE',  ( 17.53971789399400905, 4.121175673721997335, -14.13096695749900711 ) ) ;
#7522 = DIRECTION ( 'NONE',  ( 0.000000000000000000, 1.000000000000000000, 0.000000000000000000 ) ) ;
#7523 = ORIENTED_EDGE ( 'NONE', *, *, #7010, .F. ) ;
#7524 = CIRCLE ( 'NONE', #775, 0.1500000000000008271 ) ;
#7525 = CARTESIAN_POINT ( 'NONE',  ( 9.205462857231999863, 4.000000000000000000, -19.86500000000000199 ) ) ;
#7526 = CIRCLE ( 'NONE', #9617, 0.5999999999999998668 ) ;
#7527 = DIRECTION ( 'NONE',  ( 0.000000000000000000, 1.000000000000000000, 0.000000000000000000 ) ) ;
#7528 = ORIENTED_EDGE ( 'NONE', *, *, #3459, .F. ) ;
#7529 = FACE_OUTER_BOUND ( 'NONE', #4920, .T. ) ;
#7530 = ORIENTED_EDGE ( 'NONE', *, *, #6006, .T. ) ;
#7531 = CARTESIAN_POINT ( 'NONE',  ( 7.935462857231999401, 4.000000000000000000, -16.97500000000000142 ) ) ;
#7532 = CARTESIAN_POINT ( 'NONE',  ( 10.02546285723200015, 4.000000000000000000, -17.32499999999999929 ) ) ;
#7533 = AXIS2_PLACEMENT_3D ( 'NONE', #2592, #2390, #5477 ) ;
#7534 = AXIS2_PLACEMENT_3D ( 'NONE', #5737, #2272, #5913 ) ;
#7535 = CARTESIAN_POINT ( 'NONE',  ( 4.615462857232000005, 9.679999999999999716, -0.5000000000000000000 ) ) ;
#7536 = ORIENTED_EDGE ( 'NONE', *, *, #4558, .F. ) ;
#7537 = CIRCLE ( 'NONE', #2856, 0.5000000000000004441 ) ;
#7538 = CARTESIAN_POINT ( 'NONE',  ( 17.38046285723200057, 0.000000000000000000, -13.87000000000000099 ) ) ;
#7539 = CARTESIAN_POINT ( 'NONE',  ( 13.01546285723199858, 0.5000000000000000000, -16.97500000000000142 ) ) ;
#7540 = EDGE_LOOP ( 'NONE', ( #5457, #5642, #8582, #6690, #7252, #9233 ) ) ;
#7541 = CARTESIAN_POINT ( 'NONE',  ( 17.72482299013099194, 4.174946833274001179, -13.74615604782901457 ) ) ;
#7542 = CARTESIAN_POINT ( 'NONE',  ( 17.58046285723199986, 0.7900000000000000355, -13.70113101483899953 ) ) ;
#7543 = VECTOR ( 'NONE', #11435, 1000.000000000000000 ) ;
#7544 = ORIENTED_EDGE ( 'NONE', *, *, #8509, .F. ) ;
#7545 = VECTOR ( 'NONE', #11511, 1000.000000000000000 ) ;
#7546 = VECTOR ( 'NONE', #4789, 1000.000000000000000 ) ;
#7547 = DIRECTION ( 'NONE',  ( 0.1577384316472046077, 0.000000000000000000, -0.9874809300343376783 ) ) ;
#7548 = CARTESIAN_POINT ( 'NONE',  ( 12.96253855858929960, 17.30000000000000071, -16.30027856230694994 ) ) ;
#7549 = DIRECTION ( 'NONE',  ( -0.9874809300343374563, 0.000000000000000000, -0.1577384316472053571 ) ) ;
#7550 = CARTESIAN_POINT ( 'NONE',  ( 6.615462857232000005, 0.2500000000000000000, -19.68999999999999773 ) ) ;
#7551 = VECTOR ( 'NONE', #1236, 1000.000000000000000 ) ;
#7552 = DIRECTION ( 'NONE',  ( 0.000000000000000000, -1.000000000000000000, 0.000000000000000000 ) ) ;
#7553 = ORIENTED_EDGE ( 'NONE', *, *, #5783, .T. ) ;
#7554 =( GEOMETRIC_REPRESENTATION_CONTEXT ( 3 ) GLOBAL_UNCERTAINTY_ASSIGNED_CONTEXT ( ( #47 ) ) GLOBAL_UNIT_ASSIGNED_CONTEXT ( ( #5584, #434, #11151 ) ) REPRESENTATION_CONTEXT ( 'NONE', 'WORKASPACE' ) );
#7555 = CIRCLE ( 'NONE', #4175, 0.2900000000000003131 ) ;
#7556 = CARTESIAN_POINT ( 'NONE',  ( 13.93546285723200029, 0.000000000000000000, -19.51500000000000057 ) ) ;
#7557 = DIRECTION ( 'NONE',  ( -0.06374322529214698774, 0.000000000000000000, 0.9979663327133607709 ) ) ;
#7558 = ORIENTED_EDGE ( 'NONE', *, *, #5212, .F. ) ;
#7559 = ORIENTED_EDGE ( 'NONE', *, *, #1627, .F. ) ;
#7560 = VERTEX_POINT ( 'NONE', #1848 ) ;
#7561 = ORIENTED_EDGE ( 'NONE', *, *, #252, .T. ) ;
#7562 = EDGE_CURVE ( 'NONE', #4972, #8904, #11586, .T. ) ;
#7563 = DIRECTION ( 'NONE',  ( 0.000000000000000000, -1.000000000000000000, 0.000000000000000000 ) ) ;
#7564 = EDGE_CURVE ( 'NONE', #7455, #4218, #5682, .T. ) ;
#7565 = VERTEX_POINT ( 'NONE', #1916 ) ;
#7566 = CARTESIAN_POINT ( 'NONE',  ( 11.81964114879099981, 17.30000000000000071, -16.37841224074399804 ) ) ;
#7567 = CARTESIAN_POINT ( 'NONE',  ( 17.72482299013099194, 0.8188325850370054004, -13.74615604780700906 ) ) ;
#7568 = EDGE_CURVE ( 'NONE', #6563, #3759, #7195, .T. ) ;
#7569 = DIRECTION ( 'NONE',  ( 0.000000000000000000, 0.000000000000000000, -1.000000000000000000 ) ) ;
#7570 = ORIENTED_EDGE ( 'NONE', *, *, #7978, .T. ) ;
#7571 = DIRECTION ( 'NONE',  ( -0.1577384316472046077, 0.000000000000000000, 0.9874809300343376783 ) ) ;
#7572 = DIRECTION ( 'NONE',  ( 0.9874809300343373453, 0.000000000000000000, 0.1577384316472058567 ) ) ;
#7573 = B_SPLINE_CURVE_WITH_KNOTS ( 'NONE', 3,
 ( #10203, #4162, #11414, #1587 ),
 .UNSPECIFIED., .F., .F.,
 ( 4, 4 ),
 ( 0.000000000000000000, 1.000000000000000000 ),
 .UNSPECIFIED. ) ;
#7574 = CARTESIAN_POINT ( 'NONE',  ( 14.28546285723199993, 0.5000000000000000000, -19.86500000000000199 ) ) ;
#7575 = ORIENTED_EDGE ( 'NONE', *, *, #10442, .T. ) ;
#7576 = VERTEX_POINT ( 'NONE', #97 ) ;
#7577 = PLANE ( 'NONE',  #5674 ) ;
#7578 = EDGE_CURVE ( 'NONE', #1153, #4431, #7670, .T. ) ;
#7579 = ADVANCED_FACE ( 'NONE', ( #3656 ), #8035, .T. ) ;
#7580 = CARTESIAN_POINT ( 'NONE',  ( 14.98941835139700096, 17.10000000000000142, -17.29456826448399909 ) ) ;
#7581 = CARTESIAN_POINT ( 'NONE',  ( 8.113652290630810171, 17.10000000000000142, -15.86364902402594801 ) ) ;
#7582 = DIRECTION ( 'NONE',  ( 8.673695709936000046E-13, -1.000000000000000000, 1.390633484213999971E-13 ) ) ;
#7583 = CARTESIAN_POINT ( 'NONE',  ( 11.29546285723199972, 4.000000000000000000, -19.51500000000000057 ) ) ;
#7584 = ORIENTED_EDGE ( 'NONE', *, *, #10298, .T. ) ;
#7585 = ADVANCED_FACE ( 'NONE', ( #3718 ), #6562, .T. ) ;
#7586 = LINE ( 'NONE', #7869, #6993 ) ;
#7587 = AXIS2_PLACEMENT_3D ( 'NONE', #11361, #10553, #8907 ) ;
#7588 = ORIENTED_EDGE ( 'NONE', *, *, #4331, .F. ) ;
#7589 = PLANE ( 'NONE',  #4219 ) ;
#7590 = ORIENTED_EDGE ( 'NONE', *, *, #10789, .F. ) ;
#7591 = CARTESIAN_POINT ( 'NONE',  ( 17.35046285723199944, 17.06999999999999673, -21.01999999999999957 ) ) ;
#7592 = DIRECTION ( 'NONE',  ( 0.000000000000000000, -1.000000000000000000, 0.000000000000000000 ) ) ;
#7593 = ADVANCED_FACE ( 'NONE', ( #9080 ), #149, .T. ) ;
#7594 = ADVANCED_FACE ( 'NONE', ( #10764 ), #1163, .F. ) ;
#7595 = CARTESIAN_POINT ( 'NONE',  ( 15.84888881419600004, 17.10000000000000142, -16.78286904096600196 ) ) ;
#7596 = EDGE_LOOP ( 'NONE', ( #3709, #7590, #4485, #10886 ) ) ;
#7597 = CARTESIAN_POINT ( 'NONE',  ( 13.46546285723199965, 4.549999999999999822, -0.2000000000000000111 ) ) ;
#7598 = LINE ( 'NONE', #379, #5056 ) ;
#7599 = EDGE_LOOP ( 'NONE', ( #4291, #3378, #5948, #3813, #8773, #2855 ) ) ;
#7600 = CARTESIAN_POINT ( 'NONE',  ( 1.563767697292994585, 0.6046833650799926518, -14.24989280386898649 ) ) ;
#7601 = CARTESIAN_POINT ( 'NONE',  ( 11.64546285723199937, 4.537037037036999898, -0.4500000000000000111 ) ) ;
#7602 = VERTEX_POINT ( 'NONE', #2861 ) ;
#7603 = CARTESIAN_POINT ( 'NONE',  ( 16.42783201400199999, 6.500000000000000000, -0.2500000000000000000 ) ) ;
#7604 = FACE_OUTER_BOUND ( 'NONE', #2995, .T. ) ;
#7605 = FACE_OUTER_BOUND ( 'NONE', #10382, .T. ) ;
#7606 = DIRECTION ( 'NONE',  ( 0.000000000000000000, 0.000000000000000000, 1.000000000000000000 ) ) ;
#7607 = CARTESIAN_POINT ( 'NONE',  ( 14.61546285723200000, 9.679999999999999716, -0.5000000000000000000 ) ) ;
#7608 = VERTEX_POINT ( 'NONE', #6450 ) ;
#7609 = FACE_OUTER_BOUND ( 'NONE', #6486, .T. ) ;
#7610 = PLANE ( 'NONE',  #6021 ) ;
#7611 = VERTEX_POINT ( 'NONE', #10012 ) ;
#7612 = VERTEX_POINT ( 'NONE', #8246 ) ;
#7613 = ORIENTED_EDGE ( 'NONE', *, *, #28, .F. ) ;
#7614 = ORIENTED_EDGE ( 'NONE', *, *, #9799, .T. ) ;
#7615 = DIRECTION ( 'NONE',  ( 1.000000000000000000, 0.000000000000000000, 0.000000000000000000 ) ) ;
#7616 = EDGE_LOOP ( 'NONE', ( #2750, #11229, #7996, #1447 ) ) ;
#7617 = DIRECTION ( 'NONE',  ( 0.000000000000000000, 0.000000000000000000, 1.000000000000000000 ) ) ;
#7618 = DIRECTION ( 'NONE',  ( 0.000000000000000000, -1.000000000000000000, 0.000000000000000000 ) ) ;
#7619 = CARTESIAN_POINT ( 'NONE',  ( 1.506102724333003184, 0.6688401222319991790, -13.78371011165799587 ) ) ;
#7620 = ORIENTED_EDGE ( 'NONE', *, *, #4044, .F. ) ;
#7621 = CARTESIAN_POINT ( 'NONE',  ( 13.87392848543099966, 0.5000000000000000000, -11.03266418667999993 ) ) ;
#7622 = CARTESIAN_POINT ( 'NONE',  ( 15.33046285723199986, 0.5000000000000000000, -10.80000000000000071 ) ) ;
#7623 = CARTESIAN_POINT ( 'NONE',  ( 2.803093700461999571, 6.915000000000000036, -0.2500000000000000000 ) ) ;
#7624 = VERTEX_POINT ( 'NONE', #5548 ) ;
#7625 = VERTEX_POINT ( 'NONE', #1095 ) ;
#7626 = CARTESIAN_POINT ( 'NONE',  ( 12.61170228694399853, 17.10000000000000142, -16.30027856230699612 ) ) ;
#7627 = DIRECTION ( 'NONE',  ( 0.000000000000000000, 1.000000000000000000, 0.000000000000000000 ) ) ;
#7628 = CARTESIAN_POINT ( 'NONE',  ( 15.84888881419600004, 17.10000000000000142, -16.99122564792600087 ) ) ;
#7629 = CARTESIAN_POINT ( 'NONE',  ( 9.205462857231999863, 0.5000000000000000000, -19.86500000000000199 ) ) ;
#7630 = FACE_OUTER_BOUND ( 'NONE', #9350, .T. ) ;
#7631 = DIRECTION ( 'NONE',  ( -1.000000000000000000, 0.000000000000000000, 0.000000000000000000 ) ) ;
#7632 = ORIENTED_EDGE ( 'NONE', *, *, #9594, .F. ) ;
#7633 = EDGE_CURVE ( 'NONE', #11529, #2557, #1446, .T. ) ;
#7634 = ADVANCED_FACE ( 'NONE', ( #6798 ), #11288, .T. ) ;
#7635 = CARTESIAN_POINT ( 'NONE',  ( 17.58046285723199986, 0.7900000000000000355, -14.14886898516100011 ) ) ;
#7636 = CARTESIAN_POINT ( 'NONE',  ( 13.74050917839814012, 17.30000000000000071, -17.32506086830310110 ) ) ;
#7637 = EDGE_CURVE ( 'NONE', #6569, #1306, #3963, .T. ) ;
#7638 = ADVANCED_FACE ( 'NONE', ( #8546 ), #1506, .T. ) ;
#7639 = ORIENTED_EDGE ( 'NONE', *, *, #10586, .T. ) ;
#7640 = ORIENTED_EDGE ( 'NONE', *, *, #2746, .T. ) ;
#7641 = CARTESIAN_POINT ( 'NONE',  ( 7.010588300443379772, 17.10000000000000142, -17.22869080141185094 ) ) ;
#7642 = CARTESIAN_POINT ( 'NONE',  ( 13.37771886561900025, 17.10000000000000142, -17.62089132070499531 ) ) ;
#7643 = VECTOR ( 'NONE', #963, 1000.000000000000000 ) ;
#7644 = EDGE_CURVE ( 'NONE', #811, #593, #9430, .T. ) ;
#7645 = LINE ( 'NONE', #9469, #3686 ) ;
#7646 = CARTESIAN_POINT ( 'NONE',  ( 9.105462857231998441, 0.000000000000000000, -19.86500000000000199 ) ) ;
#7647 = DIRECTION ( 'NONE',  ( 1.000000000000000000, 0.000000000000000000, 0.000000000000000000 ) ) ;
#7648 = ORIENTED_EDGE ( 'NONE', *, *, #5766, .T. ) ;
#7649 = CARTESIAN_POINT ( 'NONE',  ( 12.13370798800900019, 17.30000000000000071, -17.64999999999999858 ) ) ;
#7650 = LINE ( 'NONE', #4071, #44 ) ;
#7651 = VECTOR ( 'NONE', #5137, 1000.000000000000114 ) ;
#7652 = ADVANCED_FACE ( 'NONE', ( #11228 ), #5793, .T. ) ;
#7653 = EDGE_CURVE ( 'NONE', #7922, #5506, #10359, .T. ) ;
#7654 = ORIENTED_EDGE ( 'NONE', *, *, #1254, .F. ) ;
#7655 = PLANE ( 'NONE',  #10139 ) ;
#7656 = LINE ( 'NONE', #10121, #354 ) ;
#7657 = VECTOR ( 'NONE', #2786, 1000.000000000000000 ) ;
#7658 = EDGE_CURVE ( 'NONE', #6092, #9279, #4026, .T. ) ;
#7659 = CARTESIAN_POINT ( 'NONE',  ( 4.362341433025462401, 3.600000000000000977, -11.79002838370890771 ) ) ;
#7660 = DIRECTION ( 'NONE',  ( 0.000000000000000000, 0.000000000000000000, -1.000000000000000000 ) ) ;
#7661 = VECTOR ( 'NONE', #1531, 1000.000000000000000 ) ;
#7662 = DIRECTION ( 'NONE',  ( 0.06374322529215131761, 0.000000000000000000, -0.9979663327133606598 ) ) ;
#7663 = ORIENTED_EDGE ( 'NONE', *, *, #7578, .T. ) ;
#7664 = DIRECTION ( 'NONE',  ( 0.000000000000000000, 0.000000000000000000, -1.000000000000000000 ) ) ;
#7665 = CARTESIAN_POINT ( 'NONE',  ( 11.64546285723199937, 4.250000000000000000, -0.2500000000000000000 ) ) ;
#7666 = ORIENTED_EDGE ( 'NONE', *, *, #7420, .F. ) ;
#7667 = AXIS2_PLACEMENT_3D ( 'NONE', #9107, #8040, #7104 ) ;
#7668 = ORIENTED_EDGE ( 'NONE', *, *, #7578, .F. ) ;
#7669 = ORIENTED_EDGE ( 'NONE', *, *, #817, .T. ) ;
#7670 = CIRCLE ( 'NONE', #728, 0.1500000000000008271 ) ;
#7671 = EDGE_LOOP ( 'NONE', ( #7648, #7133, #4490, #10039 ) ) ;
#7672 = VECTOR ( 'NONE', #7090, 1000.000000000000000 ) ;
#7673 = CARTESIAN_POINT ( 'NONE',  ( 1.880462857232000129, 4.000000000000000000, -21.25000000000000000 ) ) ;
#7674 = ORIENTED_EDGE ( 'NONE', *, *, #7439, .T. ) ;
#7675 = DIRECTION ( 'NONE',  ( -1.000000000000000000, 0.000000000000000000, 0.000000000000000000 ) ) ;
#7676 = PLANE ( 'NONE',  #3764 ) ;
#7677 = CYLINDRICAL_SURFACE ( 'NONE', #1665, 0.1000000000000002692 ) ;
#7678 = VECTOR ( 'NONE', #56, 1000.000000000000000 ) ;
#7679 = ORIENTED_EDGE ( 'NONE', *, *, #953, .F. ) ;
#7680 = DIRECTION ( 'NONE',  ( 1.000000000000000000, 0.000000000000000000, 0.000000000000000000 ) ) ;
#7681 = AXIS2_PLACEMENT_3D ( 'NONE', #8059, #8233, #9937 ) ;
#7682 = VECTOR ( 'NONE', #11077, 1000.000000000000000 ) ;
#7683 = CARTESIAN_POINT ( 'NONE',  ( 12.96546285723199965, 7.450000000000000178, -0.2500000000000000000 ) ) ;
#7684 = ORIENTED_EDGE ( 'NONE', *, *, #11093, .T. ) ;
#7685 = DIRECTION ( 'NONE',  ( 0.000000000000000000, 0.7071067811865509034, 0.7071067811865441310 ) ) ;
#7686 = ORIENTED_EDGE ( 'NONE', *, *, #4706, .T. ) ;
#7687 = AXIS2_PLACEMENT_3D ( 'NONE', #9228, #10159, #4767 ) ;
#7688 = ORIENTED_EDGE ( 'NONE', *, *, #9572, .T. ) ;
#7689 = CIRCLE ( 'NONE', #4684, 0.1000000000000015044 ) ;
#7690 = DIRECTION ( 'NONE',  ( 0.000000000000000000, -1.000000000000000000, 0.000000000000000000 ) ) ;
#7691 = CARTESIAN_POINT ( 'NONE',  ( 15.29228167395999982, 17.30000000000000071, -17.20687313279400144 ) ) ;
#7692 = LINE ( 'NONE', #6877, #10286 ) ;
#7693 = CARTESIAN_POINT ( 'NONE',  ( 2.443928485430999942, 0.5000000000000000000, -11.03266418667999993 ) ) ;
#7694 = LINE ( 'NONE', #8526, #2445 ) ;
#7695 = VECTOR ( 'NONE', #3784, 1000.000000000000000 ) ;
#7696 = CIRCLE ( 'NONE', #10676, 0.09999999999999999167 ) ;
#7697 = CARTESIAN_POINT ( 'NONE',  ( 13.81588052485900064, 17.30000000000000071, -16.99122564792600087 ) ) ;
#7698 = PLANE ( 'NONE',  #4941 ) ;
#7699 = ORIENTED_EDGE ( 'NONE', *, *, #7853, .F. ) ;
#7700 = ADVANCED_FACE ( 'NONE', ( #10299 ), #6681, .T. ) ;
#7701 = ORIENTED_EDGE ( 'NONE', *, *, #7986, .F. ) ;
#7702 = LINE ( 'NONE', #10395, #8279 ) ;
#7703 = EDGE_CURVE ( 'NONE', #686, #10869, #3143, .T. ) ;
#7704 = CIRCLE ( 'NONE', #8455, 0.09999999999999956146 ) ;
#7705 = AXIS2_PLACEMENT_3D ( 'NONE', #6246, #6179, #8995 ) ;
#7706 = DIRECTION ( 'NONE',  ( 0.000000000000000000, 1.000000000000000000, 0.000000000000000000 ) ) ;
#7707 = EDGE_CURVE ( 'NONE', #4318, #1793, #2057, .T. ) ;
#7708 = CARTESIAN_POINT ( 'NONE',  ( 5.765462857231999472, 4.549999999999999822, -0.2500000000000000000 ) ) ;
#7709 = CARTESIAN_POINT ( 'NONE',  ( 15.29228167403324967, 17.10000000000000142, -17.20687313269910135 ) ) ;
#7710 = ORIENTED_EDGE ( 'NONE', *, *, #4470, .T. ) ;
#7711 = DIRECTION ( 'NONE',  ( 0.000000000000000000, 0.000000000000000000, 1.000000000000000000 ) ) ;
#7712 = CARTESIAN_POINT ( 'NONE',  ( 15.08202482738800043, 3.600000000000000089, -9.244717535199999503 ) ) ;
#7713 = VECTOR ( 'NONE', #3760, 1000.000000000000000 ) ;
#7714 = EDGE_CURVE ( 'NONE', #3745, #4968, #3032, .T. ) ;
#7715 = VERTEX_POINT ( 'NONE', #2376 ) ;
#7716 = AXIS2_PLACEMENT_3D ( 'NONE', #11105, #3698, #1953 ) ;
#7717 = CARTESIAN_POINT ( 'NONE',  ( 11.64546285723199937, 5.890000000000000568, -9.799999999999998934 ) ) ;
#7718 = AXIS2_PLACEMENT_3D ( 'NONE', #3804, #3623, #4629 ) ;
#7719 = PLANE ( 'NONE',  #1293 ) ;
#7720 = VECTOR ( 'NONE', #11534, 1000.000000000000000 ) ;
#7721 = FACE_OUTER_BOUND ( 'NONE', #10753, .T. ) ;
#7722 = DIRECTION ( 'NONE',  ( 0.000000000000000000, -1.000000000000000000, 0.000000000000000000 ) ) ;
#7723 = EDGE_CURVE ( 'NONE', #2557, #3476, #1394, .T. ) ;
#7724 = EDGE_CURVE ( 'NONE', #7984, #8891, #10846, .T. ) ;
#7725 = CARTESIAN_POINT ( 'NONE',  ( 3.750462857232000236, 4.000000000000000000, -12.36784087202799931 ) ) ;
#7726 = EDGE_CURVE ( 'NONE', #5969, #4506, #4077, .T. ) ;
#7727 = VERTEX_POINT ( 'NONE', #8600 ) ;
#7728 = VECTOR ( 'NONE', #8809, 1000.000000000000000 ) ;
#7729 = CARTESIAN_POINT ( 'NONE',  ( 6.665462857231999827, 0.5000000000000000000, -19.86500000000000199 ) ) ;
#7730 = FACE_OUTER_BOUND ( 'NONE', #6398, .T. ) ;
#7731 = B_SPLINE_CURVE_WITH_KNOTS ( 'NONE', 3,
 ( #2313, #7642, #11208, #5899 ),
 .UNSPECIFIED., .F., .F.,
 ( 4, 4 ),
 ( 0.000000000000000000, 1.000000000000000000 ),
 .UNSPECIFIED. ) ;
#7732 = CIRCLE ( 'NONE', #2659, 0.2899999999999999800 ) ;
#7733 = ORIENTED_EDGE ( 'NONE', *, *, #4913, .T. ) ;
#7734 = ORIENTED_EDGE ( 'NONE', *, *, #40, .T. ) ;
#7735 = ORIENTED_EDGE ( 'NONE', *, *, #9232, .T. ) ;
#7736 = ORIENTED_EDGE ( 'NONE', *, *, #5199, .T. ) ;
#7737 = FACE_OUTER_BOUND ( 'NONE', #10982, .T. ) ;
#7738 = ORIENTED_EDGE ( 'NONE', *, *, #7485, .F. ) ;
#7740 = CARTESIAN_POINT ( 'NONE',  ( 15.38046285723200057, 3.700000000000000178, -14.75000000000000000 ) ) ;
#7739 = VECTOR ( 'NONE', #8793, 1000.000000000000000 ) ;
#7741 = DIRECTION ( 'NONE',  ( -0.9979663327133606598, 0.000000000000000000, -0.06374322529215131761 ) ) ;
#7742 = VECTOR ( 'NONE', #3592, 1000.000000000000000 ) ;
#7743 = VECTOR ( 'NONE', #1607, 1000.000000000000000 ) ;
#7744 = EDGE_CURVE ( 'NONE', #6587, #240, #568, .T. ) ;
#7745 = FACE_OUTER_BOUND ( 'NONE', #8505, .T. ) ;
#7746 = EDGE_LOOP ( 'NONE', ( #1032, #7124, #9075, #4831 ) ) ;
#7747 = LINE ( 'NONE', #5880, #7100 ) ;
#7748 = DIRECTION ( 'NONE',  ( 9.896025398918000059E-13, -1.000000000000000000, 6.245899064748999917E-14 ) ) ;
#7749 = VERTEX_POINT ( 'NONE', #4910 ) ;
#7750 = DIRECTION ( 'NONE',  ( 0.000000000000000000, -1.000000000000000000, 0.000000000000000000 ) ) ;
#7751 = VERTEX_POINT ( 'NONE', #10187 ) ;
#7752 = ORIENTED_EDGE ( 'NONE', *, *, #1921, .F. ) ;
#7753 = CARTESIAN_POINT ( 'NONE',  ( 9.435797106966900216, 17.30000000000000071, -16.57910867929499688 ) ) ;
#7754 = LINE ( 'NONE', #11257, #4858 ) ;
#7755 = CARTESIAN_POINT ( 'NONE',  ( 15.99546285723199901, 0.000000000000000000, -6.989999999999999325 ) ) ;
#7756 = CARTESIAN_POINT ( 'NONE',  ( 17.73046285723199844, 4.343779418383999946, -13.85886898516099919 ) ) ;
#7757 = FACE_OUTER_BOUND ( 'NONE', #9676, .T. ) ;
#7758 = DIRECTION ( 'NONE',  ( 0.000000000000000000, 0.000000000000000000, 1.000000000000000000 ) ) ;
#7759 = FACE_OUTER_BOUND ( 'NONE', #3309, .T. ) ;
#7760 = ORIENTED_EDGE ( 'NONE', *, *, #2347, .T. ) ;
#7761 = EDGE_LOOP ( 'NONE', ( #8024, #8527, #590, #750 ) ) ;
#7762 = CYLINDRICAL_SURFACE ( 'NONE', #10904, 1.210040583880999776 ) ;
#7763 = CARTESIAN_POINT ( 'NONE',  ( 15.33719038152650072, 17.10000000000000142, -17.14902511908015015 ) ) ;
#7764 = DIRECTION ( 'NONE',  ( 1.000000000000000000, 0.000000000000000000, 0.000000000000000000 ) ) ;
#7765 = CARTESIAN_POINT ( 'NONE',  ( 16.42783201400199999, 6.915000000000000036, -0.2500000000000000000 ) ) ;
#7766 = CARTESIAN_POINT ( 'NONE',  ( 15.29228167403324967, 17.30000000000000071, -17.20687313269910135 ) ) ;
#7767 = EDGE_LOOP ( 'NONE', ( #10130, #6892, #10921, #4340 ) ) ;
#7768 = FACE_OUTER_BOUND ( 'NONE', #2606, .T. ) ;
#7769 = CARTESIAN_POINT ( 'NONE',  ( 17.35046285723199944, 17.06999999999999673, -21.25000000000000000 ) ) ;
#7770 = EDGE_CURVE ( 'NONE', #2551, #7778, #9311, .T. ) ;
#7771 = VERTEX_POINT ( 'NONE', #8496 ) ;
#7772 = DIRECTION ( 'NONE',  ( 1.000000000000000000, 0.000000000000000000, 1.332267629550000100E-14 ) ) ;
#7773 = CARTESIAN_POINT ( 'NONE',  ( 2.345180392427999916, 0.5000000000000000000, -11.04843802984000156 ) ) ;
#7774 = ADVANCED_FACE ( 'NONE', ( #11459 ), #7948, .T. ) ;
#7775 = CARTESIAN_POINT ( 'NONE',  ( 12.56546285723199929, 0.5000000000000000000, -16.97500000000000142 ) ) ;
#7776 = FACE_OUTER_BOUND ( 'NONE', #10794, .T. ) ;
#7777 = PLANE ( 'NONE',  #9731 ) ;
#7778 = VERTEX_POINT ( 'NONE', #8764 ) ;
#7779 = DIRECTION ( 'NONE',  ( 0.000000000000000000, 0.000000000000000000, -1.000000000000000000 ) ) ;
#7780 = DIRECTION ( 'NONE',  ( -1.000000000000000000, 0.000000000000000000, 0.000000000000000000 ) ) ;
#7781 = ADVANCED_FACE ( 'NONE', ( #3527 ), #11336, .F. ) ;
#7782 = ORIENTED_EDGE ( 'NONE', *, *, #4353, .T. ) ;
#7783 = EDGE_CURVE ( 'NONE', #2945, #4678, #10111, .T. ) ;
#7784 = ORIENTED_EDGE ( 'NONE', *, *, #11231, .T. ) ;
#7785 = VERTEX_POINT ( 'NONE', #11508 ) ;
#7786 = ORIENTED_EDGE ( 'NONE', *, *, #4214, .T. ) ;
#7787 = ADVANCED_FACE ( 'NONE', ( #673 ), #9604, .F. ) ;
#7788 = EDGE_CURVE ( 'NONE', #1739, #1883, #3303, .T. ) ;
#7789 = DIRECTION ( 'NONE',  ( 0.000000000000000000, 1.000000000000000000, 0.000000000000000000 ) ) ;
#7790 = VERTEX_POINT ( 'NONE', #9654 ) ;
#7791 = CARTESIAN_POINT ( 'NONE',  ( 13.77518039242800185, 0.5000000000000000000, -10.55156197015999986 ) ) ;
#7792 = LINE ( 'NONE', #2559, #6404 ) ;
#7793 = DIRECTION ( 'NONE',  ( -1.000000000000000000, 0.000000000000000000, 0.000000000000000000 ) ) ;
#7794 = ORIENTED_EDGE ( 'NONE', *, *, #11146, .F. ) ;
#7795 = DIRECTION ( 'NONE',  ( 0.9874809300343373453, 0.000000000000000000, -0.1577384316472059123 ) ) ;
#7796 = VERTEX_POINT ( 'NONE', #8826 ) ;
#7797 = DIRECTION ( 'NONE',  ( 1.000000000000000000, 0.000000000000000000, 0.000000000000000000 ) ) ;
#7798 = ORIENTED_EDGE ( 'NONE', *, *, #2678, .T. ) ;
#7799 = EDGE_CURVE ( 'NONE', #9269, #4021, #174, .T. ) ;
#7800 = EDGE_CURVE ( 'NONE', #3364, #9439, #6897, .T. ) ;
#7801 = CARTESIAN_POINT ( 'NONE',  ( 6.465462857231999649, 5.890000000000000568, -9.799999999999998934 ) ) ;
#7802 = B_SPLINE_CURVE_WITH_KNOTS ( 'NONE', 3,
 ( #9274, #6397, #6641, #8386 ),
 .UNSPECIFIED., .F., .F.,
 ( 4, 4 ),
 ( 0.000000000000000000, 1.000000000000000000 ),
 .UNSPECIFIED. ) ;
#7803 = DIRECTION ( 'NONE',  ( -0.1961161351382035567, -0.9805806756909162258, 0.000000000000000000 ) ) ;
#7804 = PLANE ( 'NONE',  #6354 ) ;
#7805 = ORIENTED_EDGE ( 'NONE', *, *, #8449, .F. ) ;
#7806 = DIRECTION ( 'NONE',  ( 0.000000000000000000, 0.000000000000000000, -1.000000000000000000 ) ) ;
#7807 = LINE ( 'NONE', #8799, #10898 ) ;
#7808 = DIRECTION ( 'NONE',  ( 0.000000000000000000, 0.000000000000000000, -1.000000000000000000 ) ) ;
#7809 = LINE ( 'NONE', #7868, #6610 ) ;
#7810 = DIRECTION ( 'NONE',  ( 0.000000000000000000, 0.000000000000000000, 1.000000000000000000 ) ) ;
#7811 = ORIENTED_EDGE ( 'NONE', *, *, #8948, .T. ) ;
#7812 = ORIENTED_EDGE ( 'NONE', *, *, #10573, .T. ) ;
#7813 = DIRECTION ( 'NONE',  ( -1.000000000000000000, 0.000000000000000000, 0.000000000000000000 ) ) ;
#7814 = CARTESIAN_POINT ( 'NONE',  ( 3.235462857232000111, 0.000000000000000000, -6.490000000000000213 ) ) ;
#7815 = CARTESIAN_POINT ( 'NONE',  ( 16.42783201400199999, 6.915000000000000036, 0.000000000000000000 ) ) ;
#7816 = LINE ( 'NONE', #5129, #2424 ) ;
#7817 = CARTESIAN_POINT ( 'NONE',  ( 17.47746196440992605, 4.102972502368364971, -0.03776148364659134837 ) ) ;
#7818 = ORIENTED_EDGE ( 'NONE', *, *, #6230, .F. ) ;
#7819 = DIRECTION ( 'NONE',  ( 0.000000000000000000, 0.000000000000000000, 1.000000000000000000 ) ) ;
#7820 = CARTESIAN_POINT ( 'NONE',  ( 6.265462857232000360, 5.689999999999999503, -0.2500000000000000000 ) ) ;
#7821 = VERTEX_POINT ( 'NONE', #7891 ) ;
#7822 = VECTOR ( 'NONE', #496, 1000.000000000000227 ) ;
#7823 = LINE ( 'NONE', #2499, #10885 ) ;
#7824 = CARTESIAN_POINT ( 'NONE',  ( 2.735462857232000555, 4.000000000000000000, -6.490000000000000213 ) ) ;
#7825 = CARTESIAN_POINT ( 'NONE',  ( 16.22783201400199715, 6.915000000000000036, 0.000000000000000000 ) ) ;
#7826 = CARTESIAN_POINT ( 'NONE',  ( 13.46546285723199965, 4.549999999999999822, -0.2500000000000000000 ) ) ;
#7827 = DIRECTION ( 'NONE',  ( -0.1577384316472046910, 0.000000000000000000, 0.9874809300343374563 ) ) ;
#7828 = ORIENTED_EDGE ( 'NONE', *, *, #5792, .F. ) ;
#7829 = CIRCLE ( 'NONE', #9894, 0.1000000000000016293 ) ;
#7830 = DIRECTION ( 'NONE',  ( 0.7064465069689832566, 0.000000000000000000, -0.7077664394355827060 ) ) ;
#7831 = ORIENTED_EDGE ( 'NONE', *, *, #9020, .T. ) ;
#7832 = VERTEX_POINT ( 'NONE', #1728 ) ;
#7833 = ORIENTED_EDGE ( 'NONE', *, *, #6433, .T. ) ;
#7834 = PRODUCT ( '单口下21.3 带灯无弹平行脚8p', '单口下21.3 带灯无弹平行脚8p', '', ( #9125 ) ) ;
#7835 = ORIENTED_EDGE ( 'NONE', *, *, #8071, .T. ) ;
#7836 = VECTOR ( 'NONE', #10405, 1000.000000000000000 ) ;
#7837 = CARTESIAN_POINT ( 'NONE',  ( 3.665462857232000271, 14.44999999999999929, 0.000000000000000000 ) ) ;
#7838 = AXIS2_PLACEMENT_3D ( 'NONE', #9210, #11074, #4808 ) ;
#7839 = ORIENTED_EDGE ( 'NONE', *, *, #8049, .F. ) ;
#7840 = ADVANCED_FACE ( 'NONE', ( #7017 ), #6959, .T. ) ;
#7841 = DIRECTION ( 'NONE',  ( -1.000000000000000000, 0.000000000000000000, 0.000000000000000000 ) ) ;
#7842 = EDGE_CURVE ( 'NONE', #2200, #11176, #2997, .T. ) ;
#7843 = CARTESIAN_POINT ( 'NONE',  ( 3.465462857232000093, 14.55000000000000071, 0.000000000000000000 ) ) ;
#7844 = ORIENTED_EDGE ( 'NONE', *, *, #10081, .F. ) ;
#7845 = AXIS2_PLACEMENT_3D ( 'NONE', #196, #4779, #8408 ) ;
#7846 = ADVANCED_FACE ( 'NONE', ( #4311 ), #6084, .T. ) ;
#7847 = LINE ( 'NONE', #1745, #11 ) ;
#7848 = EDGE_LOOP ( 'NONE', ( #10853, #6506, #9613, #1071 ) ) ;
#7849 = AXIS2_PLACEMENT_3D ( 'NONE', #866, #759, #4391 ) ;
#7850 = VECTOR ( 'NONE', #11090, 1000.000000000000000 ) ;
#7851 = DIRECTION ( 'NONE',  ( 1.000000000000000000, 0.000000000000000000, 0.000000000000000000 ) ) ;
#7852 = ORIENTED_EDGE ( 'NONE', *, *, #6088, .F. ) ;
#7853 = EDGE_CURVE ( 'NONE', #1249, #8755, #9697, .T. ) ;
#7854 = EDGE_CURVE ( 'NONE', #11529, #3942, #1667, .T. ) ;
#7855 = CARTESIAN_POINT ( 'NONE',  ( 15.09779867055200064, 3.600000000000000089, -9.343465628199998818 ) ) ;
#7856 = VECTOR ( 'NONE', #9230, 1000.000000000000000 ) ;
#7857 = DIRECTION ( 'NONE',  ( 0.000000000000000000, -1.000000000000000000, 0.000000000000000000 ) ) ;
#7858 = CIRCLE ( 'NONE', #8979, 1.310040583880999865 ) ;
#7859 = VECTOR ( 'NONE', #3589, 1000.000000000000000 ) ;
#7860 = CARTESIAN_POINT ( 'NONE',  ( 3.667798670551999596, 0.4000000000000000222, -12.25653437180100092 ) ) ;
#7861 = ORIENTED_EDGE ( 'NONE', *, *, #3200, .T. ) ;
#7862 = CARTESIAN_POINT ( 'NONE',  ( 5.275462857231999259, 4.000000000000000000, -6.989999999999999325 ) ) ;
#7863 = EDGE_CURVE ( 'NONE', #9288, #3742, #1783, .T. ) ;
#7864 = ADVANCED_FACE ( 'NONE', ( #6186 ), #7777, .T. ) ;
#7865 = DIRECTION ( 'NONE',  ( 0.000000000000000000, -1.000000000000000000, 0.000000000000000000 ) ) ;
#7866 = DIRECTION ( 'NONE',  ( -1.000000000000000000, 0.000000000000000000, 0.000000000000000000 ) ) ;
#7867 = EDGE_CURVE ( 'NONE', #6325, #8863, #5838, .T. ) ;
#7868 = CARTESIAN_POINT ( 'NONE',  ( 15.48046285723199844, 3.700000000000000178, -4.750000000000000000 ) ) ;
#7869 = CARTESIAN_POINT ( 'NONE',  ( 11.64546285723199937, 4.750000000000000000, -1.600000000000000089 ) ) ;
#7870 = VECTOR ( 'NONE', #9351, 1000.000000000000000 ) ;
#7871 = AXIS2_PLACEMENT_3D ( 'NONE', #8398, #5652, #2181 ) ;
#7872 = VERTEX_POINT ( 'NONE', #848 ) ;
#7873 = ADVANCED_FACE ( 'NONE', ( #2720 ), #2902, .T. ) ;
#7874 = ORIENTED_EDGE ( 'NONE', *, *, #6190, .F. ) ;
#7875 = LINE ( 'NONE', #8871, #3226 ) ;
#7876 = CARTESIAN_POINT ( 'NONE',  ( 15.36017068599205082, 17.30000000000000071, -16.98816152254439871 ) ) ;
#7877 = CIRCLE ( 'NONE', #7313, 0.1000000000000002692 ) ;
#7878 = VECTOR ( 'NONE', #7342, 1000.000000000000000 ) ;
#7879 = CARTESIAN_POINT ( 'NONE',  ( 13.25927305105200027, 17.10000000000000142, -17.20687288253900249 ) ) ;
#7880 = DIRECTION ( 'NONE',  ( -0.06374322529214698774, 0.000000000000000000, 0.9979663327133607709 ) ) ;
#7881 = CARTESIAN_POINT ( 'NONE',  ( 6.166437780604000274, 17.30000000000000071, -17.64999999999999858 ) ) ;
#7882 = EDGE_LOOP ( 'NONE', ( #1291, #3456, #1532 ) ) ;
#7883 = CARTESIAN_POINT ( 'NONE',  ( 1.880462857232000129, 4.230000000000000426, 0.000000000000000000 ) ) ;
#7884 = CARTESIAN_POINT ( 'NONE',  ( 4.945462857232000076, 0.5000000000000000000, -17.32499999999999929 ) ) ;
#7885 = ORIENTED_EDGE ( 'NONE', *, *, #2404, .F. ) ;
#7886 = AXIS2_PLACEMENT_3D ( 'NONE', #11063, #6565, #10128 ) ;
#7887 = LINE ( 'NONE', #4963, #1349 ) ;
#7888 = DIRECTION ( 'NONE',  ( -1.000000000000000000, 0.000000000000000000, 0.000000000000000000 ) ) ;
#7889 = DIRECTION ( 'NONE',  ( 0.000000000000000000, -1.000000000000000000, 0.000000000000000000 ) ) ;
#7890 = DIRECTION ( 'NONE',  ( 0.9979663327133606598, 0.000000000000000000, 0.06374322529215020738 ) ) ;
#7891 = CARTESIAN_POINT ( 'NONE',  ( 11.64546285723199937, 4.250000000000000000, 0.000000000000000000 ) ) ;
#7892 = ORIENTED_EDGE ( 'NONE', *, *, #7724, .F. ) ;
#7893 = AXIS2_PLACEMENT_3D ( 'NONE', #1500, #6843, #6080 ) ;
#7894 = DIRECTION ( 'NONE',  ( -0.7397541567183072431, 0.000000000000000000, 0.6728772455790030804 ) ) ;
#7895 = CARTESIAN_POINT ( 'NONE',  ( 15.77351746730299986, 17.10000000000000142, -17.32506086918699850 ) ) ;
#7896 = EDGE_LOOP ( 'NONE', ( #7495, #9526, #6297, #10972, #10619, #8391, #8837, #7107, #6489, #6698, #10924, #9531 ) ) ;
#7897 = AXIS2_PLACEMENT_3D ( 'NONE', #6264, #5152, #10648 ) ;
#7898 = EDGE_LOOP ( 'NONE', ( #3365, #2970, #4156, #163 ) ) ;
#7899 = ORIENTED_EDGE ( 'NONE', *, *, #3140, .F. ) ;
#7900 = VECTOR ( 'NONE', #2133, 1000.000000000000000 ) ;
#7901 = VERTEX_POINT ( 'NONE', #7183 ) ;
#7902 = DIRECTION ( 'NONE',  ( 0.000000000000000000, 1.000000000000000000, 0.000000000000000000 ) ) ;
#7903 = CARTESIAN_POINT ( 'NONE',  ( 11.73950001777900098, 4.519622748046999483, -0.3559628394500004567 ) ) ;
#7904 = AXIS2_PLACEMENT_3D ( 'NONE', #843, #7231, #1827 ) ;
#7905 = DIRECTION ( 'NONE',  ( 0.000000000000000000, -1.000000000000000000, 0.000000000000000000 ) ) ;
#7906 = VERTEX_POINT ( 'NONE', #7236 ) ;
#7907 = AXIS2_PLACEMENT_3D ( 'NONE', #6255, #9656, #6131 ) ;
#7908 = AXIS2_PLACEMENT_3D ( 'NONE', #5209, #3321, #6979 ) ;
#7909 = PLANE ( 'NONE',  #10684 ) ;
#7910 = VERTEX_POINT ( 'NONE', #6370 ) ;
#7911 = EDGE_CURVE ( 'NONE', #8960, #3123, #9183, .T. ) ;
#7912 = CARTESIAN_POINT ( 'NONE',  ( 7.385462857231999578, 5.689999999999999503, -0.2500000000000000000 ) ) ;
#7913 = EDGE_CURVE ( 'NONE', #295, #10191, #19, .T. ) ;
#7914 = EDGE_LOOP ( 'NONE', ( #9128, #7794, #2880, #8160 ) ) ;
#7915 = AXIS2_PLACEMENT_3D ( 'NONE', #8533, #4180, #5836 ) ;
#7916 = VECTOR ( 'NONE', #3635, 1000.000000000000000 ) ;
#7917 = CARTESIAN_POINT ( 'NONE',  ( 4.446636911336725007, 3.669260854918064307, -9.950282349886633071 ) ) ;
#7918 = AXIS2_PLACEMENT_3D ( 'NONE', #1388, #11166, #3887 ) ;
#7919 = EDGE_CURVE ( 'NONE', #4877, #6694, #8900, .T. ) ;
#7920 = DIRECTION ( 'NONE',  ( -0.06374322529215079025, 0.000000000000000000, -0.9979663327133607709 ) ) ;
#7921 = CARTESIAN_POINT ( 'NONE',  ( 5.363371551561999517, 0.5000000000000000000, -11.13246081994999948 ) ) ;
#7922 = VERTEX_POINT ( 'NONE', #7413 ) ;
#7923 = LINE ( 'NONE', #7862, #10467 ) ;
#7924 = AXIS2_PLACEMENT_3D ( 'NONE', #8327, #3858, #7440 ) ;
#7925 = DIRECTION ( 'NONE',  ( 0.000000000000000000, 0.000000000000000000, -1.000000000000000000 ) ) ;
#7926 = DIRECTION ( 'NONE',  ( 0.000000000000000000, -1.000000000000000000, 0.000000000000000000 ) ) ;
#7927 = DIRECTION ( 'NONE',  ( 0.000000000000000000, 0.000000000000000000, 1.000000000000000000 ) ) ;
#7928 = DIRECTION ( 'NONE',  ( 1.000000000000000000, 0.000000000000000000, 0.000000000000000000 ) ) ;
#7929 = ORIENTED_EDGE ( 'NONE', *, *, #4144, .F. ) ;
#7930 = EDGE_CURVE ( 'NONE', #4644, #283, #2844, .T. ) ;
#7931 = EDGE_CURVE ( 'NONE', #9837, #4004, #6937, .T. ) ;
#7932 = CARTESIAN_POINT ( 'NONE',  ( 1.563767697292995917, 4.110726935066996823, -13.53461474084801175 ) ) ;
#7933 = ADVANCED_FACE ( 'NONE', ( #7360 ), #2010, .T. ) ;
#7934 = DIRECTION ( 'NONE',  ( 0.000000000000000000, 0.000000000000000000, -1.000000000000000000 ) ) ;
#7935 = CARTESIAN_POINT ( 'NONE',  ( 1.650462857231999925, 4.000000000000000000, -14.61999999999999922 ) ) ;
#7936 = CARTESIAN_POINT ( 'NONE',  ( 5.665462857231998939, 6.400000000000000355, 27.70149999999999935 ) ) ;
#7937 = DIRECTION ( 'NONE',  ( 0.000000000000000000, 0.000000000000000000, -1.000000000000000000 ) ) ;
#7938 = ORIENTED_EDGE ( 'NONE', *, *, #4412, .T. ) ;
#7939 = CARTESIAN_POINT ( 'NONE',  ( 15.36017068599185009, 17.30000000000000071, -16.98816150090900123 ) ) ;
#7940 = DIRECTION ( 'NONE',  ( 0.000000000000000000, 0.000000000000000000, 1.000000000000000000 ) ) ;
#7941 = ORIENTED_EDGE ( 'NONE', *, *, #10994, .T. ) ;
#7942 = CARTESIAN_POINT ( 'NONE',  ( 14.64471057628099970, 17.30000000000000071, -15.45000000000000107 ) ) ;
#7943 = EDGE_CURVE ( 'NONE', #3924, #1764, #1083, .T. ) ;
#7944 = EDGE_CURVE ( 'NONE', #1487, #8157, #3704, .T. ) ;
#7945 = DIRECTION ( 'NONE',  ( -1.000000000000000000, 0.000000000000000000, 0.000000000000000000 ) ) ;
#7946 = CARTESIAN_POINT ( 'NONE',  ( 5.455745322035999934, 4.000000000000000000, -11.04843802984000156 ) ) ;
#7947 = LINE ( 'NONE', #3643, #5383 ) ;
#7948 = CYLINDRICAL_SURFACE ( 'NONE', #2243, 0.2300000000000010369 ) ;
#7949 = DIRECTION ( 'NONE',  ( 0.000000000000000000, -1.000000000000000000, 0.000000000000000000 ) ) ;
#7950 = ORIENTED_EDGE ( 'NONE', *, *, #2628, .F. ) ;
#7951 = CARTESIAN_POINT ( 'NONE',  ( 7.226604878649999897, 17.10000000000000142, -17.64999999999999858 ) ) ;
#7952 = DIRECTION ( 'NONE',  ( 0.000000000000000000, 0.000000000000000000, 1.000000000000000000 ) ) ;
#7953 = VERTEX_POINT ( 'NONE', #202 ) ;
#7954 = ORIENTED_EDGE ( 'NONE', *, *, #4338, .T. ) ;
#7955 = ORIENTED_EDGE ( 'NONE', *, *, #8728, .F. ) ;
#7956 = ORIENTED_EDGE ( 'NONE', *, *, #7419, .F. ) ;
#7957 = CARTESIAN_POINT ( 'NONE',  ( 3.465462857232000093, 9.679999999999999716, 0.000000000000000000 ) ) ;
#7958 = DIRECTION ( 'NONE',  ( 1.555744386805000013E-13, -1.000000000000000000, 9.792880873108000721E-13 ) ) ;
#7959 = CARTESIAN_POINT ( 'NONE',  ( 6.665462857231999827, 4.000000000000000000, -19.51500000000000057 ) ) ;
#7960 = DIRECTION ( 'NONE',  ( 1.000000000000000000, 0.000000000000000000, 0.000000000000000000 ) ) ;
#7961 = ORIENTED_EDGE ( 'NONE', *, *, #4936, .T. ) ;
#7962 = DIRECTION ( 'NONE',  ( 0.000000000000000000, 0.000000000000000000, 1.000000000000000000 ) ) ;
#7963 = ORIENTED_EDGE ( 'NONE', *, *, #10217, .F. ) ;
#7964 = B_SPLINE_CURVE_WITH_KNOTS ( 'NONE', 3,
 ( #9302, #555, #9473, #6674 ),
 .UNSPECIFIED., .F., .F.,
 ( 4, 4 ),
 ( 0.000000000000000000, 1.000000000000000000 ),
 .UNSPECIFIED. ) ;
#7965 = CARTESIAN_POINT ( 'NONE',  ( 15.77351746730299986, 17.30000000000000071, -17.32506086918699850 ) ) ;
#7966 = ORIENTED_EDGE ( 'NONE', *, *, #6594, .F. ) ;
#7967 = DIRECTION ( 'NONE',  ( 0.000000000000000000, -1.000000000000000000, 0.000000000000000000 ) ) ;
#7968 = DIRECTION ( 'NONE',  ( 0.000000000000000000, -1.000000000000000000, 0.000000000000000000 ) ) ;
#7969 = DIRECTION ( 'NONE',  ( 0.000000000000000000, -1.000000000000000000, 0.000000000000000000 ) ) ;
#7970 = VERTEX_POINT ( 'NONE', #6309 ) ;
#7971 = CARTESIAN_POINT ( 'NONE',  ( 6.166437780604000274, 17.30000000000000071, -15.45000000000000107 ) ) ;
#7972 = PLANE ( 'NONE',  #3582 ) ;
#7973 = DIRECTION ( 'NONE',  ( -1.000000000000000000, 0.000000000000000000, 0.000000000000000000 ) ) ;
#7974 = CARTESIAN_POINT ( 'NONE',  ( 13.81588052485926177, 17.30000000000000071, -16.99122562474065035 ) ) ;
#7975 = DIRECTION ( 'NONE',  ( 0.000000000000000000, 1.831927808682402085E-14, 1.000000000000000000 ) ) ;
#7976 = VERTEX_POINT ( 'NONE', #9876 ) ;
#7977 = LINE ( 'NONE', #9683, #7728 ) ;
#7978 = EDGE_CURVE ( 'NONE', #9707, #10248, #5538, .T. ) ;
#7979 = CARTESIAN_POINT ( 'NONE',  ( 5.688443350538999965, 17.10000000000000142, -15.45000000000000107 ) ) ;
#7980 = ADVANCED_FACE ( 'NONE', ( #10870 ), #10047, .T. ) ;
#7981 = DIRECTION ( 'NONE',  ( 1.000000000000000000, 0.000000000000000000, 0.000000000000000000 ) ) ;
#7982 = CARTESIAN_POINT ( 'NONE',  ( 16.78699722903299829, 0.5000000000000000000, -10.56733581331999972 ) ) ;
#7983 = DIRECTION ( 'NONE',  ( 0.000000000000000000, 0.000000000000000000, 1.000000000000000000 ) ) ;
#7984 = VERTEX_POINT ( 'NONE', #4600 ) ;
#7985 = FACE_OUTER_BOUND ( 'NONE', #1991, .T. ) ;
#7986 = EDGE_CURVE ( 'NONE', #7381, #4462, #3927, .T. ) ;
#7987 = ADVANCED_FACE ( 'NONE', ( #10805 ), #8942, .T. ) ;
#7988 = LINE ( 'NONE', #838, #3057 ) ;
#7989 = ORIENTED_EDGE ( 'NONE', *, *, #1042, .T. ) ;
#7990 = CARTESIAN_POINT ( 'NONE',  ( 10.99081109736899897, 17.30000000000000071, -16.10264624357199992 ) ) ;
#7991 = ADVANCED_FACE ( 'NONE', ( #264 ), #10983, .T. ) ;
#7992 = CARTESIAN_POINT ( 'NONE',  ( 6.215462857231999649, 4.000000000000000000, -19.51500000000000057 ) ) ;
#7993 = PLANE ( 'NONE',  #4654 ) ;
#7994 = DIRECTION ( 'NONE',  ( -1.000000000000000000, 0.000000000000000000, 0.000000000000000000 ) ) ;
#7995 = DIRECTION ( 'NONE',  ( 0.000000000000000000, 0.000000000000000000, -1.000000000000000000 ) ) ;
#7996 = ORIENTED_EDGE ( 'NONE', *, *, #11568, .T. ) ;
#7997 = CARTESIAN_POINT ( 'NONE',  ( 3.465462857232000093, 7.450000000000000178, -0.2500000000000000000 ) ) ;
#7998 = CARTESIAN_POINT ( 'NONE',  ( 15.33046285723199986, 0.5000000000000000000, -10.80000000000000071 ) ) ;
#7999 = ORIENTED_EDGE ( 'NONE', *, *, #5283, .F. ) ;
#8000 = CARTESIAN_POINT ( 'NONE',  ( 16.87050344111299793, 0.5000000000000000000, -12.34004058388099878 ) ) ;
#8001 = ADVANCED_FACE ( 'NONE', ( #85 ), #2776, .T. ) ;
#8002 = EDGE_CURVE ( 'NONE', #1624, #6502, #4782, .T. ) ;
#8003 = EDGE_CURVE ( 'NONE', #7922, #5059, #497, .T. ) ;
#8004 = ORIENTED_EDGE ( 'NONE', *, *, #6918, .T. ) ;
#8005 = ORIENTED_EDGE ( 'NONE', *, *, #6813, .F. ) ;
#8006 = VERTEX_POINT ( 'NONE', #10397 ) ;
#8007 = ORIENTED_EDGE ( 'NONE', *, *, #9995, .F. ) ;
#8008 = LINE ( 'NONE', #6262, #6046 ) ;
#8009 = EDGE_CURVE ( 'NONE', #3264, #11205, #5427, .T. ) ;
#8010 = DIRECTION ( 'NONE',  ( 0.000000000000000000, 0.000000000000000000, 1.000000000000000000 ) ) ;
#8011 = CARTESIAN_POINT ( 'NONE',  ( 3.265462857231999916, 7.115000000000000213, 0.000000000000000000 ) ) ;
#8012 = CIRCLE ( 'NONE', #2956, 0.1000000000000012962 ) ;
#8013 = DIRECTION ( 'NONE',  ( 0.9979663327133608819, 0.000000000000000000, -0.06374322529214811184 ) ) ;
#8014 = ORIENTED_EDGE ( 'NONE', *, *, #11006, .T. ) ;
#8015 = CARTESIAN_POINT ( 'NONE',  ( 14.99554684792736126, 17.10000000000000142, -16.30027856230714889 ) ) ;
#8016 = ORIENTED_EDGE ( 'NONE', *, *, #817, .F. ) ;
#8017 = VECTOR ( 'NONE', #10723, 1000.000000000000000 ) ;
#8018 = ORIENTED_EDGE ( 'NONE', *, *, #1806, .F. ) ;
#8019 = VECTOR ( 'NONE', #10185, 1000.000000000000000 ) ;
#8020 = EDGE_LOOP ( 'NONE', ( #6377, #10760, #2567, #8106 ) ) ;
#8021 = CARTESIAN_POINT ( 'NONE',  ( 5.765462857231999472, 4.549999999999999822, -0.2500000000000000000 ) ) ;
#8022 = CARTESIAN_POINT ( 'NONE',  ( 4.945462857232000076, 0.5000000000000000000, -16.97500000000000142 ) ) ;
#8023 = DIRECTION ( 'NONE',  ( 0.000000000000000000, 1.000000000000000000, 0.000000000000000000 ) ) ;
#8024 = ORIENTED_EDGE ( 'NONE', *, *, #9852, .F. ) ;
#8025 = PLANE ( 'NONE',  #5403 ) ;
#8026 = VECTOR ( 'NONE', #7504, 1000.000000000000000 ) ;
#8027 = VECTOR ( 'NONE', #7158, 1000.000000000000000 ) ;
#8028 = PLANE ( 'NONE',  #11086 ) ;
#8029 = CARTESIAN_POINT ( 'NONE',  ( 13.69178622935799972, 17.10000000000000142, -17.42479106187800042 ) ) ;
#8030 = CARTESIAN_POINT ( 'NONE',  ( 17.73046285723199844, 0.7900000000000000355, -13.84113101483900188 ) ) ;
#8031 = PLANE ( 'NONE',  #223 ) ;
#8032 = VERTEX_POINT ( 'NONE', #7538 ) ;
#8033 = CIRCLE ( 'NONE', #3164, 1.474999999999998979 ) ;
#8034 = ORIENTED_EDGE ( 'NONE', *, *, #4252, .F. ) ;
#8035 = TOROIDAL_SURFACE ( 'NONE', #9544, 1.474999999999999867, 0.1000000000000000056 ) ;
#8036 = VECTOR ( 'NONE', #2288, 1000.000000000000000 ) ;
#8037 = FACE_OUTER_BOUND ( 'NONE', #11481, .T. ) ;
#8038 = DIRECTION ( 'NONE',  ( 0.000000000000000000, 0.000000000000000000, -1.000000000000000000 ) ) ;
#8039 = CARTESIAN_POINT ( 'NONE',  ( 3.665462857232000271, 7.649999999999999467, -9.799999999999998934 ) ) ;
#8040 = DIRECTION ( 'NONE',  ( 0.000000000000000000, -1.000000000000000000, 0.000000000000000000 ) ) ;
#8041 = VECTOR ( 'NONE', #1798, 1000.000000000000000 ) ;
#8042 = FACE_OUTER_BOUND ( 'NONE', #2186, .T. ) ;
#8043 = EDGE_LOOP ( 'NONE', ( #5935, #5131, #4362, #9558 ) ) ;
#8044 = AXIS2_PLACEMENT_3D ( 'NONE', #2440, #5360, #7121 ) ;
#8045 = AXIS2_PLACEMENT_3D ( 'NONE', #9164, #8282, #10161 ) ;
#8046 = CARTESIAN_POINT ( 'NONE',  ( 1.650462857231999925, 0.6500000000000000222, -13.84113101483900188 ) ) ;
#8047 = ORIENTED_EDGE ( 'NONE', *, *, #8766, .F. ) ;
#8048 = EDGE_CURVE ( 'NONE', #7188, #5090, #11273, .T. ) ;
#8049 = EDGE_CURVE ( 'NONE', #9374, #9577, #6614, .T. ) ;
#8050 = ORIENTED_EDGE ( 'NONE', *, *, #1261, .T. ) ;
#8051 = DIRECTION ( 'NONE',  ( -0.7071067811865507924, -0.7071067811865442421, 0.000000000000000000 ) ) ;
#8052 = CARTESIAN_POINT ( 'NONE',  ( 14.99800203728100101, 3.600000000000000089, -12.26290869432999919 ) ) ;
#8053 = VECTOR ( 'NONE', #2204, 1000.000000000000000 ) ;
#8054 = VECTOR ( 'NONE', #1133, 1000.000000000000000 ) ;
#8055 = EDGE_CURVE ( 'NONE', #8255, #10013, #9299, .T. ) ;
#8056 = DIRECTION ( 'NONE',  ( 1.000000000000000000, 0.000000000000000000, 0.000000000000000000 ) ) ;
#8057 = DIRECTION ( 'NONE',  ( 0.000000000000000000, 1.000000000000000000, 0.000000000000000000 ) ) ;
#8058 = ORIENTED_EDGE ( 'NONE', *, *, #5637, .T. ) ;
#8059 = CARTESIAN_POINT ( 'NONE',  ( 7.935462857231999401, 4.000000000000000000, -17.32499999999999929 ) ) ;
#8060 = CARTESIAN_POINT ( 'NONE',  ( 10.37546285723199979, 0.000000000000000000, -17.32499999999999929 ) ) ;
#8061 = ORIENTED_EDGE ( 'NONE', *, *, #2116, .F. ) ;
#8062 = LINE ( 'NONE', #675, #9975 ) ;
#8063 = CARTESIAN_POINT ( 'NONE',  ( 10.17883337710849823, 17.30000000000000071, -17.64999999999999858 ) ) ;
#8064 = CIRCLE ( 'NONE', #11429, 0.2300000000000010369 ) ;
#8065 = ORIENTED_EDGE ( 'NONE', *, *, #5774, .T. ) ;
#8066 = ORIENTED_EDGE ( 'NONE', *, *, #10059, .F. ) ;
#8067 = LINE ( 'NONE', #9883, #3768 ) ;
#8068 = DIRECTION ( 'NONE',  ( 0.000000000000000000, -1.000000000000000000, 0.000000000000000000 ) ) ;
#8069 = ADVANCED_FACE ( 'NONE', ( #2145 ), #4832, .F. ) ;
#8070 = EDGE_CURVE ( 'NONE', #9298, #150, #11045, .T. ) ;
#8071 = EDGE_CURVE ( 'NONE', #50, #9443, #5820, .T. ) ;
#8072 = DIRECTION ( 'NONE',  ( 0.000000000000000000, 1.000000000000000000, 0.000000000000000000 ) ) ;
#8073 =( GEOMETRIC_REPRESENTATION_CONTEXT ( 3 ) GLOBAL_UNCERTAINTY_ASSIGNED_CONTEXT ( ( #5557 ) ) GLOBAL_UNIT_ASSIGNED_CONTEXT ( ( #905, #1574, #2604 ) ) REPRESENTATION_CONTEXT ( 'NONE', 'WORKASPACE' ) );
#8074 = DIRECTION ( 'NONE',  ( 0.000000000000000000, 0.000000000000000000, -1.000000000000000000 ) ) ;
#8075 = ORIENTED_EDGE ( 'NONE', *, *, #5846, .T. ) ;
#8076 = LINE ( 'NONE', #2684, #9945 ) ;
#8077 = AXIS2_PLACEMENT_3D ( 'NONE', #128, #5585, #6300 ) ;
#8078 = VERTEX_POINT ( 'NONE', #5005 ) ;
#8079 = EDGE_LOOP ( 'NONE', ( #10284, #10162, #1169, #5590 ) ) ;
#8080 = ORIENTED_EDGE ( 'NONE', *, *, #3401, .T. ) ;
#8081 = ORIENTED_EDGE ( 'NONE', *, *, #6291, .T. ) ;
#8082 = CARTESIAN_POINT ( 'NONE',  ( -19.11588514276800055, 0.5999999999999999778, -13.87000000000000099 ) ) ;
#8084 = DIRECTION ( 'NONE',  ( 0.9874809300343376783, 0.000000000000000000, -0.1577384316472046077 ) ) ;
#8083 = AXIS2_PLACEMENT_3D ( 'NONE', #7591, #8700, #3124 ) ;
#8085 = EDGE_CURVE ( 'NONE', #4503, #4209, #3241, .T. ) ;
#8086 = CIRCLE ( 'NONE', #781, 0.1000000000000002692 ) ;
#8087 = PLANE ( 'NONE',  #6916 ) ;
#8088 = ORIENTED_EDGE ( 'NONE', *, *, #7788, .T. ) ;
#8089 = DIRECTION ( 'NONE',  ( 0.000000000000000000, -1.000000000000000000, 0.000000000000000000 ) ) ;
#8090 = DIRECTION ( 'NONE',  ( 0.1577384316472046077, 0.000000000000000000, 0.9874809300343376783 ) ) ;
#8091 = AXIS2_PLACEMENT_3D ( 'NONE', #11314, #7690, #4879 ) ;
#8092 = DIRECTION ( 'NONE',  ( 1.000000000000000000, 0.000000000000000000, 0.000000000000000000 ) ) ;
#8093 = DIRECTION ( 'NONE',  ( -0.000000000000000000, 1.000000000000000000, 0.000000000000000000 ) ) ;
#8094 = AXIS2_PLACEMENT_3D ( 'NONE', #1974, #7429, #5552 ) ;
#8095 = VERTEX_POINT ( 'NONE', #7646 ) ;
#8096 = AXIS2_PLACEMENT_3D ( 'NONE', #10810, #1963, #2906 ) ;
#8097 = EDGE_LOOP ( 'NONE', ( #4695, #10893, #6571, #8080 ) ) ;
#8098 = CARTESIAN_POINT ( 'NONE',  ( 14.99554685328999959, 17.30000000000000071, -16.30027856230699612 ) ) ;
#8099 = VECTOR ( 'NONE', #4434, 1000.000000000000000 ) ;
#8100 = AXIS2_PLACEMENT_3D ( 'NONE', #2710, #1072, #4590 ) ;
#8101 = DIRECTION ( 'NONE',  ( -1.000000000000000000, 0.000000000000000000, 0.000000000000000000 ) ) ;
#8102 = VECTOR ( 'NONE', #1203, 1000.000000000000000 ) ;
#8103 = PLANE ( 'NONE',  #3007 ) ;
#8104 = LINE ( 'NONE', #72, #8792 ) ;
#8105 = CARTESIAN_POINT ( 'NONE',  ( 3.483175291678999752, 14.63228756555300158, -0.2677124344499999808 ) ) ;
#8106 = ORIENTED_EDGE ( 'NONE', *, *, #1002, .T. ) ;
#8107 = DIRECTION ( 'NONE',  ( 0.000000000000000000, 1.000000000000000000, 0.000000000000000000 ) ) ;
#8108 = DIRECTION ( 'NONE',  ( 0.000000000000000000, 0.000000000000000000, -1.000000000000000000 ) ) ;
#8109 = VERTEX_POINT ( 'NONE', #3187 ) ;
#8110 = CARTESIAN_POINT ( 'NONE',  ( 15.21769088481400090, 17.30000000000000071, -16.65417823791499785 ) ) ;
#8111 = ORIENTED_EDGE ( 'NONE', *, *, #3266, .T. ) ;
#8112 = PLANE ( 'NONE',  #7904 ) ;
#8113 = CARTESIAN_POINT ( 'NONE',  ( 5.406549179301000763, 17.30000000000000071, -15.80389970838999858 ) ) ;
#8114 = FACE_OUTER_BOUND ( 'NONE', #8683, .T. ) ;
#8115 = DIRECTION ( 'NONE',  ( 8.668620405249000090E-13, -1.000000000000000000, 1.390633484213999971E-13 ) ) ;
#8116 = ORIENTED_EDGE ( 'NONE', *, *, #9777, .F. ) ;
#8117 = DIRECTION ( 'NONE',  ( 1.000000000000000000, 0.000000000000000000, 0.000000000000000000 ) ) ;
#8118 = FACE_BOUND ( 'NONE', #8988, .T. ) ;
#8119 = ORIENTED_EDGE ( 'NONE', *, *, #3472, .T. ) ;
#8120 = DIRECTION ( 'NONE',  ( 0.000000000000000000, 0.000000000000000000, -1.000000000000000000 ) ) ;
#8121 = CARTESIAN_POINT ( 'NONE',  ( 9.435797106966900216, 17.30000000000000071, -15.45000000000000107 ) ) ;
#8122 = ORIENTED_EDGE ( 'NONE', *, *, #7288, .F. ) ;
#8123 = ORIENTED_EDGE ( 'NONE', *, *, #8085, .F. ) ;
#8124 = DIRECTION ( 'NONE',  ( 0.000000000000000000, 0.000000000000000000, 1.000000000000000000 ) ) ;
#8125 = DIRECTION ( 'NONE',  ( 0.000000000000000000, -1.000000000000000000, 0.000000000000000000 ) ) ;
#8126 = CARTESIAN_POINT ( 'NONE',  ( 17.53971789399400905, 0.8726037448690047160, -14.13096695743599795 ) ) ;
#8127 = CARTESIAN_POINT ( 'NONE',  ( 3.265462857231999916, 7.315000000000000391, -0.2500000000000000000 ) ) ;
#8128 = ORIENTED_EDGE ( 'NONE', *, *, #495, .T. ) ;
#8129 = EDGE_CURVE ( 'NONE', #3162, #7459, #3366, .T. ) ;
#8130 = EDGE_CURVE ( 'NONE', #7455, #6258, #9470, .T. ) ;
#8131 = DIRECTION ( 'NONE',  ( 1.000000000000000000, 0.000000000000000000, 0.000000000000000000 ) ) ;
#8132 = VERTEX_POINT ( 'NONE', #8586 ) ;
#8133 = ADVANCED_FACE ( 'NONE', ( #3882 ), #11111, .T. ) ;
#8134 = ADVANCED_FACE ( 'NONE', ( #550 ), #7468, .T. ) ;
#8135 = ORIENTED_EDGE ( 'NONE', *, *, #6854, .T. ) ;
#8136 = ORIENTED_EDGE ( 'NONE', *, *, #1669, .T. ) ;
#8137 = ORIENTED_EDGE ( 'NONE', *, *, #842, .T. ) ;
#8138 = CYLINDRICAL_SURFACE ( 'NONE', #11559, 0.5999999999999999778 ) ;
#8139 = ORIENTED_EDGE ( 'NONE', *, *, #9432, .F. ) ;
#8140 = FACE_OUTER_BOUND ( 'NONE', #8674, .T. ) ;
#8141 = DIRECTION ( 'NONE',  ( 0.000000000000000000, 0.000000000000000000, 1.000000000000000000 ) ) ;
#8142 = DIRECTION ( 'NONE',  ( 0.000000000000000000, -1.000000000000000000, 0.000000000000000000 ) ) ;
#8143 = ORIENTED_EDGE ( 'NONE', *, *, #9593, .T. ) ;
#8144 = DIRECTION ( 'NONE',  ( 0.000000000000000000, -0.7071067811865443531, 0.7071067811865505703 ) ) ;
#8145 = DIRECTION ( 'NONE',  ( 0.000000000000000000, 1.000000000000000000, 0.000000000000000000 ) ) ;
#8146 = CARTESIAN_POINT ( 'NONE',  ( 17.58046285723199986, 3.850000000000000089, -14.47000000000000064 ) ) ;
#8147 = EDGE_CURVE ( 'NONE', #10591, #9919, #4016, .T. ) ;
#8148 = EDGE_CURVE ( 'NONE', #3488, #7462, #11163, .T. ) ;
#8149 = DIRECTION ( 'NONE',  ( -1.000000000000000000, 0.000000000000000000, 0.000000000000000000 ) ) ;
#8150 = ORIENTED_EDGE ( 'NONE', *, *, #3076, .F. ) ;
#8151 = ORIENTED_EDGE ( 'NONE', *, *, #465, .F. ) ;
#8152 = EDGE_CURVE ( 'NONE', #4033, #5503, #9416, .T. ) ;
#8153 = DIRECTION ( 'NONE',  ( -1.000000000000000000, 0.000000000000000000, 0.000000000000000000 ) ) ;
#8154 = CARTESIAN_POINT ( 'NONE',  ( 13.46546285723199965, 6.400000000000000355, -0.2500000000000000000 ) ) ;
#8155 = DIRECTION ( 'NONE',  ( 1.000000000000000000, 0.000000000000000000, 0.000000000000000000 ) ) ;
#8156 = DIRECTION ( 'NONE',  ( 0.000000000000000000, -1.000000000000000000, 0.000000000000000000 ) ) ;
#8157 = VERTEX_POINT ( 'NONE', #7815 ) ;
#8158 = DIRECTION ( 'NONE',  ( 0.6728772455790055229, 0.000000000000000000, -0.7397541567183051336 ) ) ;
#8159 = FACE_OUTER_BOUND ( 'NONE', #7898, .T. ) ;
#8160 = ORIENTED_EDGE ( 'NONE', *, *, #2471, .F. ) ;
#8161 = DIRECTION ( 'NONE',  ( 1.000000000000000000, 0.000000000000000000, 0.000000000000000000 ) ) ;
#8162 = ORIENTED_EDGE ( 'NONE', *, *, #8048, .T. ) ;
#8163 = DIRECTION ( 'NONE',  ( 0.000000000000000000, 1.000000000000000000, 0.000000000000000000 ) ) ;
#8164 = DIRECTION ( 'NONE',  ( 0.000000000000000000, 0.000000000000000000, -1.000000000000000000 ) ) ;
#8165 = DIRECTION ( 'NONE',  ( -1.000000000000000000, 0.000000000000000000, 0.000000000000000000 ) ) ;
#8166 = CARTESIAN_POINT ( 'NONE',  ( 6.265462857232000360, 5.689999999999999503, -0.2500000000000000000 ) ) ;
#8167 = ORIENTED_EDGE ( 'NONE', *, *, #6272, .F. ) ;
#8168 = CARTESIAN_POINT ( 'NONE',  ( 13.25927305105200027, 17.30000000000000071, -17.20687288253900249 ) ) ;
#8169 = CARTESIAN_POINT ( 'NONE',  ( 4.450462857231999081, 3.700000000000000178, -4.750000000000000000 ) ) ;
#8170 = VERTEX_POINT ( 'NONE', #3292 ) ;
#8171 = FACE_OUTER_BOUND ( 'NONE', #4999, .T. ) ;
#8172 = CARTESIAN_POINT ( 'NONE',  ( 1.753435359594862186, 4.103000892814464784, -0.03776148365022833492 ) ) ;
#8173 = ORIENTED_EDGE ( 'NONE', *, *, #5846, .F. ) ;
#8174 = EDGE_LOOP ( 'NONE', ( #2279, #3467, #4577, #2957, #6323, #10029 ) ) ;
#8175 = DIRECTION ( 'NONE',  ( 0.000000000000000000, 0.000000000000000000, -1.000000000000000000 ) ) ;
#8176 = CARTESIAN_POINT ( 'NONE',  ( 10.37546285723199979, 0.000000000000000000, -17.32499999999999929 ) ) ;
#8177 = CARTESIAN_POINT ( 'NONE',  ( 8.755462857231998797, 4.000000000000000000, -19.86500000000000199 ) ) ;
#8178 = DIRECTION ( 'NONE',  ( 0.000000000000000000, 0.000000000000000000, -1.000000000000000000 ) ) ;
#8179 = ORIENTED_EDGE ( 'NONE', *, *, #4626, .F. ) ;
#8180 = FACE_OUTER_BOUND ( 'NONE', #951, .T. ) ;
#8181 = ORIENTED_EDGE ( 'NONE', *, *, #5341, .F. ) ;
#8182 = ORIENTED_EDGE ( 'NONE', *, *, #4196, .T. ) ;
#8183 = ORIENTED_EDGE ( 'NONE', *, *, #8449, .T. ) ;
#8184 = ORIENTED_EDGE ( 'NONE', *, *, #2918, .F. ) ;
#8185 = EDGE_CURVE ( 'NONE', #9374, #6587, #9932, .T. ) ;
#8186 = DIRECTION ( 'NONE',  ( 0.6728772455790055229, 0.000000000000000000, -0.7397541567183051336 ) ) ;
#8187 = VECTOR ( 'NONE', #4780, 1000.000000000000000 ) ;
#8188 = EDGE_CURVE ( 'NONE', #1764, #10016, #1747, .T. ) ;
#8189 = DIRECTION ( 'NONE',  ( 0.9874809300343373453, 0.000000000000000000, -0.1577384316472060233 ) ) ;
#8190 = CARTESIAN_POINT ( 'NONE',  ( 1.717828297559094608, 17.23263455967290625, -0.2300000000000000100 ) ) ;
#8191 = EDGE_CURVE ( 'NONE', #2556, #5435, #10568, .T. ) ;
#8192 = CARTESIAN_POINT ( 'NONE',  ( 7.585462857231999756, 0.000000000000000000, -17.32499999999999929 ) ) ;
#8193 = ORIENTED_EDGE ( 'NONE', *, *, #8730, .F. ) ;
#8194 = DIRECTION ( 'NONE',  ( -0.6167539700459747642, 0.000000000000000000, 0.7871559822757677738 ) ) ;
#8195 = EDGE_CURVE ( 'NONE', #5802, #1764, #3681, .T. ) ;
#8196 = CARTESIAN_POINT ( 'NONE',  ( 5.065462857231999294, 7.550000000000000711, -0.3499999999999999778 ) ) ;
#8197 = CIRCLE ( 'NONE', #9700, 0.1499999999999999667 ) ;
#8198 = CARTESIAN_POINT ( 'NONE',  ( 14.88046285723199880, 3.600000000000000089, -14.75000000000000000 ) ) ;
#8199 = EDGE_CURVE ( 'NONE', #6455, #10833, #3504, .T. ) ;
#8200 = ADVANCED_FACE ( 'NONE', ( #8702 ), #2425, .T. ) ;
#8201 = PLANE ( 'NONE',  #6967 ) ;
#8202 = EDGE_LOOP ( 'NONE', ( #1887, #10321, #617, #8552, #8271, #3912 ) ) ;
#8203 = ORIENTED_EDGE ( 'NONE', *, *, #5556, .F. ) ;
#8204 = CIRCLE ( 'NONE', #11204, 0.1000000000000002692 ) ;
#8205 = CARTESIAN_POINT ( 'NONE',  ( 17.38046285723200057, 4.000000000000000000, -14.61999999999999922 ) ) ;
#8206 = AXIS2_PLACEMENT_3D ( 'NONE', #6279, #8909, #4339 ) ;
#8207 = EDGE_CURVE ( 'NONE', #6980, #3162, #2582, .T. ) ;
#8208 = EDGE_CURVE ( 'NONE', #3745, #6635, #6014, .T. ) ;
#8209 = ADVANCED_FACE ( 'NONE', ( #8875 ), #6071, .T. ) ;
#8210 = DIRECTION ( 'NONE',  ( 0.000000000000000000, 0.000000000000000000, -1.000000000000000000 ) ) ;
#8211 = DIRECTION ( 'NONE',  ( 0.000000000000000000, 1.000000000000000000, 0.000000000000000000 ) ) ;
#8212 = FACE_OUTER_BOUND ( 'NONE', #6769, .T. ) ;
#8213 = DIRECTION ( 'NONE',  ( -1.000000000000000000, 0.000000000000000000, 0.000000000000000000 ) ) ;
#8214 = VERTEX_POINT ( 'NONE', #4238 ) ;
#8215 = SURFACE_STYLE_USAGE ( .BOTH. , #2941 ) ;
#8216 = AXIS2_PLACEMENT_3D ( 'NONE', #10339, #3181, #8534 ) ;
#8217 = DIRECTION ( 'NONE',  ( 0.000000000000000000, 0.000000000000000000, 1.000000000000000000 ) ) ;
#8218 = VECTOR ( 'NONE', #6816, 1000.000000000000000 ) ;
#8219 = VECTOR ( 'NONE', #10157, 1000.000000000000000 ) ;
#8220 = ORIENTED_EDGE ( 'NONE', *, *, #754, .F. ) ;
#8221 = ORIENTED_EDGE ( 'NONE', *, *, #9665, .F. ) ;
#8222 = LINE ( 'NONE', #2073, #8829 ) ;
#8223 = VERTEX_POINT ( 'NONE', #6169 ) ;
#8224 = DIRECTION ( 'NONE',  ( 0.000000000000000000, -1.000000000000000000, 0.000000000000000000 ) ) ;
#8225 = CARTESIAN_POINT ( 'NONE',  ( 17.58046285723199986, 4.000000000000000000, -0.2300000000000000100 ) ) ;
#8226 = AXIS2_PLACEMENT_3D ( 'NONE', #11068, #3855, #3911 ) ;
#8227 = CARTESIAN_POINT ( 'NONE',  ( 13.74050917796599869, 17.30000000000000071, -17.32506086918699850 ) ) ;
#8228 = FACE_OUTER_BOUND ( 'NONE', #9735, .T. ) ;
#8229 = ORIENTED_EDGE ( 'NONE', *, *, #6558, .F. ) ;
#8230 = VECTOR ( 'NONE', #792, 1000.000000000000000 ) ;
#8231 = B_SPLINE_CURVE_WITH_KNOTS ( 'NONE', 3,
 ( #6863, #6751, #518, #2391 ),
 .UNSPECIFIED., .F., .F.,
 ( 4, 4 ),
 ( 0.000000000000000000, 1.000000000000000000 ),
 .UNSPECIFIED. ) ;
#8232 = AXIS2_PLACEMENT_3D ( 'NONE', #1006, #6643, #5634 ) ;
#8233 = DIRECTION ( 'NONE',  ( 1.000000000000000000, 0.000000000000000000, 0.000000000000000000 ) ) ;
#8234 = FACE_BOUND ( 'NONE', #7896, .T. ) ;
#8235 = ORIENTED_EDGE ( 'NONE', *, *, #9806, .F. ) ;
#8236 = DIRECTION ( 'NONE',  ( 0.000000000000000000, -1.000000000000000000, 0.000000000000000000 ) ) ;
#8237 = CARTESIAN_POINT ( 'NONE',  ( 1.712677176774643151, 4.062234139610493955, -0.07233565624777646419 ) ) ;
#8238 = ORIENTED_EDGE ( 'NONE', *, *, #11545, .T. ) ;
#8239 = VECTOR ( 'NONE', #6671, 1000.000000000000000 ) ;
#8240 = ORIENTED_EDGE ( 'NONE', *, *, #1822, .F. ) ;
#8241 = VECTOR ( 'NONE', #73, 1000.000000000000114 ) ;
#8242 = CARTESIAN_POINT ( 'NONE',  ( 6.465462857231999649, 7.649999999999999467, -9.799999999999998934 ) ) ;
#8243 = FACE_OUTER_BOUND ( 'NONE', #4653, .T. ) ;
#8244 = CARTESIAN_POINT ( 'NONE',  ( 11.39546285723199937, 0.000000000000000000, -19.86500000000000199 ) ) ;
#8245 = DIRECTION ( 'NONE',  ( -1.000000000000000000, 0.000000000000000000, 0.000000000000000000 ) ) ;
#8246 = CARTESIAN_POINT ( 'NONE',  ( 8.519641148791000873, 17.30000000000000071, -15.45000000000000107 ) ) ;
#8247 = EDGE_LOOP ( 'NONE', ( #8775, #4427, #1523, #397, #10403, #11266, #5347, #5690, #8727, #7023, #6137, #3986, #7669, #8472, #5466, #7446, #1737, #4015, #2001, #7497 ) ) ;
#8248 = VECTOR ( 'NONE', #3302, 1000.000000000000227 ) ;
#8249 = AXIS2_PLACEMENT_3D ( 'NONE', #1117, #7261, #8331 ) ;
#8250 = LINE ( 'NONE', #6564, #7344 ) ;
#8251 = DIRECTION ( 'NONE',  ( 0.000000000000000000, 0.000000000000000000, -1.000000000000000000 ) ) ;
#8252 = ORIENTED_EDGE ( 'NONE', *, *, #559, .F. ) ;
#8253 = UNCERTAINTY_MEASURE_WITH_UNIT (LENGTH_MEASURE( 1.000000000000000082E-05 ), #11566, 'distance_accuracy_value', 'NONE');
#8254 = VERTEX_POINT ( 'NONE', #5174 ) ;
#8255 = VERTEX_POINT ( 'NONE', #6947 ) ;
#8256 = ORIENTED_EDGE ( 'NONE', *, *, #4977, .T. ) ;
#8257 = CARTESIAN_POINT ( 'NONE',  ( 15.76546285723199858, 7.450000000000000178, -0.2500000000000000000 ) ) ;
#8258 = LINE ( 'NONE', #159, #3034 ) ;
#8259 = AXIS2_PLACEMENT_3D ( 'NONE', #7248, #6452, #5616 ) ;
#8260 = DIRECTION ( 'NONE',  ( 0.000000000000000000, 0.000000000000000000, -1.000000000000000000 ) ) ;
#8261 = CARTESIAN_POINT ( 'NONE',  ( 1.470133353637004481, 0.5730803751200040930, -13.90698366765898797 ) ) ;
#8262 = EDGE_LOOP ( 'NONE', ( #6479, #5371, #828, #2674 ) ) ;
#8263 = CARTESIAN_POINT ( 'NONE',  ( 3.665462857232000271, 14.55000000000000071, 27.70149999999999935 ) ) ;
#8264 = CARTESIAN_POINT ( 'NONE',  ( 15.52700794469055090, 17.10000000000000142, -17.56236613193284768 ) ) ;
#8265 = ADVANCED_FACE ( 'NONE', ( #11325 ), #5232, .T. ) ;
#8266 = EDGE_CURVE ( 'NONE', #7434, #8819, #776, .T. ) ;
#8267 = VECTOR ( 'NONE', #9657, 1000.000000000000000 ) ;
#8268 = LINE ( 'NONE', #9973, #1168 ) ;
#8269 = AXIS2_PLACEMENT_3D ( 'NONE', #8296, #3876, #7461 ) ;
#8270 = CARTESIAN_POINT ( 'NONE',  ( 17.35046285723199944, 17.23263455967290625, -0.06736544032709453067 ) ) ;
#8271 = ORIENTED_EDGE ( 'NONE', *, *, #5280, .F. ) ;
#8272 = CIRCLE ( 'NONE', #7533, 0.1500000000000008271 ) ;
#8273 = EDGE_CURVE ( 'NONE', #4011, #10076, #9584, .T. ) ;
#8274 = ORIENTED_EDGE ( 'NONE', *, *, #9437, .F. ) ;
#8275 = VECTOR ( 'NONE', #304, 1000.000000000000000 ) ;
#8276 = CIRCLE ( 'NONE', #9222, 1.574999999999999289 ) ;
#8277 = DIRECTION ( 'NONE',  ( 0.9979663327133606598, 0.000000000000000000, 0.06374322529215076250 ) ) ;
#8278 = DIRECTION ( 'NONE',  ( 0.06374322529215131761, 0.000000000000000000, -0.9979663327133606598 ) ) ;
#8279 = VECTOR ( 'NONE', #2312, 1000.000000000000000 ) ;
#8280 = DIRECTION ( 'NONE',  ( 1.000000000000000000, 0.000000000000000000, 0.000000000000000000 ) ) ;
#8281 = DIRECTION ( 'NONE',  ( -1.000000000000000000, 0.000000000000000000, 0.000000000000000000 ) ) ;
#8282 = DIRECTION ( 'NONE',  ( -0.9874809300343376783, 0.000000000000000000, 0.1577384316472046077 ) ) ;
#8283 = ORIENTED_EDGE ( 'NONE', *, *, #1107, .F. ) ;
#8284 = EDGE_CURVE ( 'NONE', #9267, #4952, #5067, .T. ) ;
#8285 = CIRCLE ( 'NONE', #1548, 0.2300000000000000100 ) ;
#8286 = ADVANCED_FACE ( 'NONE', ( #6886 ), #10455, .F. ) ;
#8287 = AXIS2_PLACEMENT_3D ( 'NONE', #501, #4836, #556 ) ;
#8288 = VERTEX_POINT ( 'NONE', #1131 ) ;
#8289 = FILL_AREA_STYLE_COLOUR ( '', #2863 ) ;
#8290 = CARTESIAN_POINT ( 'NONE',  ( 15.77351746730299986, 17.10000000000000142, -17.32506086918699850 ) ) ;
#8291 = EDGE_CURVE ( 'NONE', #1998, #3758, #4703, .T. ) ;
#8292 = ADVANCED_FACE ( 'NONE', ( #2758 ), #8103, .T. ) ;
#8293 = ORIENTED_EDGE ( 'NONE', *, *, #4195, .T. ) ;
#8294 = ORIENTED_EDGE ( 'NONE', *, *, #11301, .F. ) ;
#8295 = VECTOR ( 'NONE', #7968, 1000.000000000000000 ) ;
#8296 = CARTESIAN_POINT ( 'NONE',  ( 5.395462857232000253, 4.000000000000000000, -17.32499999999999929 ) ) ;
#8297 = ORIENTED_EDGE ( 'NONE', *, *, #3851, .T. ) ;
#8298 = FACE_OUTER_BOUND ( 'NONE', #5748, .T. ) ;
#8299 = AXIS2_PLACEMENT_3D ( 'NONE', #7226, #9986, #9922 ) ;
#8300 = DIRECTION ( 'NONE',  ( -0.1961161351382035567, -0.9805806756909162258, 0.000000000000000000 ) ) ;
#8301 = AXIS2_PLACEMENT_3D ( 'NONE', #4532, #5656, #11100 ) ;
#8302 = DIRECTION ( 'NONE',  ( -1.000000000000000000, 0.000000000000000000, 0.000000000000000000 ) ) ;
#8303 = DIRECTION ( 'NONE',  ( 0.6614378277661194794, 0.7500000000000247580, 0.000000000000000000 ) ) ;
#8304 = ORIENTED_EDGE ( 'NONE', *, *, #3775, .T. ) ;
#8305 = DIRECTION ( 'NONE',  ( 0.000000000000000000, -1.000000000000000000, 0.000000000000000000 ) ) ;
#8306 = CARTESIAN_POINT ( 'NONE',  ( 15.36017068599199931, 17.10000000000000142, -16.76550600131366764 ) ) ;
#8307 = ORIENTED_EDGE ( 'NONE', *, *, #9149, .T. ) ;
#8308 = CARTESIAN_POINT ( 'NONE',  ( 13.83546285723200064, 4.000000000000000000, -19.51500000000000057 ) ) ;
#8309 = PLANE ( 'NONE',  #5109 ) ;
#8310 = EDGE_CURVE ( 'NONE', #4854, #1336, #2821, .T. ) ;
#8311 = EDGE_CURVE ( 'NONE', #9279, #7953, #773, .T. ) ;
#8312 = ORIENTED_EDGE ( 'NONE', *, *, #4764, .T. ) ;
#8313 = LINE ( 'NONE', #5785, #6030 ) ;
#8314 = CARTESIAN_POINT ( 'NONE',  ( 16.79337155156200012, 4.000000000000000000, -11.13246081994999948 ) ) ;
#8315 = CARTESIAN_POINT ( 'NONE',  ( 17.72482299013099194, 0.6950250329679986683, -13.83003640012299762 ) ) ;
#8316 = CARTESIAN_POINT ( 'NONE',  ( 1.650462857231999925, 4.203779418383999378, -13.99886898516100153 ) ) ;
#8317 = LINE ( 'NONE', #277, #8424 ) ;
#8318 = ORIENTED_EDGE ( 'NONE', *, *, #7271, .T. ) ;
#8319 = LINE ( 'NONE', #279, #4735 ) ;
#8320 = DIRECTION ( 'NONE',  ( 0.000000000000000000, 0.000000000000000000, -1.000000000000000000 ) ) ;
#8321 = ORIENTED_EDGE ( 'NONE', *, *, #2819, .F. ) ;
#8322 = ORIENTED_EDGE ( 'NONE', *, *, #176, .T. ) ;
#8323 = ORIENTED_EDGE ( 'NONE', *, *, #6921, .F. ) ;
#8324 = ORIENTED_EDGE ( 'NONE', *, *, #1821, .F. ) ;
#8325 = CARTESIAN_POINT ( 'NONE',  ( 14.88046285723199880, 3.700000000000000178, -14.75000000000000000 ) ) ;
#8326 = CYLINDRICAL_SURFACE ( 'NONE', #6791, 1.210040583880999776 ) ;
#8327 = CARTESIAN_POINT ( 'NONE',  ( 3.850462857231999880, 3.700000000000000178, -4.750000000000000000 ) ) ;
#8328 = DIRECTION ( 'NONE',  ( 0.000000000000000000, 1.000000000000000000, 0.000000000000000000 ) ) ;
#8329 = ORIENTED_EDGE ( 'NONE', *, *, #3178, .F. ) ;
#8330 = CARTESIAN_POINT ( 'NONE',  ( 3.003093700461999749, 4.549999999999999822, -0.2000000000000000111 ) ) ;
#8331 = DIRECTION ( 'NONE',  ( 1.000000000000000000, 0.000000000000000000, 0.000000000000000000 ) ) ;
#8332 = CYLINDRICAL_SURFACE ( 'NONE', #11078, 0.1999999999999987899 ) ;
#8333 = PLANE ( 'NONE',  #2652 ) ;
#8334 = VERTEX_POINT ( 'NONE', #5344 ) ;
#8335 = ORIENTED_EDGE ( 'NONE', *, *, #7122, .F. ) ;
#8336 = CARTESIAN_POINT ( 'NONE',  ( 13.95546285723199986, 0.000000000000000000, -6.490000000000000213 ) ) ;
#8337 = CARTESIAN_POINT ( 'NONE',  ( 3.465462857232000093, 9.679999999999999716, 0.000000000000000000 ) ) ;
#8338 = DIRECTION ( 'NONE',  ( 1.000000000000000000, 0.000000000000000000, 0.000000000000000000 ) ) ;
#8339 = DIRECTION ( 'NONE',  ( -1.000000000000000000, 0.000000000000000000, 0.000000000000000000 ) ) ;
#8340 = DIRECTION ( 'NONE',  ( 0.000000000000000000, 1.000000000000000000, 0.000000000000000000 ) ) ;
#8341 = ORIENTED_EDGE ( 'NONE', *, *, #6088, .T. ) ;
#8342 = ORIENTED_EDGE ( 'NONE', *, *, #6522, .T. ) ;
#8343 = CARTESIAN_POINT ( 'NONE',  ( 16.42783201400199999, 4.750000000000000000, 0.000000000000000000 ) ) ;
#8344 = DIRECTION ( 'NONE',  ( 1.000000000000000000, 0.000000000000000000, 0.000000000000000000 ) ) ;
#8345 = ORIENTED_EDGE ( 'NONE', *, *, #5631, .F. ) ;
#8346 = EDGE_CURVE ( 'NONE', #2722, #446, #8446, .T. ) ;
#8347 = DIRECTION ( 'NONE',  ( 1.000000000000000000, 0.000000000000000000, 0.000000000000000000 ) ) ;
#8348 = EDGE_CURVE ( 'NONE', #2509, #5520, #1014, .T. ) ;
#8349 = ORIENTED_EDGE ( 'NONE', *, *, #10725, .F. ) ;
#8350 = PLANE ( 'NONE',  #600 ) ;
#8351 = CARTESIAN_POINT ( 'NONE',  ( 14.16671680186699867, 17.10000000000000142, -15.45000000000000107 ) ) ;
#8352 = EDGE_CURVE ( 'NONE', #3975, #3994, #3750, .T. ) ;
#8353 = CARTESIAN_POINT ( 'NONE',  ( 10.12546285723199979, 0.000000000000000000, -16.97500000000000142 ) ) ;
#8354 = VERTEX_POINT ( 'NONE', #1770 ) ;
#8355 = ADVANCED_FACE ( 'NONE', ( #6347 ), #9916, .F. ) ;
#8356 = EDGE_CURVE ( 'NONE', #9707, #4952, #4586, .T. ) ;
#8357 = CARTESIAN_POINT ( 'NONE',  ( 17.58046285723199986, 3.850000000000000089, -13.23000000000000043 ) ) ;
#8358 = LINE ( 'NONE', #4017, #11044 ) ;
#8359 = ORIENTED_EDGE ( 'NONE', *, *, #6650, .T. ) ;
#8360 = CARTESIAN_POINT ( 'NONE',  ( 17.72482299013099194, 4.298754385416000190, -13.86996359987699989 ) ) ;
#8361 = DIRECTION ( 'NONE',  ( -1.000000000000000000, 0.000000000000000000, 0.000000000000000000 ) ) ;
#8362 = ADVANCED_FACE ( 'NONE', ( #71 ), #246, .F. ) ;
#8363 = ADVANCED_FACE ( 'NONE', ( #9106 ), #10914, .T. ) ;
#8364 = ORIENTED_EDGE ( 'NONE', *, *, #959, .F. ) ;
#8365 = DIRECTION ( 'NONE',  ( 0.000000000000000000, 0.000000000000000000, -1.000000000000000000 ) ) ;
#8366 = LINE ( 'NONE', #3893, #8595 ) ;
#8367 = LINE ( 'NONE', #8493, #10079 ) ;
#8368 = DIRECTION ( 'NONE',  ( 0.000000000000000000, 0.000000000000000000, 1.000000000000000000 ) ) ;
#8369 = EDGE_CURVE ( 'NONE', #11299, #2509, #1878, .T. ) ;
#8370 = ADVANCED_FACE ( 'NONE', ( #945 ), #180, .T. ) ;
#8371 = CARTESIAN_POINT ( 'NONE',  ( 5.356997229032999464, 0.5000000000000000000, -10.56733581331999972 ) ) ;
#8372 = EDGE_CURVE ( 'NONE', #4686, #3759, #2706, .T. ) ;
#8373 = VERTEX_POINT ( 'NONE', #9054 ) ;
#8374 = LINE ( 'NONE', #10999, #4529 ) ;
#8375 = PLANE ( 'NONE',  #8259 ) ;
#8376 = ORIENTED_EDGE ( 'NONE', *, *, #10646, .F. ) ;
#8377 = EDGE_CURVE ( 'NONE', #9908, #9770, #7877, .T. ) ;
#8378 = PRODUCT_DEFINITION_CONTEXT ( 'detailed design', #8746, 'design' ) ;
#8379 = ORIENTED_EDGE ( 'NONE', *, *, #8982, .F. ) ;
#8380 = ORIENTED_EDGE ( 'NONE', *, *, #1274, .F. ) ;
#8381 = ORIENTED_EDGE ( 'NONE', *, *, #8509, .T. ) ;
#8382 = DIRECTION ( 'NONE',  ( 0.000000000000000000, -1.000000000000000000, 0.000000000000000000 ) ) ;
#8383 = EDGE_LOOP ( 'NONE', ( #8655, #10066, #3904, #7961, #3822, #1137, #4244 ) ) ;
#8384 = CARTESIAN_POINT ( 'NONE',  ( 15.76546285723199858, 11.67999999999999972, 0.000000000000000000 ) ) ;
#8385 = DIRECTION ( 'NONE',  ( -0.7071067811864976127, 0.000000000000000000, 0.7071067811865975328 ) ) ;
#8386 = CARTESIAN_POINT ( 'NONE',  ( 13.74050917796599869, 17.30000000000000071, -17.32506086918699850 ) ) ;
#8387 = ORIENTED_EDGE ( 'NONE', *, *, #3917, .T. ) ;
#8388 = DIRECTION ( 'NONE',  ( 0.000000000000000000, 0.000000000000000000, -1.000000000000000000 ) ) ;
#8389 = DIRECTION ( 'NONE',  ( 0.000000000000000000, 0.000000000000000000, 1.000000000000000000 ) ) ;
#8390 = DIRECTION ( 'NONE',  ( -1.385558179527999913E-13, -1.000000000000000000, 8.673695709936000046E-13 ) ) ;
#8391 = ORIENTED_EDGE ( 'NONE', *, *, #2266, .F. ) ;
#8392 = ORIENTED_EDGE ( 'NONE', *, *, #2991, .T. ) ;
#8393 = DIRECTION ( 'NONE',  ( 0.000000000000000000, -1.000000000000000000, 0.000000000000000000 ) ) ;
#8394 = PLANE ( 'NONE',  #6917 ) ;
#8395 = AXIS2_PLACEMENT_3D ( 'NONE', #8751, #8585, #8644 ) ;
#8396 = LINE ( 'NONE', #10209, #573 ) ;
#8397 = LINE ( 'NONE', #5651, #7292 ) ;
#8398 = CARTESIAN_POINT ( 'NONE',  ( 3.900462857232000147, 4.000000000000000000, -10.80000000000000071 ) ) ;
#8399 = ORIENTED_EDGE ( 'NONE', *, *, #6133, .F. ) ;
#8400 = CARTESIAN_POINT ( 'NONE',  ( 1.850462857232000102, 4.000000000000000000, -13.08000000000000007 ) ) ;
#8401 = CARTESIAN_POINT ( 'NONE',  ( 10.37546285723199979, 0.000000000000000000, -16.97500000000000142 ) ) ;
#8402 = AXIS2_PLACEMENT_3D ( 'NONE', #402, #7563, #2979 ) ;
#8403 = ORIENTED_EDGE ( 'NONE', *, *, #8931, .F. ) ;
#8404 = VECTOR ( 'NONE', #7889, 1000.000000000000000 ) ;
#8405 = CARTESIAN_POINT ( 'NONE',  ( 12.96253856395200010, 17.30000000000000071, -16.30027856230699612 ) ) ;
#8406 = ORIENTED_EDGE ( 'NONE', *, *, #6942, .F. ) ;
#8407 = FACE_OUTER_BOUND ( 'NONE', #10179, .T. ) ;
#8408 = DIRECTION ( 'NONE',  ( -0.9874809300343374563, 0.000000000000000000, 0.1577384316472053571 ) ) ;
#8409 = DIRECTION ( 'NONE',  ( -1.000000000000000000, 0.000000000000000000, 0.000000000000000000 ) ) ;
#8410 = ORIENTED_EDGE ( 'NONE', *, *, #8857, .F. ) ;
#8411 = VECTOR ( 'NONE', #2544, 1000.000000000000000 ) ;
#8412 = DIRECTION ( 'NONE',  ( 0.000000000000000000, 0.000000000000000000, 1.000000000000000000 ) ) ;
#8413 = FACE_OUTER_BOUND ( 'NONE', #10917, .T. ) ;
#8414 = ORIENTED_EDGE ( 'NONE', *, *, #2627, .T. ) ;
#8415 = CARTESIAN_POINT ( 'NONE',  ( 1.691207820469998513, 0.8726037446620126259, -14.13096695749900711 ) ) ;
#8416 = EDGE_CURVE ( 'NONE', #1282, #9827, #2884, .T. ) ;
#8417 = DIRECTION ( 'NONE',  ( 0.000000000000000000, 1.000000000000000000, 0.000000000000000000 ) ) ;
#8418 = EDGE_CURVE ( 'NONE', #3097, #3801, #1371, .T. ) ;
#8419 = ORIENTED_EDGE ( 'NONE', *, *, #2982, .F. ) ;
#8420 = DIRECTION ( 'NONE',  ( 0.000000000000000000, 0.000000000000000000, 1.000000000000000000 ) ) ;
#8421 = AXIS2_PLACEMENT_3D ( 'NONE', #7179, #1828, #10979 ) ;
#8422 = ADVANCED_FACE ( 'NONE', ( #6654 ), #11197, .F. ) ;
#8423 = LINE ( 'NONE', #387, #2031 ) ;
#8424 = VECTOR ( 'NONE', #4742, 1000.000000000000000 ) ;
#8425 = VECTOR ( 'NONE', #9554, 1000.000000000000000 ) ;
#8426 = DIRECTION ( 'NONE',  ( -1.558609477756000062E-13, -1.000000000000000000, -9.792880873108000721E-13 ) ) ;
#8427 = DIRECTION ( 'NONE',  ( 0.000000000000000000, 0.000000000000000000, -1.000000000000000000 ) ) ;
#8428 = DIRECTION ( 'NONE',  ( 0.000000000000000000, -1.000000000000000000, 0.000000000000000000 ) ) ;
#8429 = ORIENTED_EDGE ( 'NONE', *, *, #4333, .F. ) ;
#8430 = CARTESIAN_POINT ( 'NONE',  ( 14.93579763148800055, 17.30000000000000071, -16.65417823791499785 ) ) ;
#8431 = DIRECTION ( 'NONE',  ( 0.000000000000000000, 0.000000000000000000, 1.000000000000000000 ) ) ;
#8432 = AXIS2_PLACEMENT_3D ( 'NONE', #466, #11240, #7615 ) ;
#8433 = VERTEX_POINT ( 'NONE', #3111 ) ;
#8434 = AXIS2_PLACEMENT_3D ( 'NONE', #3468, #1616, #10532 ) ;
#8435 = VECTOR ( 'NONE', #6413, 1000.000000000000000 ) ;
#8436 = ORIENTED_EDGE ( 'NONE', *, *, #3591, .F. ) ;
#8437 = ORIENTED_EDGE ( 'NONE', *, *, #10989, .F. ) ;
#8438 = ORIENTED_EDGE ( 'NONE', *, *, #766, .F. ) ;
#8439 = EDGE_CURVE ( 'NONE', #5760, #278, #10968, .T. ) ;
#8440 = ADVANCED_FACE ( 'NONE', ( #484 ), #2318, .F. ) ;
#8441 = ADVANCED_FACE ( 'NONE', ( #10263 ), #7451, .F. ) ;
#8442 = DIRECTION ( 'NONE',  ( 0.000000000000000000, -1.000000000000000000, 0.000000000000000000 ) ) ;
#8443 = ORIENTED_EDGE ( 'NONE', *, *, #4691, .F. ) ;
#8444 = DIRECTION ( 'NONE',  ( 1.000000000000000000, 0.000000000000000000, 0.000000000000000000 ) ) ;
#8445 = CARTESIAN_POINT ( 'NONE',  ( 17.72482299013098839, 0.7325790968189964669, -13.71997113707201699 ) ) ;
#8446 = CIRCLE ( 'NONE', #185, 1.474999999999998979 ) ;
#8447 = VECTOR ( 'NONE', #3990, 1000.000000000000000 ) ;
#8448 = CARTESIAN_POINT ( 'NONE',  ( 6.465462857231999649, 7.649999999999999467, -9.799999999999998934 ) ) ;
#8449 = EDGE_CURVE ( 'NONE', #7241, #5146, #5757, .T. ) ;
#8450 = EDGE_LOOP ( 'NONE', ( #7348, #8392, #8604, #1401, #11321, #6270, #4796, #11602 ) ) ;
#8451 = LINE ( 'NONE', #5749, #10662 ) ;
#8452 = LINE ( 'NONE', #9213, #198 ) ;
#8453 = CARTESIAN_POINT ( 'NONE',  ( 5.775462857232000147, 4.000000000000000000, -6.490000000000000213 ) ) ;
#8454 = ORIENTED_EDGE ( 'NONE', *, *, #392, .F. ) ;
#8455 = AXIS2_PLACEMENT_3D ( 'NONE', #6900, #1397, #4970 ) ;
#8456 = EDGE_CURVE ( 'NONE', #1588, #3179, #11094, .T. ) ;
#8457 = ADVANCED_FACE ( 'NONE', ( #8524 ), #10304, .T. ) ;
#8458 = ORIENTED_EDGE ( 'NONE', *, *, #6299, .T. ) ;
#8459 = CARTESIAN_POINT ( 'NONE',  ( 5.406549179301000763, 17.30000000000000071, -15.45000000000000107 ) ) ;
#8460 = FACE_OUTER_BOUND ( 'NONE', #4492, .T. ) ;
#8461 = PRODUCT_DEFINITION_FORMATION_WITH_SPECIFIED_SOURCE ( '任何', '', #7834, .NOT_KNOWN. ) ;
#8462 = VECTOR ( 'NONE', #7421, 1000.000000000000000 ) ;
#8463 = DIRECTION ( 'NONE',  ( 0.000000000000000000, 0.000000000000000000, -1.000000000000000000 ) ) ;
#8464 = CARTESIAN_POINT ( 'NONE',  ( 17.72482299013099194, 4.298754385394003563, -13.83003640005100898 ) ) ;
#8465 = CARTESIAN_POINT ( 'NONE',  ( 4.450462857231999081, 4.000000000000000000, -11.64432666501200053 ) ) ;
#8466 = ORIENTED_EDGE ( 'NONE', *, *, #7485, .T. ) ;
#8467 = VECTOR ( 'NONE', #4574, 1000.000000000000000 ) ;
#8468 = DIRECTION ( 'NONE',  ( 1.000000000000000000, 0.000000000000000000, 0.000000000000000000 ) ) ;
#8469 = AXIS2_PLACEMENT_3D ( 'NONE', #10444, #4286, #6002 ) ;
#8470 = DIRECTION ( 'NONE',  ( 0.000000000000000000, 0.000000000000000000, -1.000000000000000000 ) ) ;
#8471 = AXIS2_PLACEMENT_3D ( 'NONE', #9632, #4176, #5119 ) ;
#8472 = ORIENTED_EDGE ( 'NONE', *, *, #9798, .T. ) ;
#8473 = CARTESIAN_POINT ( 'NONE',  ( 4.450462857231999081, 3.700000000000000178, -4.750000000000000000 ) ) ;
#8474 = EDGE_LOOP ( 'NONE', ( #3429, #8721, #2213, #8687, #9985, #5251, #10477, #11567 ) ) ;
#8475 = LINE ( 'NONE', #1433, #7350 ) ;
#8476 = CARTESIAN_POINT ( 'NONE',  ( 14.64471057628099970, 17.30000000000000071, -17.29456826448399909 ) ) ;
#8477 = VECTOR ( 'NONE', #10800, 1000.000000000000000 ) ;
#8478 = CIRCLE ( 'NONE', #3968, 0.09999999999999956146 ) ;
#8479 = CARTESIAN_POINT ( 'NONE',  ( 5.406549179301000763, 17.30000000000000071, -15.80389970838999858 ) ) ;
#8480 = VERTEX_POINT ( 'NONE', #2236 ) ;
#8481 = AXIS2_PLACEMENT_3D ( 'NONE', #3805, #2053, #4812 ) ;
#8482 = DIRECTION ( 'NONE',  ( 0.000000000000000000, 0.000000000000000000, 1.000000000000000000 ) ) ;
#8483 = LINE ( 'NONE', #10934, #2999 ) ;
#8484 = VERTEX_POINT ( 'NONE', #7629 ) ;
#8485 = DIRECTION ( 'NONE',  ( 0.000000000000000000, 0.000000000000000000, 1.000000000000000000 ) ) ;
#8486 = DIRECTION ( 'NONE',  ( 1.561474766186999942E-13, -1.000000000000000000, -9.787151928982000066E-13 ) ) ;
#8487 = CIRCLE ( 'NONE', #6421, 0.1399999999999995137 ) ;
#8488 = EDGE_LOOP ( 'NONE', ( #190, #1965, #11548, #10052, #7431, #2334 ) ) ;
#8489 = VECTOR ( 'NONE', #10229, 1000.000000000000000 ) ;
#8490 = CIRCLE ( 'NONE', #3780, 0.1500000000000008271 ) ;
#8491 = CARTESIAN_POINT ( 'NONE',  ( 4.133127043912000254, 0.4000000000000000222, -12.25653437180100092 ) ) ;
#8492 = DIRECTION ( 'NONE',  ( 0.6728772455790055229, 0.000000000000000000, 0.7397541567183051336 ) ) ;
#8493 = CARTESIAN_POINT ( 'NONE',  ( 17.58046285723199986, 17.06999999999999673, -0.2300000000000000100 ) ) ;
#8494 = LINE ( 'NONE', #9369, #4121 ) ;
#8495 = AXIS2_PLACEMENT_3D ( 'NONE', #1109, #9273, #230 ) ;
#8496 = CARTESIAN_POINT ( 'NONE',  ( 17.73046285723199844, 4.203779418383999378, -13.70113101483899953 ) ) ;
#8497 = EDGE_LOOP ( 'NONE', ( #6516, #803, #10616, #5896, #10604, #8307 ) ) ;
#8498 = LINE ( 'NONE', #459, #6975 ) ;
#8499 = CARTESIAN_POINT ( 'NONE',  ( 16.49546285723199901, 0.000000000000000000, -6.989999999999999325 ) ) ;
#8500 = EDGE_LOOP ( 'NONE', ( #10117, #4973, #352, #9086, #9180, #9028, #11289, #3256, #2513, #5697, #5967, #2585 ) ) ;
#8501 = ORIENTED_EDGE ( 'NONE', *, *, #1274, .T. ) ;
#8502 = ORIENTED_EDGE ( 'NONE', *, *, #11485, .T. ) ;
#8503 = VERTEX_POINT ( 'NONE', #2179 ) ;
#8504 = LINE ( 'NONE', #7673, #2608 ) ;
#8505 = EDGE_LOOP ( 'NONE', ( #9172, #9890, #4674, #1675 ) ) ;
#8506 = DIRECTION ( 'NONE',  ( 0.06374322529211676192, 0.000000000000000000, -0.9979663327133628803 ) ) ;
#8507 = ADVANCED_FACE ( 'NONE', ( #3868 ), #6596, .T. ) ;
#8508 = CARTESIAN_POINT ( 'NONE',  ( 13.81588052485900064, 17.10000000000000142, -16.99122564792600087 ) ) ;
#8509 = EDGE_CURVE ( 'NONE', #1773, #7976, #5826, .T. ) ;
#8510 = CARTESIAN_POINT ( 'NONE',  ( 3.900462857232000147, 0.5000000000000000000, -10.80000000000000071 ) ) ;
#8511 = VERTEX_POINT ( 'NONE', #3064 ) ;
#8512 = CARTESIAN_POINT ( 'NONE',  ( 3.750462857232000236, 4.000000000000000000, -14.75000000000000000 ) ) ;
#8513 = EDGE_CURVE ( 'NONE', #3443, #8503, #299, .T. ) ;
#8514 = EDGE_CURVE ( 'NONE', #9268, #1555, #8396, .T. ) ;
#8515 = DIRECTION ( 'NONE',  ( 0.000000000000000000, 0.000000000000000000, -1.000000000000000000 ) ) ;
#8516 = CARTESIAN_POINT ( 'NONE',  ( 14.79435771751310646, 3.642191202495121072, -9.936602444589308192 ) ) ;
#8517 = EDGE_LOOP ( 'NONE', ( #6136, #9787, #7559, #4645, #1756 ) ) ;
#8518 = ORIENTED_EDGE ( 'NONE', *, *, #243, .F. ) ;
#8519 = LINE ( 'NONE', #10435, #795 ) ;
#8520 = DIRECTION ( 'NONE',  ( 0.000000000000000000, 0.000000000000000000, -1.000000000000000000 ) ) ;
#8521 = DIRECTION ( 'NONE',  ( 0.000000000000000000, 0.000000000000000000, 1.000000000000000000 ) ) ;
#8522 = EDGE_CURVE ( 'NONE', #6193, #8032, #3184, .T. ) ;
#8523 = EDGE_CURVE ( 'NONE', #6164, #1588, #2092, .T. ) ;
#8524 = FACE_OUTER_BOUND ( 'NONE', #1343, .T. ) ;
#8525 = FACE_OUTER_BOUND ( 'NONE', #4624, .T. ) ;
#8526 = CARTESIAN_POINT ( 'NONE',  ( 3.665462857232000271, 14.44999999999999929, -9.799999999999998934 ) ) ;
#8527 = ORIENTED_EDGE ( 'NONE', *, *, #6522, .F. ) ;
#8528 = CARTESIAN_POINT ( 'NONE',  ( 15.33046285723199986, 4.000000000000000000, -10.80000000000000071 ) ) ;
#8529 = CARTESIAN_POINT ( 'NONE',  ( 13.81588052322736004, 17.30000000000000071, -17.11378834902880186 ) ) ;
#8530 = ORIENTED_EDGE ( 'NONE', *, *, #4991, .F. ) ;
#8531 = EDGE_CURVE ( 'NONE', #9113, #8433, #1272, .T. ) ;
#8532 = VERTEX_POINT ( 'NONE', #3962 ) ;
#8533 = CARTESIAN_POINT ( 'NONE',  ( 4.133127043912000254, 0.5000000000000000000, -9.343465628199998818 ) ) ;
#8534 = DIRECTION ( 'NONE',  ( -0.9874809300343373453, 0.000000000000000000, 0.1577384316472060233 ) ) ;
#8535 = DIRECTION ( 'NONE',  ( 1.000000000000000000, 0.000000000000000000, 0.000000000000000000 ) ) ;
#8536 = DIRECTION ( 'NONE',  ( 0.000000000000000000, 0.000000000000000000, -1.000000000000000000 ) ) ;
#8537 = CARTESIAN_POINT ( 'NONE',  ( 17.56298157342881083, 4.017495964180146650, -0.1415330940268019477 ) ) ;
#8538 = ORIENTED_EDGE ( 'NONE', *, *, #3333, .T. ) ;
#8539 = CARTESIAN_POINT ( 'NONE',  ( 17.38046285723200057, 0.5999999999999999778, -13.23000000000000043 ) ) ;
#8540 = DIRECTION ( 'NONE',  ( 0.000000000000000000, -1.000000000000000000, 0.000000000000000000 ) ) ;
#8541 = VERTEX_POINT ( 'NONE', #2268 ) ;
#8542 = DIRECTION ( 'NONE',  ( 0.7836289931016852117, 0.000000000000000000, -0.6212291052183880335 ) ) ;
#8543 = CARTESIAN_POINT ( 'NONE',  ( 12.56546285723199929, 4.000000000000000000, -16.97500000000000142 ) ) ;
#8544 = CARTESIAN_POINT ( 'NONE',  ( 6.665462857231999827, 0.5000000000000000000, -19.51500000000000057 ) ) ;
#8545 = DIRECTION ( 'NONE',  ( -1.000000000000000000, 0.000000000000000000, 0.000000000000000000 ) ) ;
#8546 = FACE_OUTER_BOUND ( 'NONE', #10891, .T. ) ;
#8547 = ORIENTED_EDGE ( 'NONE', *, *, #10231, .T. ) ;
#8548 = FACE_OUTER_BOUND ( 'NONE', #2578, .T. ) ;
#8549 = CARTESIAN_POINT ( 'NONE',  ( 11.29546285723199972, 0.5000000000000000000, -19.86500000000000199 ) ) ;
#8550 = EDGE_LOOP ( 'NONE', ( #8555, #8184, #8567, #2016 ) ) ;
#8551 = ORIENTED_EDGE ( 'NONE', *, *, #398, .T. ) ;
#8552 = ORIENTED_EDGE ( 'NONE', *, *, #6558, .T. ) ;
#8553 = ORIENTED_EDGE ( 'NONE', *, *, #4845, .T. ) ;
#8554 = FACE_OUTER_BOUND ( 'NONE', #9699, .T. ) ;
#8555 = ORIENTED_EDGE ( 'NONE', *, *, #321, .T. ) ;
#8556 = FACE_BOUND ( 'NONE', #11064, .T. ) ;
#8557 = EDGE_CURVE ( 'NONE', #8511, #8994, #8494, .T. ) ;
#8558 = CARTESIAN_POINT ( 'NONE',  ( 12.92883285258800008, 17.30000000000000071, -17.64999999999999858 ) ) ;
#8559 = ORIENTED_EDGE ( 'NONE', *, *, #6123, .F. ) ;
#8560 = CARTESIAN_POINT ( 'NONE',  ( 7.585462857231999756, 5.890000000000000568, -0.4500000000000000111 ) ) ;
#8561 = LINE ( 'NONE', #5035, #8447 ) ;
#8562 = EDGE_LOOP ( 'NONE', ( #173, #4092, #8312, #5359, #10188, #1402 ) ) ;
#8563 = ADVANCED_FACE ( 'NONE', ( #9261 ), #4847, .T. ) ;
#8564 = DIRECTION ( 'NONE',  ( 0.000000000000000000, 1.000000000000000000, 0.000000000000000000 ) ) ;
#8565 = EDGE_CURVE ( 'NONE', #2774, #9288, #10995, .T. ) ;
#8566 = EDGE_LOOP ( 'NONE', ( #10563, #4151, #8007, #2866 ) ) ;
#8567 = ORIENTED_EDGE ( 'NONE', *, *, #10273, .F. ) ;
#8568 = ADVANCED_FACE ( 'NONE', ( #5681 ), #10943, .T. ) ;
#8569 = DIRECTION ( 'NONE',  ( 5.582834530239000097E-14, -1.000000000000000000, 8.770125516593000486E-13 ) ) ;
#8570 = CARTESIAN_POINT ( 'NONE',  ( 3.003093700461999749, 4.750000000000000000, 0.000000000000000000 ) ) ;
#8571 = CARTESIAN_POINT ( 'NONE',  ( 13.37771886327982074, 17.10000000000000142, -17.62089132192839713 ) ) ;
#8572 = EDGE_CURVE ( 'NONE', #9827, #4877, #4909, .T. ) ;
#8573 = FACE_OUTER_BOUND ( 'NONE', #6573, .T. ) ;
#8574 = DIRECTION ( 'NONE',  ( 0.000000000000000000, 1.000000000000000000, 0.000000000000000000 ) ) ;
#8575 = VERTEX_POINT ( 'NONE', #11120 ) ;
#8576 = CARTESIAN_POINT ( 'NONE',  ( 12.92883285258800008, 17.10000000000000142, -17.64999999999999858 ) ) ;
#8577 = CARTESIAN_POINT ( 'NONE',  ( 6.265462857232000360, 7.450000000000000178, -0.2500000000000000000 ) ) ;
#8578 = ORIENTED_EDGE ( 'NONE', *, *, #7714, .T. ) ;
#8579 = EDGE_CURVE ( 'NONE', #5160, #2456, #3089, .T. ) ;
#8580 = EDGE_CURVE ( 'NONE', #638, #1143, #2022, .T. ) ;
#8581 = EDGE_CURVE ( 'NONE', #345, #3476, #6680, .T. ) ;
#8582 = ORIENTED_EDGE ( 'NONE', *, *, #10419, .T. ) ;
#8583 = CARTESIAN_POINT ( 'NONE',  ( 7.102942130646160201, 17.10000000000000142, -16.95927343396310150 ) ) ;
#8584 = AXIS2_PLACEMENT_3D ( 'NONE', #5358, #1664, #9760 ) ;
#8585 = DIRECTION ( 'NONE',  ( -1.000000000000000000, 0.000000000000000000, 0.000000000000000000 ) ) ;
#8586 = CARTESIAN_POINT ( 'NONE',  ( 4.450462857231999081, 4.000000000000000000, -4.750000000000000000 ) ) ;
#8587 = DIRECTION ( 'NONE',  ( 0.000000000000000000, 0.000000000000000000, 1.000000000000000000 ) ) ;
#8588 = ORIENTED_EDGE ( 'NONE', *, *, #3060, .T. ) ;
#8589 = CARTESIAN_POINT ( 'NONE',  ( 5.275462857231999259, 4.000000000000000000, -6.490000000000000213 ) ) ;
#8590 = PLANE ( 'NONE',  #9784 ) ;
#8591 = VECTOR ( 'NONE', #5184, 1000.000000000000000 ) ;
#8592 = ORIENTED_EDGE ( 'NONE', *, *, #1001, .T. ) ;
#8593 = CARTESIAN_POINT ( 'NONE',  ( 13.81588052485900064, 17.30000000000000071, -16.99122564792600087 ) ) ;
#8594 = DIRECTION ( 'NONE',  ( 0.7077664394355829280, 0.000000000000000000, 0.7064465069689829235 ) ) ;
#8595 = VECTOR ( 'NONE', #1270, 1000.000000000000000 ) ;
#8596 = PLANE ( 'NONE',  #5390 ) ;
#8597 = CARTESIAN_POINT ( 'NONE',  ( 5.775462857232000147, 0.000000000000000000, -6.490000000000000213 ) ) ;
#8598 = VECTOR ( 'NONE', #9509, 1000.000000000000000 ) ;
#8599 = VECTOR ( 'NONE', #1803, 1000.000000000000000 ) ;
#8600 = CARTESIAN_POINT ( 'NONE',  ( 15.99546285723199901, 4.000000000000000000, -6.989999999999999325 ) ) ;
#8601 = ORIENTED_EDGE ( 'NONE', *, *, #5218, .T. ) ;
#8602 = DIRECTION ( 'NONE',  ( 0.000000000000000000, 0.000000000000000000, -1.000000000000000000 ) ) ;
#8603 = DIRECTION ( 'NONE',  ( 0.9979663327133607709, 0.000000000000000000, -0.06374322529215128985 ) ) ;
#8604 = ORIENTED_EDGE ( 'NONE', *, *, #2049, .T. ) ;
#8605 = AXIS2_PLACEMENT_3D ( 'NONE', #11553, #3519, #2660 ) ;
#8606 = ORIENTED_EDGE ( 'NONE', *, *, #5154, .F. ) ;
#8607 = ORIENTED_EDGE ( 'NONE', *, *, #11232, .T. ) ;
#8608 = VECTOR ( 'NONE', #689, 1000.000000000000000 ) ;
#8609 = ORIENTED_EDGE ( 'NONE', *, *, #10135, .F. ) ;
#8610 = AXIS2_PLACEMENT_3D ( 'NONE', #1987, #10834, #6399 ) ;
#8611 = CARTESIAN_POINT ( 'NONE',  ( 3.003093700461999749, 4.750000000000000000, 27.70149999999999935 ) ) ;
#8612 = ORIENTED_EDGE ( 'NONE', *, *, #766, .T. ) ;
#8613 = CARTESIAN_POINT ( 'NONE',  ( 8.519641148791000873, 17.10000000000000142, -15.45000000000000107 ) ) ;
#8614 = FACE_OUTER_BOUND ( 'NONE', #2327, .T. ) ;
#8615 = CARTESIAN_POINT ( 'NONE',  ( 14.16671680186699867, 17.10000000000000142, -15.45000000000000107 ) ) ;
#8616 = CIRCLE ( 'NONE', #10483, 0.1499999999999999667 ) ;
#8617 = ORIENTED_EDGE ( 'NONE', *, *, #9282, .T. ) ;
#8618 = CARTESIAN_POINT ( 'NONE',  ( 5.395462857232000253, 0.5000000000000000000, -17.32499999999999929 ) ) ;
#8619 = VECTOR ( 'NONE', #6435, 1000.000000000000000 ) ;
#8620 = CIRCLE ( 'NONE', #3537, 1.574999999999999289 ) ;
#8621 = DIRECTION ( 'NONE',  ( 0.000000000000000000, -1.000000000000000000, 0.000000000000000000 ) ) ;
#8622 = VERTEX_POINT ( 'NONE', #11056 ) ;
#8623 = CARTESIAN_POINT ( 'NONE',  ( 17.35046285723199944, 17.06999999999999673, -21.01999999999999957 ) ) ;
#8624 = VERTEX_POINT ( 'NONE', #9428 ) ;
#8625 = VECTOR ( 'NONE', #6239, 1000.000000000000000 ) ;
#8626 = EDGE_LOOP ( 'NONE', ( #5255, #1260, #3382, #6315 ) ) ;
#8627 = VECTOR ( 'NONE', #3633, 1000.000000000000000 ) ;
#8628 = LINE ( 'NONE', #1530, #236 ) ;
#8629 = CARTESIAN_POINT ( 'NONE',  ( 14.28546285723199993, 4.000000000000000000, -19.86500000000000199 ) ) ;
#8630 = EDGE_CURVE ( 'NONE', #10393, #4259, #4025, .T. ) ;
#8631 = CARTESIAN_POINT ( 'NONE',  ( 11.64546285723199937, 5.890000000000000568, 0.000000000000000000 ) ) ;
#8632 = EDGE_CURVE ( 'NONE', #1632, #4809, #3142, .T. ) ;
#8633 = CARTESIAN_POINT ( 'NONE',  ( 15.22228777783595177, 17.30000000000000071, -17.65000000123695045 ) ) ;
#8634 = PLANE ( 'NONE',  #8635 ) ;
#8635 = AXIS2_PLACEMENT_3D ( 'NONE', #5999, #7866, #1595 ) ;
#8636 = CYLINDRICAL_SURFACE ( 'NONE', #1357, 0.09999999999999939493 ) ;
#8637 = CARTESIAN_POINT ( 'NONE',  ( 3.465462857232000093, 14.55000000000000071, -0.2500000000000000000 ) ) ;
#8638 = ORIENTED_EDGE ( 'NONE', *, *, #6341, .F. ) ;
#8639 = EDGE_LOOP ( 'NONE', ( #10365, #6095, #2144, #7688 ) ) ;
#8640 = CARTESIAN_POINT ( 'NONE',  ( 5.440503441113000882, 3.600000000000000089, -12.34004058388099878 ) ) ;
#8641 = AXIS2_PLACEMENT_3D ( 'NONE', #11584, #11412, #2517 ) ;
#8642 = AXIS2_PLACEMENT_3D ( 'NONE', #1021, #2713, #5405 ) ;
#8643 = EDGE_CURVE ( 'NONE', #6758, #2074, #10313, .T. ) ;
#8644 = DIRECTION ( 'NONE',  ( 0.000000000000000000, 0.000000000000000000, 1.000000000000000000 ) ) ;
#8645 = ADVANCED_FACE ( 'NONE', ( #1162 ), #3031, .T. ) ;
#8646 = CARTESIAN_POINT ( 'NONE',  ( 13.21388698148484053, 17.10000000000000142, -17.26533647050235132 ) ) ;
#8647 = LINE ( 'NONE', #8876, #11210 ) ;
#8648 = CARTESIAN_POINT ( 'NONE',  ( 15.99546285723199901, 4.000000000000000000, -6.490000000000000213 ) ) ;
#8649 = ORIENTED_EDGE ( 'NONE', *, *, #7799, .T. ) ;
#8650 = CARTESIAN_POINT ( 'NONE',  ( 1.470133353637002482, 0.5132749211100002817, -13.99001639323299528 ) ) ;
#8651 = ADVANCED_FACE ( 'NONE', ( #276 ), #3842, .T. ) ;
#8652 = EDGE_CURVE ( 'NONE', #6196, #1788, #5734, .T. ) ;
#8653 = FACE_OUTER_BOUND ( 'NONE', #10517, .T. ) ;
#8654 = AXIS2_PLACEMENT_3D ( 'NONE', #2187, #191, #9173 ) ;
#8655 = ORIENTED_EDGE ( 'NONE', *, *, #9943, .F. ) ;
#8656 = AXIS2_PLACEMENT_3D ( 'NONE', #9295, #3073, #5949 ) ;
#8657 = CARTESIAN_POINT ( 'NONE',  ( 1.506102724332999854, 4.298754385416000190, -13.83003640012299762 ) ) ;
#8658 = VECTOR ( 'NONE', #10561, 1000.000000000000000 ) ;
#8659 = LINE ( 'NONE', #5908, #6154 ) ;
#8660 = VECTOR ( 'NONE', #1740, 1000.000000000000000 ) ;
#8661 = LINE ( 'NONE', #7775, #1286 ) ;
#8662 = PLANE ( 'NONE',  #582 ) ;
#8663 = DIRECTION ( 'NONE',  ( 1.000000000000000000, 0.000000000000000000, 0.000000000000000000 ) ) ;
#8664 = ORIENTED_EDGE ( 'NONE', *, *, #5991, .F. ) ;
#8665 = VECTOR ( 'NONE', #10564, 1000.000000000000000 ) ;
#8666 = CARTESIAN_POINT ( 'NONE',  ( 15.56546285723199929, 14.44999999999999929, -0.4500000000000000111 ) ) ;
#8667 = ADVANCED_FACE ( 'NONE', ( #7776 ), #6083, .T. ) ;
#8668 = ADVANCED_FACE ( 'NONE', ( #506 ), #8662, .T. ) ;
#8669 = CARTESIAN_POINT ( 'NONE',  ( 5.356997229032999464, 0.5000000000000000000, -10.56733581331999972 ) ) ;
#8670 = AXIS2_PLACEMENT_3D ( 'NONE', #1536, #5115, #6059 ) ;
#8671 = ORIENTED_EDGE ( 'NONE', *, *, #7867, .F. ) ;
#8672 = VERTEX_POINT ( 'NONE', #5185 ) ;
#8673 = VERTEX_POINT ( 'NONE', #7826 ) ;
#8674 = EDGE_LOOP ( 'NONE', ( #5885, #11382, #2994, #7065 ) ) ;
#8675 = DIRECTION ( 'NONE',  ( -0.000000000000000000, 1.000000000000000000, 0.000000000000000000 ) ) ;
#8676 = ORIENTED_EDGE ( 'NONE', *, *, #10789, .T. ) ;
#8677 = DIRECTION ( 'NONE',  ( -1.000000000000000000, 0.000000000000000000, 0.000000000000000000 ) ) ;
#8678 = VECTOR ( 'NONE', #7025, 1000.000000000000000 ) ;
#8679 = DIRECTION ( 'NONE',  ( 5.557458632171000229E-14, -1.000000000000000000, -8.759975889613999651E-13 ) ) ;
#8680 = AXIS2_PLACEMENT_3D ( 'NONE', #6031, #4253, #7019 ) ;
#8681 = AXIS2_PLACEMENT_3D ( 'NONE', #3297, #8881, #4189 ) ;
#8682 = CARTESIAN_POINT ( 'NONE',  ( 1.506102724332999854, 0.8188325851100083375, -13.74615604782901457 ) ) ;
#8683 = EDGE_LOOP ( 'NONE', ( #2719, #4618, #4924, #8894 ) ) ;
#8684 = CARTESIAN_POINT ( 'NONE',  ( 6.665462857231999827, 0.5000000000000000000, -19.86500000000000199 ) ) ;
#8685 = VERTEX_POINT ( 'NONE', #10407 ) ;
#8686 = PLANE ( 'NONE',  #6976 ) ;
#8687 = ORIENTED_EDGE ( 'NONE', *, *, #5283, .T. ) ;
#8688 = CARTESIAN_POINT ( 'NONE',  ( 14.16671680186699867, 17.10000000000000142, -17.64999999999999858 ) ) ;
#8689 = DIRECTION ( 'NONE',  ( -0.000000000000000000, 0.7071067811865475727, 0.7071067811865475727 ) ) ;
#8690 = B_SPLINE_SURFACE_WITH_KNOTS ( 'NONE', 3, 1, ( 
 ( #9568, #5047 ),
 ( #9629, #3169 ),
 ( #3330, #11144 ),
 ( #5825, #4945 ) ),
 .UNSPECIFIED., .F., .F., .F.,
 ( 4, 4 ),
 ( 2, 2 ),
 ( 0.05259667400646680230, 0.8888786584812029545 ),
 ( 0.000000000000000000, 1.000000000000000000 ),
 .UNSPECIFIED. ) ;
#8691 = CARTESIAN_POINT ( 'NONE',  ( 3.750462857232000236, 3.700000000000000178, -4.750000000000000000 ) ) ;
#8692 = ORIENTED_EDGE ( 'NONE', *, *, #5062, .T. ) ;
#8693 = CARTESIAN_POINT ( 'NONE',  ( 12.76546285723199858, 7.649999999999999467, 0.000000000000000000 ) ) ;
#8694 = PLANE ( 'NONE',  #11098 ) ;
#8695 = CARTESIAN_POINT ( 'NONE',  ( 7.385462857231999578, 4.549999999999999822, 0.000000000000000000 ) ) ;
#8696 = FACE_OUTER_BOUND ( 'NONE', #9659, .T. ) ;
#8697 = CARTESIAN_POINT ( 'NONE',  ( 3.652024827387999828, 4.000000000000000000, -9.244717535199999503 ) ) ;
#8698 = VERTEX_POINT ( 'NONE', #10358 ) ;
#8699 = ORIENTED_EDGE ( 'NONE', *, *, #842, .F. ) ;
#8700 = DIRECTION ( 'NONE',  ( 0.7071067811865475727, -0.7071067811865475727, 0.000000000000000000 ) ) ;
#8701 = DIRECTION ( 'NONE',  ( 0.000000000000000000, -1.000000000000000000, 0.000000000000000000 ) ) ;
#8702 = FACE_OUTER_BOUND ( 'NONE', #10252, .T. ) ;
#8703 = DIRECTION ( 'NONE',  ( 0.000000000000000000, 0.000000000000000000, -1.000000000000000000 ) ) ;
#8704 = PLANE ( 'NONE',  #8991 ) ;
#8705 = ORIENTED_EDGE ( 'NONE', *, *, #8346, .F. ) ;
#8706 = DIRECTION ( 'NONE',  ( 0.000000000000000000, 1.000000000000000000, 0.000000000000000000 ) ) ;
#8707 = CARTESIAN_POINT ( 'NONE',  ( 3.665462857232000271, 7.649999999999999467, -0.4500000000000000111 ) ) ;
#8708 = ORIENTED_EDGE ( 'NONE', *, *, #4119, .T. ) ;
#8709 = EDGE_CURVE ( 'NONE', #9332, #6100, #3254, .T. ) ;
#8710 = EDGE_CURVE ( 'NONE', #11322, #9097, #4076, .T. ) ;
#8711 = CARTESIAN_POINT ( 'NONE',  ( 1.470133353637002482, 4.334926826456001692, -14.13559406405398988 ) ) ;
#8712 = FACE_OUTER_BOUND ( 'NONE', #11128, .T. ) ;
#8713 = EDGE_CURVE ( 'NONE', #9540, #5683, #9651, .T. ) ;
#8714 = LINE ( 'NONE', #726, #1650 ) ;
#8715 = DIRECTION ( 'NONE',  ( 0.000000000000000000, 0.000000000000000000, 1.000000000000000000 ) ) ;
#8716 = CARTESIAN_POINT ( 'NONE',  ( 15.76546285723199858, 7.315000000000000391, 0.000000000000000000 ) ) ;
#8717 = ORIENTED_EDGE ( 'NONE', *, *, #10491, .T. ) ;
#8719 = EDGE_CURVE ( 'NONE', #9764, #1544, #2260, .T. ) ;
#8718 = FILL_AREA_STYLE ('',( #8831 ) ) ;
#8720 = EDGE_CURVE ( 'NONE', #1933, #2428, #9696, .T. ) ;
#8721 = ORIENTED_EDGE ( 'NONE', *, *, #830, .T. ) ;
#8722 = ORIENTED_EDGE ( 'NONE', *, *, #341, .F. ) ;
#8723 = ORIENTED_EDGE ( 'NONE', *, *, #9445, .T. ) ;
#8724 = EDGE_LOOP ( 'NONE', ( #10212, #7833, #5021, #10821, #6873 ) ) ;
#8725 = B_SPLINE_CURVE_WITH_KNOTS ( 'NONE', 3,
 ( #1373, #10329, #4948, #10502 ),
 .UNSPECIFIED., .F., .F.,
 ( 4, 4 ),
 ( 0.000000000000000000, 1.000000000000000000 ),
 .UNSPECIFIED. ) ;
#8726 = DIRECTION ( 'NONE',  ( 0.000000000000000000, 1.000000000000000000, 0.000000000000000000 ) ) ;
#8727 = ORIENTED_EDGE ( 'NONE', *, *, #4568, .T. ) ;
#8728 = EDGE_CURVE ( 'NONE', #8672, #1268, #9197, .T. ) ;
#8729 = EDGE_CURVE ( 'NONE', #8255, #3209, #3362, .T. ) ;
#8730 = EDGE_CURVE ( 'NONE', #8902, #6953, #6896, .T. ) ;
#8731 = CYLINDRICAL_SURFACE ( 'NONE', #3991, 0.1500000000000008271 ) ;
#8732 = DIRECTION ( 'NONE',  ( 0.000000000000000000, 0.000000000000000000, 1.000000000000000000 ) ) ;
#8733 = VERTEX_POINT ( 'NONE', #567 ) ;
#8734 = CARTESIAN_POINT ( 'NONE',  ( 12.76546285723199858, 5.890000000000000568, -0.4500000000000000111 ) ) ;
#8735 = ORIENTED_EDGE ( 'NONE', *, *, #176, .F. ) ;
#8736 = CARTESIAN_POINT ( 'NONE',  ( 9.435797106966900216, 17.30000000000000071, -17.64999999999999858 ) ) ;
#8737 = ORIENTED_EDGE ( 'NONE', *, *, #121, .F. ) ;
#8738 = CARTESIAN_POINT ( 'NONE',  ( 7.870059025035000211, 17.30000000000000071, -15.45000000000000107 ) ) ;
#8739 = DIRECTION ( 'NONE',  ( 0.000000000000000000, 0.000000000000000000, -1.000000000000000000 ) ) ;
#8740 = CARTESIAN_POINT ( 'NONE',  ( 3.667798670551999596, 39.85228000000000037, -12.25653437180100092 ) ) ;
#8741 = VERTEX_POINT ( 'NONE', #2375 ) ;
#8742 = CARTESIAN_POINT ( 'NONE',  ( 13.93546285723200029, 0.000000000000000000, -19.86500000000000199 ) ) ;
#8743 = CARTESIAN_POINT ( 'NONE',  ( 15.22228777783595177, 17.10000000000000142, -17.65000000123695045 ) ) ;
#8744 = DIRECTION ( 'NONE',  ( 0.000000000000000000, 0.000000000000000000, 1.000000000000000000 ) ) ;
#8745 = FACE_OUTER_BOUND ( 'NONE', #9029, .T. ) ;
#8746 = APPLICATION_CONTEXT ( 'automotive_design' ) ;
#8747 = CARTESIAN_POINT ( 'NONE',  ( 13.83546285723200064, 0.5000000000000000000, -19.51500000000000057 ) ) ;
#8748 = ORIENTED_EDGE ( 'NONE', *, *, #4397, .F. ) ;
#8749 = ORIENTED_EDGE ( 'NONE', *, *, #6356, .T. ) ;
#8750 = CARTESIAN_POINT ( 'NONE',  ( 6.215462857231999649, 4.000000000000000000, -19.51500000000000057 ) ) ;
#8751 = CARTESIAN_POINT ( 'NONE',  ( 1.500462857232000013, 10.65000000000000036, -21.25000000000000000 ) ) ;
#8752 = CARTESIAN_POINT ( 'NONE',  ( 12.95641006205999979, 17.10000000000000142, -17.29456826448399909 ) ) ;
#8753 = CARTESIAN_POINT ( 'NONE',  ( 17.38046285723200057, 4.000000000000000000, -13.08000000000000007 ) ) ;
#8754 = CARTESIAN_POINT ( 'NONE',  ( 17.38446219496420042, 4.196000662267805659, 1.152905955984443685E-17 ) ) ;
#8755 = VERTEX_POINT ( 'NONE', #5910 ) ;
#8756 = CARTESIAN_POINT ( 'NONE',  ( 2.360422273350999856, 4.000000000000000000, -9.259959416120000952 ) ) ;
#8757 = CARTESIAN_POINT ( 'NONE',  ( 13.83546285723200064, 4.000000000000000000, -19.51500000000000057 ) ) ;
#8758 = VERTEX_POINT ( 'NONE', #10465 ) ;
#8759 = CIRCLE ( 'NONE', #9330, 1.574999999999999289 ) ;
#8760 = CARTESIAN_POINT ( 'NONE',  ( 13.87392848543099966, 0.4000000000000000222, -10.56733581331999972 ) ) ;
#8761 = LINE ( 'NONE', #3300, #3703 ) ;
#8762 = CARTESIAN_POINT ( 'NONE',  ( 3.665462857232000271, 14.75000000000000000, -0.2500000000000000000 ) ) ;
#8763 = CARTESIAN_POINT ( 'NONE',  ( 15.56312704391199908, 0.5000000000000000000, -9.343465628199998818 ) ) ;
#8764 = CARTESIAN_POINT ( 'NONE',  ( 13.62744035248599950, 17.10000000000000142, -16.48871840685599821 ) ) ;
#8765 = VERTEX_POINT ( 'NONE', #5961 ) ;
#8766 = EDGE_CURVE ( 'NONE', #8888, #8288, #1445, .T. ) ;
#8767 = AXIS2_PLACEMENT_3D ( 'NONE', #9478, #327, #7549 ) ;
#8768 = ADVANCED_FACE ( 'NONE', ( #9603 ), #2439, .T. ) ;
#8769 = LINE ( 'NONE', #7951, #1563 ) ;
#8770 = ORIENTED_EDGE ( 'NONE', *, *, #11356, .T. ) ;
#8771 = EDGE_CURVE ( 'NONE', #9902, #1933, #5138, .T. ) ;
#8772 = ORIENTED_EDGE ( 'NONE', *, *, #4636, .T. ) ;
#8773 = ORIENTED_EDGE ( 'NONE', *, *, #9806, .T. ) ;
#8774 = B_SPLINE_SURFACE_WITH_KNOTS ( 'NONE', 3, 1, ( 
 ( #9236, #11099 ),
 ( #6659, #10215 ),
 ( #4005, #10267 ),
 ( #6110, #7974 ) ),
 .UNSPECIFIED., .F., .F., .F.,
 ( 4, 4 ),
 ( 2, 2 ),
 ( 0.03716174998529404860, 0.9680020218622169548 ),
 ( 0.000000000000000000, 1.000000000000000000 ),
 .UNSPECIFIED. ) ;
#8775 = ORIENTED_EDGE ( 'NONE', *, *, #8266, .T. ) ;
#8776 = VECTOR ( 'NONE', #10882, 1000.000000000000000 ) ;
#8777 = CARTESIAN_POINT ( 'NONE',  ( 3.750462857232000236, 4.000000000000000000, -4.750000000000000000 ) ) ;
#8778 = VECTOR ( 'NONE', #1179, 1000.000000000000227 ) ;
#8779 = CARTESIAN_POINT ( 'NONE',  ( 14.93579763148800055, 17.30000000000000071, -16.65417823791499785 ) ) ;
#8780 = CARTESIAN_POINT ( 'NONE',  ( 6.215462857231999649, 0.5000000000000000000, -19.51500000000000057 ) ) ;
#8781 = ORIENTED_EDGE ( 'NONE', *, *, #7919, .F. ) ;
#8782 = CIRCLE ( 'NONE', #5042, 0.1000000000000002692 ) ;
#8783 = CARTESIAN_POINT ( 'NONE',  ( 16.88574532203599787, 4.000000000000000000, -10.55156197015999986 ) ) ;
#8784 = VERTEX_POINT ( 'NONE', #6958 ) ;
#8785 = AXIS2_PLACEMENT_3D ( 'NONE', #9952, #7427, #9262 ) ;
#8786 = VECTOR ( 'NONE', #9460, 1000.000000000000000 ) ;
#8787 = EDGE_CURVE ( 'NONE', #694, #10243, #10531, .T. ) ;
#8788 = EDGE_CURVE ( 'NONE', #11344, #3431, #8012, .T. ) ;
#8789 = LINE ( 'NONE', #11359, #976 ) ;
#8790 = EDGE_LOOP ( 'NONE', ( #7828, #6332, #9156, #2182 ) ) ;
#8791 = CARTESIAN_POINT ( 'NONE',  ( 15.76546285723199858, 9.679999999999999716, 0.000000000000000000 ) ) ;
#8792 = VECTOR ( 'NONE', #1015, 1000.000000000000000 ) ;
#8793 = DIRECTION ( 'NONE',  ( 1.000000000000000000, 0.000000000000000000, 0.000000000000000000 ) ) ;
#8794 = VECTOR ( 'NONE', #4371, 1000.000000000000000 ) ;
#8795 = AXIS2_PLACEMENT_3D ( 'NONE', #5033, #7680, #3273 ) ;
#8796 = PLANE ( 'NONE',  #7849 ) ;
#8797 = ORIENTED_EDGE ( 'NONE', *, *, #8729, .F. ) ;
#8798 = DIRECTION ( 'NONE',  ( 0.9979663327133607709, 0.000000000000000000, -0.06374322529215128985 ) ) ;
#8799 = CARTESIAN_POINT ( 'NONE',  ( 8.519641148791000873, 17.10000000000000142, -17.64999999999999858 ) ) ;
#8800 = CARTESIAN_POINT ( 'NONE',  ( 14.28546285723199993, 4.000000000000000000, -19.86500000000000199 ) ) ;
#8801 = CARTESIAN_POINT ( 'NONE',  ( 8.519641148791000873, 17.30000000000000071, -17.64999999999999858 ) ) ;
#8802 = ADVANCED_FACE ( 'NONE', ( #6128 ), #4966, .F. ) ;
#8803 = EDGE_CURVE ( 'NONE', #1855, #1283, #5246, .T. ) ;
#8804 = DIRECTION ( 'NONE',  ( 1.000000000000000000, 0.000000000000000000, 0.000000000000000000 ) ) ;
#8805 = VECTOR ( 'NONE', #1490, 1000.000000000000000 ) ;
#8806 = VECTOR ( 'NONE', #182, 1000.000000000000000 ) ;
#8807 = VERTEX_POINT ( 'NONE', #1781 ) ;
#8808 = B_SPLINE_CURVE_WITH_KNOTS ( 'NONE', 3,
 ( #5907, #2434, #4134, #8593 ),
 .UNSPECIFIED., .F., .F.,
 ( 4, 4 ),
 ( 0.000000000000000000, 1.000000000000000000 ),
 .UNSPECIFIED. ) ;
#8809 = DIRECTION ( 'NONE',  ( -1.000000000000000000, 0.000000000000000000, 0.000000000000000000 ) ) ;
#8810 = CARTESIAN_POINT ( 'NONE',  ( 4.015462861701999842, 17.30000000000000071, -15.45000000000000107 ) ) ;
#8811 = AXIS2_PLACEMENT_3D ( 'NONE', #3199, #5014, #6797 ) ;
#8812 = VECTOR ( 'NONE', #292, 1000.000000000000000 ) ;
#8813 = CARTESIAN_POINT ( 'NONE',  ( 12.13370798800900019, 17.30000000000000071, -17.64999999999999858 ) ) ;
#8814 = CARTESIAN_POINT ( 'NONE',  ( 2.443928485430999942, 0.5000000000000000000, -10.56733581331999972 ) ) ;
#8815 = DIRECTION ( 'NONE',  ( -1.000000000000000000, 0.000000000000000000, 0.000000000000000000 ) ) ;
#8816 = VERTEX_POINT ( 'NONE', #6431 ) ;
#8817 = CARTESIAN_POINT ( 'NONE',  ( 13.18468258315602171, 17.10000000000000142, -16.65417823722314949 ) ) ;
#8818 = LINE ( 'NONE', #11450, #1736 ) ;
#8819 = VERTEX_POINT ( 'NONE', #135 ) ;
#8820 = VECTOR ( 'NONE', #11000, 1000.000000000000000 ) ;
#8821 = VECTOR ( 'NONE', #8420, 1000.000000000000000 ) ;
#8822 = CARTESIAN_POINT ( 'NONE',  ( 7.585462857231999756, 0.000000000000000000, -16.97500000000000142 ) ) ;
#8823 = DIRECTION ( 'NONE',  ( 1.000000000000000000, 0.000000000000000000, 0.000000000000000000 ) ) ;
#8824 = DIRECTION ( 'NONE',  ( 0.9979663327133574402, 0.000000000000000000, -0.06374322529220204092 ) ) ;
#8825 = DIRECTION ( 'NONE',  ( 0.000000000000000000, -1.000000000000000000, 0.000000000000000000 ) ) ;
#8826 = CARTESIAN_POINT ( 'NONE',  ( 9.435797106966900216, 17.30000000000000071, -16.57910867929499688 ) ) ;
#8827 = DIRECTION ( 'NONE',  ( 0.000000000000000000, 0.000000000000000000, 1.000000000000000000 ) ) ;
#8828 = ORIENTED_EDGE ( 'NONE', *, *, #4936, .F. ) ;
#8829 = VECTOR ( 'NONE', #10040, 1000.000000000000000 ) ;
#8830 = SPHERICAL_SURFACE ( 'NONE', #10722, 0.2300000000000000100 ) ;
#8831 = FILL_AREA_STYLE_COLOUR ( '', #11436 ) ;
#8832 = ORIENTED_EDGE ( 'NONE', *, *, #1674, .F. ) ;
#8833 = AXIS2_PLACEMENT_3D ( 'NONE', #4216, #9714, #5096 ) ;
#8834 = ORIENTED_EDGE ( 'NONE', *, *, #753, .F. ) ;
#8835 = ORIENTED_EDGE ( 'NONE', *, *, #8854, .F. ) ;
#8836 = VECTOR ( 'NONE', #9964, 1000.000000000000000 ) ;
#8837 = ORIENTED_EDGE ( 'NONE', *, *, #11485, .F. ) ;
#8838 = AXIS2_PLACEMENT_3D ( 'NONE', #9455, #3863, #1417 ) ;
#8839 = DIRECTION ( 'NONE',  ( 0.000000000000000000, -1.000000000000000000, 0.000000000000000000 ) ) ;
#8840 = CARTESIAN_POINT ( 'NONE',  ( 17.58046285723199986, 0.5000000000000000000, -13.84113101269399948 ) ) ;
#8841 = AXIS2_PLACEMENT_3D ( 'NONE', #7290, #10222, #371 ) ;
#8842 = LINE ( 'NONE', #808, #553 ) ;
#8843 = B_SPLINE_CURVE_WITH_KNOTS ( 'NONE', 3,
 ( #9426, #504, #1391, #11054 ),
 .UNSPECIFIED., .F., .F.,
 ( 4, 4 ),
 ( 0.000000000000000000, 1.000000000000000000 ),
 .UNSPECIFIED. ) ;
#8844 = EDGE_LOOP ( 'NONE', ( #3734, #8403, #5151, #9141 ) ) ;
#8845 = CIRCLE ( 'NONE', #6232, 0.09999999999999956146 ) ;
#8846 = VECTOR ( 'NONE', #3460, 1000.000000000000000 ) ;
#8847 = CARTESIAN_POINT ( 'NONE',  ( 15.53482245328879863, 17.10000000000000142, -16.36309189035049982 ) ) ;
#8848 = B_SPLINE_CURVE_WITH_KNOTS ( 'NONE', 3,
 ( #2553, #6032, #8946, #7895 ),
 .UNSPECIFIED., .F., .F.,
 ( 4, 4 ),
 ( 0.000000000000000000, 1.000000000000000000 ),
 .UNSPECIFIED. ) ;
#8849 = ORIENTED_EDGE ( 'NONE', *, *, #10141, .T. ) ;
#8850 = EDGE_CURVE ( 'NONE', #4379, #2726, #83, .T. ) ;
#8851 = CARTESIAN_POINT ( 'NONE',  ( 9.615462857231998228, 10.65000000000000036, 0.000000000000000000 ) ) ;
#8852 = VERTEX_POINT ( 'NONE', #2773 ) ;
#8853 = AXIS2_PLACEMENT_3D ( 'NONE', #2125, #7516, #4633 ) ;
#8854 = EDGE_CURVE ( 'NONE', #8354, #5801, #11507, .T. ) ;
#8855 = CIRCLE ( 'NONE', #10536, 0.1999999999999996503 ) ;
#8856 = CARTESIAN_POINT ( 'NONE',  ( 10.99081109736899897, 17.30000000000000071, -16.37841224074399804 ) ) ;
#8857 = EDGE_CURVE ( 'NONE', #3590, #6636, #5483, .T. ) ;
#8858 = VECTOR ( 'NONE', #8108, 1000.000000000000000 ) ;
#8859 = DIRECTION ( 'NONE',  ( 0.9979663327133606598, 0.000000000000000000, -0.06374322529215076250 ) ) ;
#8860 = EDGE_CURVE ( 'NONE', #446, #6134, #4448, .T. ) ;
#8861 = EDGE_CURVE ( 'NONE', #6121, #2915, #2718, .T. ) ;
#8862 = LINE ( 'NONE', #10556, #7273 ) ;
#8863 = VERTEX_POINT ( 'NONE', #7234 ) ;
#8864 = CARTESIAN_POINT ( 'NONE',  ( 5.275462857231999259, 4.000000000000000000, -6.490000000000000213 ) ) ;
#8865 = DIRECTION ( 'NONE',  ( -0.000000000000000000, 0.9832820049844628318, 0.1820892601822929890 ) ) ;
#8866 = CARTESIAN_POINT ( 'NONE',  ( 7.010588299974999771, 17.10000000000000142, -17.22869080305100198 ) ) ;
#8867 = LINE ( 'NONE', #11533, #8658 ) ;
#8868 = EDGE_CURVE ( 'NONE', #9837, #8032, #1026, .T. ) ;
#8869 = DIRECTION ( 'NONE',  ( 0.000000000000000000, 0.000000000000000000, -1.000000000000000000 ) ) ;
#8870 = ORIENTED_EDGE ( 'NONE', *, *, #4938, .T. ) ;
#8871 = CARTESIAN_POINT ( 'NONE',  ( 12.61170228694399853, 17.30000000000000071, -17.29456826448399909 ) ) ;
#8872 = EDGE_CURVE ( 'NONE', #993, #9201, #10449, .T. ) ;
#8873 = EDGE_CURVE ( 'NONE', #1229, #5240, #7947, .T. ) ;
#8874 = PLANE ( 'NONE',  #4104 ) ;
#8875 = FACE_OUTER_BOUND ( 'NONE', #8202, .T. ) ;
#8876 = CARTESIAN_POINT ( 'NONE',  ( 14.16671680186699867, 17.30000000000000071, -15.45000000000000107 ) ) ;
#8877 = LINE ( 'NONE', #2823, #1685 ) ;
#8878 = VERTEX_POINT ( 'NONE', #7294 ) ;
#8879 = DIRECTION ( 'NONE',  ( 1.000000000000000000, 0.000000000000000000, 0.000000000000000000 ) ) ;
#8880 = ADVANCED_FACE ( 'NONE', ( #7059 ), #3523, .F. ) ;
#8881 = DIRECTION ( 'NONE',  ( 0.000000000000000000, -1.000000000000000000, 0.000000000000000000 ) ) ;
#8882 = ORIENTED_EDGE ( 'NONE', *, *, #5940, .T. ) ;
#8883 = CARTESIAN_POINT ( 'NONE',  ( 9.615462857231998228, 17.10000000000000142, -21.25000000000000000 ) ) ;
#8884 = CARTESIAN_POINT ( 'NONE',  ( 1.880462857232000129, 17.06999999999999673, -0.2300000000000000100 ) ) ;
#8885 = LINE ( 'NONE', #6248, #5990 ) ;
#8886 = LINE ( 'NONE', #7058, #11386 ) ;
#8887 = CARTESIAN_POINT ( 'NONE',  ( 5.440503441113000882, 0.4000000000000000222, -12.34004058388099878 ) ) ;
#8888 = VERTEX_POINT ( 'NONE', #6366 ) ;
#8889 = DIRECTION ( 'NONE',  ( 0.000000000000000000, 1.000000000000000000, 0.000000000000000000 ) ) ;
#8890 = PLANE ( 'NONE',  #5815 ) ;
#8891 = VERTEX_POINT ( 'NONE', #9935 ) ;
#8892 = DIRECTION ( 'NONE',  ( -0.7397541567183051336, 0.000000000000000000, 0.6728772455790055229 ) ) ;
#8893 = ORIENTED_EDGE ( 'NONE', *, *, #8311, .F. ) ;
#8894 = ORIENTED_EDGE ( 'NONE', *, *, #6291, .F. ) ;
#8895 = ORIENTED_EDGE ( 'NONE', *, *, #10567, .F. ) ;
#8896 = ORIENTED_EDGE ( 'NONE', *, *, #10858, .T. ) ;
#8897 = DIRECTION ( 'NONE',  ( 0.000000000000000000, -1.000000000000000000, 0.000000000000000000 ) ) ;
#8898 = LINE ( 'NONE', #8176, #8776 ) ;
#8899 = CARTESIAN_POINT ( 'NONE',  ( 9.435797106966900216, 17.30000000000000071, -15.45000000000000107 ) ) ;
#8900 = B_SPLINE_CURVE_WITH_KNOTS ( 'NONE', 3,
 ( #10754, #2081, #3831, #5417 ),
 .UNSPECIFIED., .F., .F.,
 ( 4, 4 ),
 ( 0.000000000000000000, 1.000000000000000000 ),
 .UNSPECIFIED. ) ;
#8901 = LINE ( 'NONE', #9834, #921 ) ;
#8902 = VERTEX_POINT ( 'NONE', #11556 ) ;
#8903 = PLANE ( 'NONE',  #591 ) ;
#8904 = VERTEX_POINT ( 'NONE', #4598 ) ;
#8905 = VERTEX_POINT ( 'NONE', #8166 ) ;
#8906 = ORIENTED_EDGE ( 'NONE', *, *, #1273, .T. ) ;
#8907 = DIRECTION ( 'NONE',  ( 0.000000000000000000, 0.000000000000000000, 1.000000000000000000 ) ) ;
#8908 = CARTESIAN_POINT ( 'NONE',  ( 5.765462857231999472, 6.500000000000000000, -0.2500000000000000000 ) ) ;
#8909 = DIRECTION ( 'NONE',  ( 0.000000000000000000, -1.000000000000000000, 0.000000000000000000 ) ) ;
#8910 = ORIENTED_EDGE ( 'NONE', *, *, #4488, .F. ) ;
#8911 = PLANE ( 'NONE',  #4115 ) ;
#8912 = CARTESIAN_POINT ( 'NONE',  ( 15.99546285723199901, 4.000000000000000000, -6.989999999999999325 ) ) ;
#8913 = CARTESIAN_POINT ( 'NONE',  ( 16.22783201400199715, 4.549999999999999822, 0.000000000000000000 ) ) ;
#8914 = ADVANCED_FACE ( 'NONE', ( #2596 ), #6250, .T. ) ;
#8915 = EDGE_CURVE ( 'NONE', #8575, #4506, #8759, .T. ) ;
#8916 = FACE_OUTER_BOUND ( 'NONE', #10431, .T. ) ;
#8917 = PLANE ( 'NONE',  #3388 ) ;
#8918 = EDGE_CURVE ( 'NONE', #1378, #5744, #5017, .T. ) ;
#8919 = ORIENTED_EDGE ( 'NONE', *, *, #122, .F. ) ;
#8920 = DIRECTION ( 'NONE',  ( 0.000000000000000000, -1.000000000000000000, 0.000000000000000000 ) ) ;
#8921 = ADVANCED_FACE ( 'NONE', ( #7181 ), #2663, .T. ) ;
#8922 = ADVANCED_FACE ( 'NONE', ( #10752 ), #9874, .T. ) ;
#8923 = DIRECTION ( 'NONE',  ( 0.000000000000000000, 0.000000000000000000, 1.000000000000000000 ) ) ;
#8924 = CARTESIAN_POINT ( 'NONE',  ( 3.750967563533361471, 3.644299157259351496, -12.36788915878069162 ) ) ;
#8925 = PLANE ( 'NONE',  #5226 ) ;
#8926 = DIRECTION ( 'NONE',  ( 1.000000000000000000, 0.000000000000000000, 0.000000000000000000 ) ) ;
#8927 = VERTEX_POINT ( 'NONE', #8479 ) ;
#8928 = CARTESIAN_POINT ( 'NONE',  ( 9.930643737063300946, 17.10000000000000142, -16.67715880870800049 ) ) ;
#8929 = CARTESIAN_POINT ( 'NONE',  ( 15.72479451869500089, 17.10000000000000142, -17.42479106187800042 ) ) ;
#8930 = ADVANCED_FACE ( 'NONE', ( #8228 ), #2191, .T. ) ;
#8931 = EDGE_CURVE ( 'NONE', #1744, #7157, #5817, .T. ) ;
#8932 = EDGE_CURVE ( 'NONE', #6694, #9560, #3974, .T. ) ;
#8933 = VERTEX_POINT ( 'NONE', #9349 ) ;
#8934 = EDGE_CURVE ( 'NONE', #8863, #9560, #3766, .T. ) ;
#8935 = DIRECTION ( 'NONE',  ( 0.000000000000000000, 1.000000000000000000, 0.000000000000000000 ) ) ;
#8936 = ORIENTED_EDGE ( 'NONE', *, *, #7365, .F. ) ;
#8937 = CARTESIAN_POINT ( 'NONE',  ( 3.465462857232000093, 9.679999999999999716, 0.000000000000000000 ) ) ;
#8938 = SPHERICAL_SURFACE ( 'NONE', #8605, 0.1000000000000000056 ) ;
#8939 = FACE_OUTER_BOUND ( 'NONE', #1683, .T. ) ;
#8940 = CARTESIAN_POINT ( 'NONE',  ( 12.96253856395200010, 17.30000000000000071, -16.30027856230699612 ) ) ;
#8941 = ORIENTED_EDGE ( 'NONE', *, *, #11281, .T. ) ;
#8942 = PLANE ( 'NONE',  #2611 ) ;
#8943 = CARTESIAN_POINT ( 'NONE',  ( 12.61170228694399853, 17.30000000000000071, -17.29456826448399909 ) ) ;
#8944 = VERTEX_POINT ( 'NONE', #11109 ) ;
#8945 = DIRECTION ( 'NONE',  ( 0.000000000000000000, -1.000000000000000000, 0.000000000000000000 ) ) ;
#8946 = CARTESIAN_POINT ( 'NONE',  ( 15.82284425471799949, 17.10000000000000142, -17.22409468889200213 ) ) ;
#8947 = ORIENTED_EDGE ( 'NONE', *, *, #1839, .F. ) ;
#8948 = EDGE_CURVE ( 'NONE', #5160, #7576, #9249, .T. ) ;
#8949 = VERTEX_POINT ( 'NONE', #3128 ) ;
#8950 = VERTEX_POINT ( 'NONE', #7465 ) ;
#8951 = DIRECTION ( 'NONE',  ( 0.000000000000000000, 1.000000000000000000, 0.000000000000000000 ) ) ;
#8952 = CARTESIAN_POINT ( 'NONE',  ( 11.74546285723200079, 0.5000000000000000000, -19.86500000000000199 ) ) ;
#8953 = CARTESIAN_POINT ( 'NONE',  ( 13.46546285723199965, 6.400000000000000355, -0.2000000000000000111 ) ) ;
#8954 = VECTOR ( 'NONE', #7995, 1000.000000000000000 ) ;
#8955 = LINE ( 'NONE', #2681, #1310 ) ;
#8956 = ORIENTED_EDGE ( 'NONE', *, *, #8872, .T. ) ;
#8957 = CARTESIAN_POINT ( 'NONE',  ( 15.31267738394970124, 17.30000000000000071, -16.30027856159944832 ) ) ;
#8958 = ORIENTED_EDGE ( 'NONE', *, *, #8850, .T. ) ;
#8959 = VECTOR ( 'NONE', #9380, 1000.000000000000000 ) ;
#8960 = VERTEX_POINT ( 'NONE', #11161 ) ;
#8961 = ORIENTED_EDGE ( 'NONE', *, *, #4192, .T. ) ;
#8962 = AXIS2_PLACEMENT_3D ( 'NONE', #3783, #1038, #4610 ) ;
#8963 = ORIENTED_EDGE ( 'NONE', *, *, #11500, .F. ) ;
#8964 = DIRECTION ( 'NONE',  ( 0.000000000000000000, 1.000000000000000000, 0.000000000000000000 ) ) ;
#8965 = DIRECTION ( 'NONE',  ( 0.000000000000000000, -1.000000000000000000, 0.000000000000000000 ) ) ;
#8966 = CARTESIAN_POINT ( 'NONE',  ( 11.34546285723199865, 0.2500000000000000000, -19.68999999999999773 ) ) ;
#8967 = AXIS2_PLACEMENT_3D ( 'NONE', #2323, #10579, #8594 ) ;
#8968 = CARTESIAN_POINT ( 'NONE',  ( 15.99546285723199901, 4.000000000000000000, -6.490000000000000213 ) ) ;
#8969 = ORIENTED_EDGE ( 'NONE', *, *, #8199, .T. ) ;
#8970 = DIRECTION ( 'NONE',  ( 0.000000000000000000, -1.000000000000000000, 0.000000000000000000 ) ) ;
#8971 = AXIS2_PLACEMENT_3D ( 'NONE', #1004, #8328, #10024 ) ;
#8972 = AXIS2_PLACEMENT_3D ( 'NONE', #1533, #10500, #10261 ) ;
#8973 = CARTESIAN_POINT ( 'NONE',  ( 13.74050917796599869, 17.10000000000000142, -17.32506086918699850 ) ) ;
#8974 = DIRECTION ( 'NONE',  ( -1.000000000000000000, 0.000000000000000000, 0.000000000000000000 ) ) ;
#8975 = DIRECTION ( 'NONE',  ( 0.000000000000000000, 1.000000000000000000, 0.000000000000000000 ) ) ;
#8976 = EDGE_LOOP ( 'NONE', ( #11167, #303, #3969, #1458, #514, #1298, #2120, #8136 ) ) ;
#8977 = AXIS2_PLACEMENT_3D ( 'NONE', #10851, #6412, #8156 ) ;
#8978 = ORIENTED_EDGE ( 'NONE', *, *, #3266, .F. ) ;
#8979 = AXIS2_PLACEMENT_3D ( 'NONE', #3544, #7026, #8013 ) ;
#8980 = VECTOR ( 'NONE', #7949, 1000.000000000000000 ) ;
#8981 = CARTESIAN_POINT ( 'NONE',  ( 1.563767697292995917, 4.510295692305001936, -13.93418349838900028 ) ) ;
#8982 = EDGE_CURVE ( 'NONE', #1797, #8541, #445, .T. ) ;
#8983 = CARTESIAN_POINT ( 'NONE',  ( 10.99081109736899897, 17.10000000000000142, -16.10264624357199992 ) ) ;
#8984 = DIRECTION ( 'NONE',  ( 0.000000000000000000, -1.000000000000000000, 0.000000000000000000 ) ) ;
#8985 = CARTESIAN_POINT ( 'NONE',  ( 16.88574532203599787, 4.000000000000000000, -11.04843802984000156 ) ) ;
#8986 = AXIS2_PLACEMENT_3D ( 'NONE', #8325, #7496, #3152 ) ;
#8987 = CARTESIAN_POINT ( 'NONE',  ( 15.14568570826999938, 17.30000000000000071, -17.29456826448399909 ) ) ;
#8988 = EDGE_LOOP ( 'NONE', ( #8151, #4265, #1017, #1697 ) ) ;
#8989 = VECTOR ( 'NONE', #8305, 1000.000000000000000 ) ;
#8990 = EDGE_CURVE ( 'NONE', #2556, #11238, #10109, .T. ) ;
#8991 = AXIS2_PLACEMENT_3D ( 'NONE', #1654, #1604, #2367 ) ;
#8992 = LINE ( 'NONE', #7281, #996 ) ;
#8993 = FACE_OUTER_BOUND ( 'NONE', #3534, .T. ) ;
#8994 = VERTEX_POINT ( 'NONE', #4895 ) ;
#8995 = DIRECTION ( 'NONE',  ( 0.000000000000000000, 0.000000000000000000, 1.000000000000000000 ) ) ;
#8996 = EDGE_CURVE ( 'NONE', #11296, #7611, #142, .T. ) ;
#8997 = ORIENTED_EDGE ( 'NONE', *, *, #8513, .F. ) ;
#8998 = FACE_BOUND ( 'NONE', #3779, .T. ) ;
#8999 = CYLINDRICAL_SURFACE ( 'NONE', #7270, 0.1500000000000008271 ) ;
#9000 = AXIS2_PLACEMENT_3D ( 'NONE', #2252, #5669, #447 ) ;
#9001 = EDGE_CURVE ( 'NONE', #736, #4392, #11188, .T. ) ;
#9002 = AXIS2_PLACEMENT_3D ( 'NONE', #3222, #8621, #7795 ) ;
#9003 = DIRECTION ( 'NONE',  ( -1.000000000000000000, 0.000000000000000000, 0.000000000000000000 ) ) ;
#9004 = DIRECTION ( 'NONE',  ( -0.000000000000000000, 1.000000000000000000, 0.000000000000000000 ) ) ;
#9005 = VERTEX_POINT ( 'NONE', #5536 ) ;
#9006 = EDGE_CURVE ( 'NONE', #1841, #2980, #1211, .T. ) ;
#9007 = EDGE_CURVE ( 'NONE', #7953, #6587, #7450, .T. ) ;
#9008 = CARTESIAN_POINT ( 'NONE',  ( 15.84888881419600004, 17.30000000000000071, -16.99122564792600087 ) ) ;
#9009 = DIRECTION ( 'NONE',  ( 1.000000000000000000, 0.000000000000000000, 0.000000000000000000 ) ) ;
#9010 = ORIENTED_EDGE ( 'NONE', *, *, #2548, .F. ) ;
#9011 = CARTESIAN_POINT ( 'NONE',  ( 17.53971789399400905, 4.121175673515004689, -13.56903304256399956 ) ) ;
#9012 = CARTESIAN_POINT ( 'NONE',  ( 1.652556753931769595, 4.002118943491290715, -0.1940803000524630728 ) ) ;
#9013 = AXIS2_PLACEMENT_3D ( 'NONE', #10411, #11341, #7557 ) ;
#9014 = VERTEX_POINT ( 'NONE', #6485 ) ;
#9015 = ORIENTED_EDGE ( 'NONE', *, *, #9785, .T. ) ;
#9016 = CARTESIAN_POINT ( 'NONE',  ( 5.363371551561999517, 4.000000000000000000, -10.46753918005000017 ) ) ;
#9017 = DIRECTION ( 'NONE',  ( -1.000000000000000000, 0.000000000000000000, 0.000000000000000000 ) ) ;
#9018 = CARTESIAN_POINT ( 'NONE',  ( 17.76079236082698998, 0.5730803751200040930, -13.79301633234101487 ) ) ;
#9019 = VECTOR ( 'NONE', #5088, 1000.000000000000000 ) ;
#9020 = EDGE_CURVE ( 'NONE', #6930, #7922, #887, .T. ) ;
#9021 = EDGE_CURVE ( 'NONE', #6965, #5683, #5594, .T. ) ;
#9022 = CARTESIAN_POINT ( 'NONE',  ( 15.76546285723199858, 7.315000000000000391, -0.2500000000000000000 ) ) ;
#9023 = ORIENTED_EDGE ( 'NONE', *, *, #8185, .T. ) ;
#9024 = CIRCLE ( 'NONE', #10168, 0.09999999999999956146 ) ;
#9025 = CARTESIAN_POINT ( 'NONE',  ( 5.765462857231999472, 6.400000000000000355, -0.2000000000000000111 ) ) ;
#9026 = CIRCLE ( 'NONE', #5854, 1.210040583881000220 ) ;
#9027 = ORIENTED_EDGE ( 'NONE', *, *, #889, .F. ) ;
#9028 = ORIENTED_EDGE ( 'NONE', *, *, #2292, .T. ) ;
#9029 = EDGE_LOOP ( 'NONE', ( #6950, #3587, #2054, #8797 ) ) ;
#9030 = ORIENTED_EDGE ( 'NONE', *, *, #7403, .F. ) ;
#9031 = DIRECTION ( 'NONE',  ( 1.000000000000000000, 0.000000000000000000, 0.000000000000000000 ) ) ;
#9032 = ORIENTED_EDGE ( 'NONE', *, *, #7213, .T. ) ;
#9034 = DIRECTION ( 'NONE',  ( -0.9979663327133609929, 0.000000000000000000, -0.06374322529214784816 ) ) ;
#9033 = VECTOR ( 'NONE', #2166, 1000.000000000000000 ) ;
#9035 = CARTESIAN_POINT ( 'NONE',  ( 3.750462857232000236, 3.700000000000000178, -4.750000000000000000 ) ) ;
#9036 = VECTOR ( 'NONE', #5222, 1000.000000000000000 ) ;
#9037 = CIRCLE ( 'NONE', #10529, 0.1000000000000002692 ) ;
#9038 = FACE_OUTER_BOUND ( 'NONE', #839, .T. ) ;
#9039 = ORIENTED_EDGE ( 'NONE', *, *, #8579, .F. ) ;
#9040 = PLANE ( 'NONE',  #8610 ) ;
#9041 = CARTESIAN_POINT ( 'NONE',  ( 7.050421201930000770, 17.10000000000000142, -17.08927577733999925 ) ) ;
#9042 = VECTOR ( 'NONE', #5936, 1000.000000000000114 ) ;
#9043 = LINE ( 'NONE', #4580, #4520 ) ;
#9044 = CARTESIAN_POINT ( 'NONE',  ( 16.42783201400199999, 7.115000000000000213, 0.000000000000000000 ) ) ;
#9045 = VECTOR ( 'NONE', #8120, 1000.000000000000000 ) ;
#9046 = ORIENTED_EDGE ( 'NONE', *, *, #9594, .T. ) ;
#9047 = AXIS2_PLACEMENT_3D ( 'NONE', #7542, #2199, #5780 ) ;
#9048 = EDGE_LOOP ( 'NONE', ( #91, #1714, #5158, #9771 ) ) ;
#9049 = DIRECTION ( 'NONE',  ( 0.000000000000000000, 1.000000000000000000, 0.000000000000000000 ) ) ;
#9050 = AXIS2_PLACEMENT_3D ( 'NONE', #2927, #1177, #7206 ) ;
#9051 = VECTOR ( 'NONE', #4056, 1000.000000000000000 ) ;
#9052 = DIRECTION ( 'NONE',  ( -1.000000000000000000, 0.000000000000000000, -1.065814103640000080E-14 ) ) ;
#9053 = VECTOR ( 'NONE', #1597, 1000.000000000000000 ) ;
#9054 = CARTESIAN_POINT ( 'NONE',  ( 12.90278829310899944, 17.30000000000000071, -16.65417823791499785 ) ) ;
#9055 = CARTESIAN_POINT ( 'NONE',  ( 13.32716239665499813, 17.30000000000000071, -16.98816152811100011 ) ) ;
#9056 = VERTEX_POINT ( 'NONE', #8353 ) ;
#9057 = FACE_OUTER_BOUND ( 'NONE', #9500, .T. ) ;
#9058 = DIRECTION ( 'NONE',  ( -1.000000000000000000, 0.000000000000000000, 0.000000000000000000 ) ) ;
#9059 = VERTEX_POINT ( 'NONE', #2143 ) ;
#9060 = CARTESIAN_POINT ( 'NONE',  ( 13.79042227335100002, 0.4000000000000000222, -9.259959416120000952 ) ) ;
#9061 = ORIENTED_EDGE ( 'NONE', *, *, #9452, .T. ) ;
#9062 = LINE ( 'NONE', #4416, #8477 ) ;
#9063 = DIRECTION ( 'NONE',  ( -0.1577384316472046077, 0.000000000000000000, -0.9874809300343376783 ) ) ;
#9064 = DIRECTION ( 'NONE',  ( 1.000000000000000000, 0.000000000000000000, 0.000000000000000000 ) ) ;
#9065 = CARTESIAN_POINT ( 'NONE',  ( 11.29546285723199972, 0.5000000000000000000, -19.51500000000000057 ) ) ;
#9066 = EDGE_LOOP ( 'NONE', ( #10058, #4327, #920, #3935 ) ) ;
#9067 = DIRECTION ( 'NONE',  ( 0.000000000000000000, 0.000000000000000000, -1.000000000000000000 ) ) ;
#9068 = CARTESIAN_POINT ( 'NONE',  ( 7.935462857231999401, 4.000000000000000000, -16.97500000000000142 ) ) ;
#9069 = EDGE_LOOP ( 'NONE', ( #7018, #1206, #3307, #2539, #8671, #7558, #7844, #3828, #5076, #11066 ) ) ;
#9070 = CARTESIAN_POINT ( 'NONE',  ( 15.84888881419674966, 17.10000000000000142, -16.99122565944425034 ) ) ;
#9071 = EDGE_CURVE ( 'NONE', #5440, #3767, #3888, .T. ) ;
#9072 = CARTESIAN_POINT ( 'NONE',  ( 13.77518039242800185, 4.000000000000000000, -10.55156197015999986 ) ) ;
#9073 = ADVANCED_FACE ( 'NONE', ( #11378 ), #5950, .T. ) ;
#9074 = ORIENTED_EDGE ( 'NONE', *, *, #7001, .T. ) ;
#9075 = ORIENTED_EDGE ( 'NONE', *, *, #7943, .F. ) ;
#9076 = LINE ( 'NONE', #145, #2100 ) ;
#9077 = EDGE_CURVE ( 'NONE', #10702, #8888, #7645, .T. ) ;
#9078 = DIRECTION ( 'NONE',  ( 1.000000000000000000, 0.000000000000000000, 0.000000000000000000 ) ) ;
#9079 = DIRECTION ( 'NONE',  ( -0.9874809300343376783, 0.000000000000000000, -0.1577384316472046077 ) ) ;
#9080 = FACE_OUTER_BOUND ( 'NONE', #5397, .T. ) ;
#9081 = EDGE_CURVE ( 'NONE', #8214, #10013, #548, .T. ) ;
#9082 = ADVANCED_FACE ( 'NONE', ( #9414 ), #5890, .F. ) ;
#9083 = ORIENTED_EDGE ( 'NONE', *, *, #3201, .T. ) ;
#9084 = CARTESIAN_POINT ( 'NONE',  ( 9.615462857231998228, 10.65000000000000036, -0.2000000000000000111 ) ) ;
#9085 = ORIENTED_EDGE ( 'NONE', *, *, #903, .F. ) ;
#9086 = ORIENTED_EDGE ( 'NONE', *, *, #3821, .F. ) ;
#9087 = ORIENTED_EDGE ( 'NONE', *, *, #6880, .F. ) ;
#9088 = ORIENTED_EDGE ( 'NONE', *, *, #8915, .T. ) ;
#9089 = EDGE_CURVE ( 'NONE', #11295, #4616, #4829, .T. ) ;
#9090 = ADVANCED_FACE ( 'NONE', ( #2364 ), #11440, .T. ) ;
#9091 = EDGE_CURVE ( 'NONE', #3742, #3651, #1434, .T. ) ;
#9092 = DIRECTION ( 'NONE',  ( -0.8914591608396745803, 0.000000000000000000, 0.4531010533589867051 ) ) ;
#9093 = VERTEX_POINT ( 'NONE', #9522 ) ;
#9094 = CARTESIAN_POINT ( 'NONE',  ( 6.604599439844999864, 17.30000000000000071, -17.64999999999999858 ) ) ;
#9095 = DIRECTION ( 'NONE',  ( 0.000000000000000000, -1.000000000000000000, 0.000000000000000000 ) ) ;
#9096 = CARTESIAN_POINT ( 'NONE',  ( 7.765880787119999518, 17.10000000000000142, -16.61434546709099891 ) ) ;
#9097 = VERTEX_POINT ( 'NONE', #1383 ) ;
#9098 = CARTESIAN_POINT ( 'NONE',  ( 11.84546285723200043, 4.349999999999999645, -0.2500000000000000000 ) ) ;
#9099 = CARTESIAN_POINT ( 'NONE',  ( 17.73046285723199844, 4.203779418383999378, -13.99886898516100153 ) ) ;
#9100 = PLANE ( 'NONE',  #7718 ) ;
#9101 = CARTESIAN_POINT ( 'NONE',  ( 12.76546285723199858, 7.649999999999999467, -9.799999999999998934 ) ) ;
#9102 = ORIENTED_EDGE ( 'NONE', *, *, #2680, .T. ) ;
#9103 = ORIENTED_EDGE ( 'NONE', *, *, #3402, .T. ) ;
#9104 = DIRECTION ( 'NONE',  ( 0.000000000000000000, 0.000000000000000000, -1.000000000000000000 ) ) ;
#9105 = FACE_OUTER_BOUND ( 'NONE', #8844, .T. ) ;
#9106 = FACE_OUTER_BOUND ( 'NONE', #4734, .T. ) ;
#9107 = CARTESIAN_POINT ( 'NONE',  ( 15.33046285723199986, 4.000000000000000000, -10.80000000000000071 ) ) ;
#9108 = DIRECTION ( 'NONE',  ( 0.000000000000000000, 0.000000000000000000, -1.000000000000000000 ) ) ;
#9109 = VERTEX_POINT ( 'NONE', #7814 ) ;
#9110 = DIRECTION ( 'NONE',  ( -1.000000000000000000, 0.000000000000000000, 0.000000000000000000 ) ) ;
#9111 = PLANE ( 'NONE',  #10724 ) ;
#9112 = ORIENTED_EDGE ( 'NONE', *, *, #875, .F. ) ;
#9113 = VERTEX_POINT ( 'NONE', #4065 ) ;
#9114 = CARTESIAN_POINT ( 'NONE',  ( 15.76546285723199858, 7.315000000000000391, 0.000000000000000000 ) ) ;
#9115 = ORIENTED_EDGE ( 'NONE', *, *, #5406, .F. ) ;
#9116 = DIRECTION ( 'NONE',  ( 0.000000000000000000, 0.000000000000000000, -1.000000000000000000 ) ) ;
#9117 = FACE_OUTER_BOUND ( 'NONE', #4583, .T. ) ;
#9118 = DIRECTION ( 'NONE',  ( 1.000000000000000000, 0.000000000000000000, 0.000000000000000000 ) ) ;
#9119 = CARTESIAN_POINT ( 'NONE',  ( 14.78428360887087400, 3.669270836189426177, -11.64971024322954563 ) ) ;
#9120 = ORIENTED_EDGE ( 'NONE', *, *, #696, .F. ) ;
#9121 = CARTESIAN_POINT ( 'NONE',  ( 13.93546285723200029, 0.000000000000000000, -19.86500000000000199 ) ) ;
#9122 = CARTESIAN_POINT ( 'NONE',  ( 17.58046285723199986, 0.7900000000000000355, -13.99886898516100153 ) ) ;
#9123 = VERTEX_POINT ( 'NONE', #11209 ) ;
#9124 = FACE_OUTER_BOUND ( 'NONE', #3312, .T. ) ;
#9125 = PRODUCT_CONTEXT ( 'NONE', #5753, 'mechanical' ) ;
#9126 = CARTESIAN_POINT ( 'NONE',  ( 5.665462857231998939, 6.500000000000000000, -0.2000000000000000111 ) ) ;
#9127 = VERTEX_POINT ( 'NONE', #3183 ) ;
#9128 = ORIENTED_EDGE ( 'NONE', *, *, #10214, .F. ) ;
#9129 = DIRECTION ( 'NONE',  ( 1.000000000000000000, 0.000000000000000000, 0.000000000000000000 ) ) ;
#9130 = LINE ( 'NONE', #9832, #10269 ) ;
#9131 = ADVANCED_FACE ( 'NONE', ( #1489 ), #6778, .F. ) ;
#9132 = LINE ( 'NONE', #10055, #2765 ) ;
#9133 = EDGE_CURVE ( 'NONE', #6414, #3097, #11549, .T. ) ;
#9134 = ORIENTED_EDGE ( 'NONE', *, *, #8948, .F. ) ;
#9135 = DIRECTION ( 'NONE',  ( -1.000000000000000000, 0.000000000000000000, 0.000000000000000000 ) ) ;
#9136 = ADVANCED_FACE ( 'NONE', ( #10278 ), #2484, .T. ) ;
#9137 = DIRECTION ( 'NONE',  ( -1.000000000000000000, 0.000000000000000000, 0.000000000000000000 ) ) ;
#9138 = ORIENTED_EDGE ( 'NONE', *, *, #9081, .F. ) ;
#9139 = ORIENTED_EDGE ( 'NONE', *, *, #2971, .T. ) ;
#9140 = ORIENTED_EDGE ( 'NONE', *, *, #9392, .T. ) ;
#9141 = ORIENTED_EDGE ( 'NONE', *, *, #2115, .F. ) ;
#9142 = LINE ( 'NONE', #2738, #11015 ) ;
#9143 = AXIS2_PLACEMENT_3D ( 'NONE', #5413, #10690, #8057 ) ;
#9144 = CARTESIAN_POINT ( 'NONE',  ( 3.850462857231999880, 3.700000000000000178, 27.70149999999999935 ) ) ;
#9145 = CARTESIAN_POINT ( 'NONE',  ( 15.66292367718299872, 4.000000000000000000, -12.26290869432999919 ) ) ;
#9146 = LINE ( 'NONE', #4755, #6548 ) ;
#9147 = EDGE_LOOP ( 'NONE', ( #10316, #9448, #5094, #891, #10860, #8116 ) ) ;
#9148 = DIRECTION ( 'NONE',  ( -0.9979663327133609929, 0.000000000000000000, -0.06374322529214784816 ) ) ;
#9149 = EDGE_CURVE ( 'NONE', #5784, #5022, #4120, .T. ) ;
#9150 = EDGE_CURVE ( 'NONE', #282, #1342, #4837, .T. ) ;
#9151 = CARTESIAN_POINT ( 'NONE',  ( 15.77351746436069924, 17.10000000000000142, -17.32506087520970084 ) ) ;
#9152 = VECTOR ( 'NONE', #2007, 1000.000000000000000 ) ;
#9153 = CARTESIAN_POINT ( 'NONE',  ( 15.33046285723199986, 4.000000000000000000, -10.80000000000000071 ) ) ;
#9154 = CARTESIAN_POINT ( 'NONE',  ( 13.75306705211199976, 17.10000000000000142, -16.61434546709099891 ) ) ;
#9155 = ORIENTED_EDGE ( 'NONE', *, *, #8713, .T. ) ;
#9156 = ORIENTED_EDGE ( 'NONE', *, *, #6703, .F. ) ;
#9157 = CIRCLE ( 'NONE', #4094, 1.310040583881000753 ) ;
#9158 = CARTESIAN_POINT ( 'NONE',  ( 4.115462857232000005, 11.67999999999999972, 0.000000000000000000 ) ) ;
#9159 = DIRECTION ( 'NONE',  ( 0.000000000000000000, 0.000000000000000000, -1.000000000000000000 ) ) ;
#9160 = EDGE_CURVE ( 'NONE', #3123, #11525, #6885, .T. ) ;
#9161 = ADVANCED_FACE ( 'NONE', ( #2423 ), #9583, .T. ) ;
#9162 = DIRECTION ( 'NONE',  ( 0.000000000000000000, 0.000000000000000000, -1.000000000000000000 ) ) ;
#9163 = DIRECTION ( 'NONE',  ( 1.000000000000000000, 0.000000000000000000, 0.000000000000000000 ) ) ;
#9164 = CARTESIAN_POINT ( 'NONE',  ( 15.09779867055200064, 0.5000000000000000000, -12.25653437180100092 ) ) ;
#9165 = ORIENTED_EDGE ( 'NONE', *, *, #322, .T. ) ;
#9166 = PLANE ( 'NONE',  #8100 ) ;
#9167 = VECTOR ( 'NONE', #8164, 1000.000000000000000 ) ;
#9168 = DIRECTION ( 'NONE',  ( 0.000000000000000000, -1.000000000000000000, 0.000000000000000000 ) ) ;
#9169 = VECTOR ( 'NONE', #9496, 1000.000000000000000 ) ;
#9170 = VECTOR ( 'NONE', #774, 1000.000000000000000 ) ;
#9171 = ORIENTED_EDGE ( 'NONE', *, *, #6292, .T. ) ;
#9172 = ORIENTED_EDGE ( 'NONE', *, *, #883, .F. ) ;
#9173 = DIRECTION ( 'NONE',  ( 0.06374322529215131761, 0.000000000000000000, -0.9979663327133606598 ) ) ;
#9174 = ORIENTED_EDGE ( 'NONE', *, *, #6299, .F. ) ;
#9175 = DIRECTION ( 'NONE',  ( 0.000000000000000000, -1.000000000000000000, 0.000000000000000000 ) ) ;
#9176 = DIRECTION ( 'NONE',  ( 0.000000000000000000, 0.000000000000000000, -1.000000000000000000 ) ) ;
#9177 = AXIS2_PLACEMENT_3D ( 'NONE', #8611, #11469, #805 ) ;
#9178 = LINE ( 'NONE', #10867, #9152 ) ;
#9179 = DIRECTION ( 'NONE',  ( 0.000000000000000000, -1.000000000000000000, 0.000000000000000000 ) ) ;
#9180 = ORIENTED_EDGE ( 'NONE', *, *, #11292, .T. ) ;
#9181 = AXIS2_PLACEMENT_3D ( 'NONE', #3202, #7552, #7662 ) ;
#9182 = VECTOR ( 'NONE', #8827, 1000.000000000000000 ) ;
#9183 = LINE ( 'NONE', #9121, #9920 ) ;
#9184 = LINE ( 'NONE', #11164, #4493 ) ;
#9185 = ORIENTED_EDGE ( 'NONE', *, *, #3756, .T. ) ;
#9186 = CARTESIAN_POINT ( 'NONE',  ( 17.53971789399400194, 4.368287096442995399, -13.49401473660902617 ) ) ;
#9187 = CARTESIAN_POINT ( 'NONE',  ( 1.792776335313260860, 4.142325613625835956, -0.01731309252695839226 ) ) ;
#9188 = ORIENTED_EDGE ( 'NONE', *, *, #9855, .F. ) ;
#9189 = VECTOR ( 'NONE', #378, 1000.000000000000000 ) ;
#9190 = VECTOR ( 'NONE', #8587, 1000.000000000000000 ) ;
#9191 = DIRECTION ( 'NONE',  ( 1.000000000000000000, 0.000000000000000000, 0.000000000000000000 ) ) ;
#9192 = CARTESIAN_POINT ( 'NONE',  ( 4.615462857232000005, 9.679999999999999716, -0.5000000000000000000 ) ) ;
#9193 = CARTESIAN_POINT ( 'NONE',  ( 2.443928485430999942, 0.5000000000000000000, -11.03266418667999993 ) ) ;
#9194 = DIRECTION ( 'NONE',  ( 1.000000000000000000, 0.000000000000000000, 0.000000000000000000 ) ) ;
#9195 = CARTESIAN_POINT ( 'NONE',  ( 1.650462857231999925, 0.6500000000000000222, -13.90783834186099810 ) ) ;
#9196 = ORIENTED_EDGE ( 'NONE', *, *, #10419, .F. ) ;
#9197 = CIRCLE ( 'NONE', #6770, 1.210040583880999554 ) ;
#9198 = CIRCLE ( 'NONE', #3743, 1.210040583881000220 ) ;
#9199 = CARTESIAN_POINT ( 'NONE',  ( 6.565462857232000182, 0.000000000000000000, -19.86500000000000199 ) ) ;
#9200 = CARTESIAN_POINT ( 'NONE',  ( 15.66292367718299872, 0.5000000000000000000, -9.337091305669998675 ) ) ;
#9201 = VERTEX_POINT ( 'NONE', #1876 ) ;
#9202 = ORIENTED_EDGE ( 'NONE', *, *, #8070, .F. ) ;
#9203 = ORIENTED_EDGE ( 'NONE', *, *, #10776, .T. ) ;
#9204 = ORIENTED_EDGE ( 'NONE', *, *, #6218, .T. ) ;
#9205 = FACE_OUTER_BOUND ( 'NONE', #2731, .T. ) ;
#9206 = CARTESIAN_POINT ( 'NONE',  ( 15.56312704391199908, 0.5000000000000000000, -9.343465628199998818 ) ) ;
#9207 = AXIS2_PLACEMENT_3D ( 'NONE', #7430, #8251, #8131 ) ;
#9208 = VECTOR ( 'NONE', #3781, 1000.000000000000000 ) ;
#9209 = DIRECTION ( 'NONE',  ( 0.000000000000000000, -1.000000000000000000, 0.000000000000000000 ) ) ;
#9210 = CARTESIAN_POINT ( 'NONE',  ( 9.205462857231999863, 4.000000000000000000, -19.51500000000000057 ) ) ;
#9211 = ORIENTED_EDGE ( 'NONE', *, *, #2482, .F. ) ;
#9212 = CARTESIAN_POINT ( 'NONE',  ( 13.86755416290199960, 0.5000000000000000000, -11.13246081994999948 ) ) ;
#9213 = CARTESIAN_POINT ( 'NONE',  ( 1.650462857231999925, 0.5000000000000000000, -13.85886898730599981 ) ) ;
#9214 = DIRECTION ( 'NONE',  ( 1.000000000000000000, 0.000000000000000000, 0.000000000000000000 ) ) ;
#9215 = EDGE_CURVE ( 'NONE', #8541, #362, #6238, .T. ) ;
#9216 = CARTESIAN_POINT ( 'NONE',  ( 14.83491829013917496, 3.610102062907223353, -9.871296199482511469 ) ) ;
#9217 = EDGE_CURVE ( 'NONE', #1773, #5036, #5770, .T. ) ;
#9218 = EDGE_LOOP ( 'NONE', ( #4582, #9977, #1027, #2939 ) ) ;
#9219 = AXIS2_PLACEMENT_3D ( 'NONE', #2219, #7617, #3154 ) ;
#9220 = ORIENTED_EDGE ( 'NONE', *, *, #8572, .F. ) ;
#9221 = AXIS2_PLACEMENT_3D ( 'NONE', #8030, #7162, #1807 ) ;
#9222 = AXIS2_PLACEMENT_3D ( 'NONE', #5385, #170, #7163 ) ;
#9223 = EDGE_CURVE ( 'NONE', #5312, #5946, #10738, .T. ) ;
#9224 = EDGE_CURVE ( 'NONE', #7608, #8673, #3568, .T. ) ;
#9225 = CYLINDRICAL_SURFACE ( 'NONE', #3405, 0.1500000000000008271 ) ;
#9226 = PLANE ( 'NONE',  #2599 ) ;
#9227 = CIRCLE ( 'NONE', #228, 0.1000000000000002692 ) ;
#9228 = CARTESIAN_POINT ( 'NONE',  ( 4.133127043912000254, 39.85228000000000037, -9.343465628199998818 ) ) ;
#9229 = EDGE_CURVE ( 'NONE', #7611, #11406, #3630, .T. ) ;
#9230 = DIRECTION ( 'NONE',  ( -0.6167539700459748753, 0.000000000000000000, 0.7871559822757677738 ) ) ;
#9231 = DIRECTION ( 'NONE',  ( 0.000000000000000000, 0.000000000000000000, -1.000000000000000000 ) ) ;
#9233 = ORIENTED_EDGE ( 'NONE', *, *, #558, .T. ) ;
#9232 = EDGE_CURVE ( 'NONE', #9279, #5036, #5293, .T. ) ;
#9234 = VECTOR ( 'NONE', #1718, 1000.000000000000000 ) ;
#9235 = ORIENTED_EDGE ( 'NONE', *, *, #7562, .T. ) ;
#9236 = CARTESIAN_POINT ( 'NONE',  ( 13.62744035598714021, 17.10000000000000142, -16.48871841035799690 ) ) ;
#9237 = DIRECTION ( 'NONE',  ( 1.000000000000000000, 0.000000000000000000, 0.000000000000000000 ) ) ;
#9238 = ORIENTED_EDGE ( 'NONE', *, *, #8514, .T. ) ;
#9239 = CIRCLE ( 'NONE', #6988, 0.1500000000000008271 ) ;
#9240 = DIRECTION ( 'NONE',  ( 0.000000000000000000, 0.000000000000000000, -1.000000000000000000 ) ) ;
#9241 = EDGE_CURVE ( 'NONE', #10248, #10954, #6293, .T. ) ;
#9242 = ADVANCED_FACE ( 'NONE', ( #4458 ), #8874, .F. ) ;
#9243 = EDGE_CURVE ( 'NONE', #4429, #6056, #3451, .T. ) ;
#9244 = ORIENTED_EDGE ( 'NONE', *, *, #3061, .F. ) ;
#9245 = CARTESIAN_POINT ( 'NONE',  ( 1.850462857232000102, 0.000000000000000000, -13.87000000000000099 ) ) ;
#9246 = VECTOR ( 'NONE', #8945, 1000.000000000000000 ) ;
#9247 = DIRECTION ( 'NONE',  ( 0.000000000000000000, -1.000000000000000000, 0.000000000000000000 ) ) ;
#9248 = AXIS2_PLACEMENT_3D ( 'NONE', #6881, #5225, #4347 ) ;
#9249 = LINE ( 'NONE', #5666, #10811 ) ;
#9250 = VERTEX_POINT ( 'NONE', #7219 ) ;
#9251 = DIRECTION ( 'NONE',  ( 0.000000000000000000, 1.000000000000000000, 0.000000000000000000 ) ) ;
#9252 = ADVANCED_FACE ( 'NONE', ( #4357 ), #4523, .T. ) ;
#9253 = CARTESIAN_POINT ( 'NONE',  ( 2.443928485430999942, 39.85228000000000037, -10.56733581331999972 ) ) ;
#9254 = VERTEX_POINT ( 'NONE', #4404 ) ;
#9255 = PLANE ( 'NONE',  #3982 ) ;
#9256 = CARTESIAN_POINT ( 'NONE',  ( 1.846463519518560137, 4.196000662286563099, 2.329340604949321695E-18 ) ) ;
#9257 = ORIENTED_EDGE ( 'NONE', *, *, #11292, .F. ) ;
#9258 = DIRECTION ( 'NONE',  ( 1.000000000000000000, 0.000000000000000000, 0.000000000000000000 ) ) ;
#9259 = CARTESIAN_POINT ( 'NONE',  ( 7.163791668162000192, 17.30000000000000071, -16.83955427408200123 ) ) ;
#9260 = DIRECTION ( 'NONE',  ( 0.000000000000000000, 0.000000000000000000, -1.000000000000000000 ) ) ;
#9261 = FACE_OUTER_BOUND ( 'NONE', #11162, .T. ) ;
#9262 = DIRECTION ( 'NONE',  ( 0.000000000000000000, 1.000000000000000000, 0.000000000000000000 ) ) ;
#9263 = ORIENTED_EDGE ( 'NONE', *, *, #5003, .T. ) ;
#9264 = PLANE ( 'NONE',  #10163 ) ;
#9265 = DIRECTION ( 'NONE',  ( 0.9979663327133609929, 0.000000000000000000, 0.06374322529214784816 ) ) ;
#9266 = ORIENTED_EDGE ( 'NONE', *, *, #2992, .T. ) ;
#9267 = VERTEX_POINT ( 'NONE', #7979 ) ;
#9268 = VERTEX_POINT ( 'NONE', #1013 ) ;
#9269 = VERTEX_POINT ( 'NONE', #1651 ) ;
#9270 = CARTESIAN_POINT ( 'NONE',  ( 16.49546285723199901, 4.000000000000000000, -6.490000000000000213 ) ) ;
#9271 = EDGE_LOOP ( 'NONE', ( #205, #9410, #4378, #9835 ) ) ;
#9272 = LINE ( 'NONE', #5029, #9033 ) ;
#9273 = DIRECTION ( 'NONE',  ( 0.000000000000000000, 0.7071067811865475727, 0.7071067811865475727 ) ) ;
#9274 = CARTESIAN_POINT ( 'NONE',  ( 13.81588052485900064, 17.30000000000000071, -16.99122564792600087 ) ) ;
#9275 = ORIENTED_EDGE ( 'NONE', *, *, #35, .F. ) ;
#9276 = FACE_OUTER_BOUND ( 'NONE', #3204, .T. ) ;
#9277 = CARTESIAN_POINT ( 'NONE',  ( 6.465462857231999649, 7.649999999999999467, -0.4500000000000000111 ) ) ;
#9278 = LINE ( 'NONE', #3054, #5468 ) ;
#9279 = VERTEX_POINT ( 'NONE', #1813 ) ;
#9280 = ORIENTED_EDGE ( 'NONE', *, *, #4798, .T. ) ;
#9281 = LINE ( 'NONE', #1244, #1913 ) ;
#9282 = EDGE_CURVE ( 'NONE', #290, #3310, #7046, .T. ) ;
#9283 = DIRECTION ( 'NONE',  ( -1.000000000000000000, 0.000000000000000000, 0.000000000000000000 ) ) ;
#9284 = EDGE_CURVE ( 'NONE', #1856, #362, #943, .T. ) ;
#9285 = DIRECTION ( 'NONE',  ( 0.000000000000000000, -2.002886245965000317E-13, 1.000000000000000000 ) ) ;
#9286 = CARTESIAN_POINT ( 'NONE',  ( 17.53971789399400194, 4.368287096707999417, -14.20598526326499034 ) ) ;
#9287 = DIRECTION ( 'NONE',  ( 0.000000000000000000, -1.000000000000000000, 0.000000000000000000 ) ) ;
#9288 = VERTEX_POINT ( 'NONE', #70 ) ;
#9289 = DIRECTION ( 'NONE',  ( 0.000000000000000000, 0.000000000000000000, -1.000000000000000000 ) ) ;
#9290 = ADVANCED_FACE ( 'NONE', ( #4585 ), #6114, .F. ) ;
#9291 = CARTESIAN_POINT ( 'NONE',  ( 13.74050917839814012, 17.10000000000000142, -17.32506086830310110 ) ) ;
#9292 = ORIENTED_EDGE ( 'NONE', *, *, #8572, .T. ) ;
#9293 = LINE ( 'NONE', #4776, #1535 ) ;
#9294 = ORIENTED_EDGE ( 'NONE', *, *, #4009, .T. ) ;
#9295 = CARTESIAN_POINT ( 'NONE',  ( 9.615462857231998228, 10.65000000000000036, -9.799999999999998934 ) ) ;
#9296 = DIRECTION ( 'NONE',  ( 0.000000000000000000, 0.000000000000000000, 1.000000000000000000 ) ) ;
#9297 = CARTESIAN_POINT ( 'NONE',  ( 14.88046285723199880, 3.600000000000000089, -11.81467429248800016 ) ) ;
#9298 = VERTEX_POINT ( 'NONE', #2 ) ;
#9299 = LINE ( 'NONE', #10226, #9375 ) ;
#9300 = DIRECTION ( 'NONE',  ( -0.06374322529215563360, 0.000000000000000000, 0.9979663327133604378 ) ) ;
#9301 = ORIENTED_EDGE ( 'NONE', *, *, #5575, .F. ) ;
#9302 = CARTESIAN_POINT ( 'NONE',  ( 3.483175291678999752, 14.63228756555300158, -0.2677124344499999808 ) ) ;
#9303 = EDGE_CURVE ( 'NONE', #1318, #10480, #10612, .T. ) ;
#9304 = EDGE_CURVE ( 'NONE', #6502, #9878, #6166, .T. ) ;
#9305 = EDGE_CURVE ( 'NONE', #9841, #1189, #915, .T. ) ;
#9306 = CARTESIAN_POINT ( 'NONE',  ( 16.22783201400199715, 7.115000000000000213, 0.000000000000000000 ) ) ;
#9307 = EDGE_LOOP ( 'NONE', ( #5879, #11060, #11294, #9487, #6612, #784, #6676 ) ) ;
#9308 = FACE_OUTER_BOUND ( 'NONE', #10460, .T. ) ;
#9309 = DIRECTION ( 'NONE',  ( 0.000000000000000000, -1.000000000000000000, 0.000000000000000000 ) ) ;
#9310 = CARTESIAN_POINT ( 'NONE',  ( 7.485462857232000111, 4.000000000000000000, -17.32499999999999929 ) ) ;
#9311 = LINE ( 'NONE', #1275, #4114 ) ;
#9312 = ORIENTED_EDGE ( 'NONE', *, *, #9635, .F. ) ;
#9313 = CARTESIAN_POINT ( 'NONE',  ( 5.275462857231999259, 4.000000000000000000, -6.490000000000000213 ) ) ;
#9314 = EDGE_CURVE ( 'NONE', #8765, #290, #876, .T. ) ;
#9315 = EDGE_CURVE ( 'NONE', #9093, #9545, #2883, .T. ) ;
#9316 = FACE_OUTER_BOUND ( 'NONE', #5688, .T. ) ;
#9317 = ORIENTED_EDGE ( 'NONE', *, *, #4285, .T. ) ;
#9318 = ORIENTED_EDGE ( 'NONE', *, *, #4839, .T. ) ;
#9319 = EDGE_LOOP ( 'NONE', ( #6173, #1626, #3025, #11252 ) ) ;
#9320 = ORIENTED_EDGE ( 'NONE', *, *, #7192, .F. ) ;
#9321 = CARTESIAN_POINT ( 'NONE',  ( 15.22228778575400021, 17.10000000000000142, -17.64999999999999858 ) ) ;
#9322 = EDGE_LOOP ( 'NONE', ( #6670, #10680, #6048, #9782 ) ) ;
#9323 = PLANE ( 'NONE',  #4914 ) ;
#9324 = CARTESIAN_POINT ( 'NONE',  ( 3.900462857232000147, 0.5000000000000000000, -10.80000000000000071 ) ) ;
#9325 = DIRECTION ( 'NONE',  ( 0.000000000000000000, 0.000000000000000000, 1.000000000000000000 ) ) ;
#9326 = ORIENTED_EDGE ( 'NONE', *, *, #912, .F. ) ;
#9327 = DIRECTION ( 'NONE',  ( 0.000000000000000000, -1.000000000000000000, 0.000000000000000000 ) ) ;
#9328 = CARTESIAN_POINT ( 'NONE',  ( 15.72479451957689989, 17.30000000000000071, -17.42479105646184934 ) ) ;
#9329 = LINE ( 'NONE', #11082, #5668 ) ;
#9330 = AXIS2_PLACEMENT_3D ( 'NONE', #2842, #8825, #3586 ) ;
#9331 = ORIENTED_EDGE ( 'NONE', *, *, #11073, .T. ) ;
#9332 = VERTEX_POINT ( 'NONE', #10967 ) ;
#9333 = DIRECTION ( 'NONE',  ( 0.000000000000000000, -1.000000000000000000, 0.000000000000000000 ) ) ;
#9334 = DIRECTION ( 'NONE',  ( 0.000000000000000000, 0.000000000000000000, 1.000000000000000000 ) ) ;
#9335 = AXIS2_PLACEMENT_3D ( 'NONE', #11119, #6796, #9260 ) ;
#9336 = DIRECTION ( 'NONE',  ( -1.000000000000000000, 0.000000000000000000, 0.000000000000000000 ) ) ;
#9337 = FACE_OUTER_BOUND ( 'NONE', #1835, .T. ) ;
#9338 = CARTESIAN_POINT ( 'NONE',  ( 8.755462857231998797, 4.000000000000000000, -19.51500000000000057 ) ) ;
#9339 = EDGE_LOOP ( 'NONE', ( #585, #605, #7699, #552, #10204 ) ) ;
#9340 = CARTESIAN_POINT ( 'NONE',  ( 9.435797106966900216, 17.10000000000000142, -17.64999999999999858 ) ) ;
#9341 = CARTESIAN_POINT ( 'NONE',  ( 13.81588052485889939, 17.30000000000000071, -16.99122565944425034 ) ) ;
#9342 = VECTOR ( 'NONE', #11455, 1000.000000000000000 ) ;
#9343 = ORIENTED_EDGE ( 'NONE', *, *, #6918, .F. ) ;
#9344 = VECTOR ( 'NONE', #8023, 1000.000000000000000 ) ;
#9345 = DIRECTION ( 'NONE',  ( -0.9999988959613603789, 0.000000000000000000, -0.001485959642858267508 ) ) ;
#9346 = ORIENTED_EDGE ( 'NONE', *, *, #6812, .F. ) ;
#9347 = CARTESIAN_POINT ( 'NONE',  ( 4.015462861701999842, 17.30000000000000071, -17.64999999999999858 ) ) ;
#9348 = CARTESIAN_POINT ( 'NONE',  ( 13.32716239665499813, 17.30000000000000071, -17.07548743486400156 ) ) ;
#9349 = CARTESIAN_POINT ( 'NONE',  ( 2.803093700461999571, 4.750000000000000000, -0.2000000000000000111 ) ) ;
#9350 = EDGE_LOOP ( 'NONE', ( #9888, #11604, #6443 ) ) ;
#9351 = DIRECTION ( 'NONE',  ( 1.000000000000000000, 0.000000000000000000, 0.000000000000000000 ) ) ;
#9352 = CARTESIAN_POINT ( 'NONE',  ( 17.56933840390270163, 4.011118305740253298, -0.1587598244655526458 ) ) ;
#9353 = EDGE_LOOP ( 'NONE', ( #779, #1461, #2378, #375 ) ) ;
#9354 = VECTOR ( 'NONE', #1225, 1000.000000000000000 ) ;
#9355 = CIRCLE ( 'NONE', #11025, 0.09999999999999956146 ) ;
#9356 = CARTESIAN_POINT ( 'NONE',  ( 14.78046285723200093, 4.000000000000000000, -14.75000000000000000 ) ) ;
#9357 = DIRECTION ( 'NONE',  ( 0.000000000000000000, 1.000000000000000000, 0.000000000000000000 ) ) ;
#9358 = ORIENTED_EDGE ( 'NONE', *, *, #9021, .T. ) ;
#9359 = EDGE_CURVE ( 'NONE', #10799, #5859, #6591, .T. ) ;
#9360 = ADVANCED_FACE ( 'NONE', ( #6525 ), #9226, .T. ) ;
#9361 = CARTESIAN_POINT ( 'NONE',  ( 7.835462857232000644, 0.000000000000000000, -17.32499999999999929 ) ) ;
#9362 = VECTOR ( 'NONE', #8339, 1000.000000000000000 ) ;
#9363 = DIRECTION ( 'NONE',  ( 0.000000000000000000, -1.000000000000000000, 0.000000000000000000 ) ) ;
#9364 = AXIS2_PLACEMENT_3D ( 'NONE', #2025, #2730, #986 ) ;
#9365 = AXIS2_PLACEMENT_3D ( 'NONE', #2721, #7064, #2601 ) ;
#9366 = EDGE_CURVE ( 'NONE', #5801, #7778, #6652, .T. ) ;
#9367 = EDGE_CURVE ( 'NONE', #6688, #6020, #4765, .T. ) ;
#9368 = CARTESIAN_POINT ( 'NONE',  ( 12.92883285258800008, 17.30000000000000071, -17.64999999999999858 ) ) ;
#9369 = CARTESIAN_POINT ( 'NONE',  ( 15.38046285723200057, 3.600000000000000089, -4.750000000000000000 ) ) ;
#9370 = DIRECTION ( 'NONE',  ( 0.000000000000000000, 0.000000000000000000, 1.000000000000000000 ) ) ;
#9371 = EDGE_LOOP ( 'NONE', ( #6034, #8436, #863, #2612 ) ) ;
#9372 = LINE ( 'NONE', #9434, #611 ) ;
#9373 = CARTESIAN_POINT ( 'NONE',  ( 15.24689520717205049, 17.10000000000000142, -17.26533655392064759 ) ) ;
#9374 = VERTEX_POINT ( 'NONE', #1194 ) ;
#9375 = VECTOR ( 'NONE', #10177, 1000.000000000000000 ) ;
#9376 = VECTOR ( 'NONE', #430, 1000.000000000000000 ) ;
#9377 = ORIENTED_EDGE ( 'NONE', *, *, #6008, .T. ) ;
#9378 = ORIENTED_EDGE ( 'NONE', *, *, #4196, .F. ) ;
#9379 = ORIENTED_EDGE ( 'NONE', *, *, #6645, .F. ) ;
#9380 = DIRECTION ( 'NONE',  ( 0.000000000000000000, 0.000000000000000000, 1.000000000000000000 ) ) ;
#9381 = ORIENTED_EDGE ( 'NONE', *, *, #1273, .F. ) ;
#9382 = DIRECTION ( 'NONE',  ( 1.000000000000000000, 0.000000000000000000, 0.000000000000000000 ) ) ;
#9383 = EDGE_CURVE ( 'NONE', #9056, #8255, #1994, .T. ) ;
#9384 = EDGE_CURVE ( 'NONE', #7751, #1101, #179, .T. ) ;
#9385 = CARTESIAN_POINT ( 'NONE',  ( 7.765880787119999518, 17.30000000000000071, -16.61434546709099891 ) ) ;
#9386 = VECTOR ( 'NONE', #1303, 1000.000000000000000 ) ;
#9387 = CIRCLE ( 'NONE', #1873, 0.2900000000000003131 ) ;
#9388 = PLANE ( 'NONE',  #9722 ) ;
#9389 = ORIENTED_EDGE ( 'NONE', *, *, #6849, .F. ) ;
#9390 = LINE ( 'NONE', #4040, #5237 ) ;
#9392 = EDGE_CURVE ( 'NONE', #6953, #4178, #3747, .T. ) ;
#9391 = LINE ( 'NONE', #8684, #3374 ) ;
#9393 = CARTESIAN_POINT ( 'NONE',  ( 15.57890088707599929, 4.000000000000000000, -12.35528246480399872 ) ) ;
#9394 = ORIENTED_EDGE ( 'NONE', *, *, #8728, .T. ) ;
#9395 = VECTOR ( 'NONE', #2564, 1000.000000000000000 ) ;
#9396 = ORIENTED_EDGE ( 'NONE', *, *, #1409, .T. ) ;
#9397 = LINE ( 'NONE', #4168, #10350 ) ;
#9398 = CARTESIAN_POINT ( 'NONE',  ( 12.56546285723199929, 4.000000000000000000, -16.97500000000000142 ) ) ;
#9399 = LINE ( 'NONE', #3110, #4290 ) ;
#9400 = VECTOR ( 'NONE', #4375, 1000.000000000000000 ) ;
#9401 = VECTOR ( 'NONE', #4073, 1000.000000000000000 ) ;
#9402 = CARTESIAN_POINT ( 'NONE',  ( 7.850378063013119245, 17.30000000000000071, -16.45207234230045046 ) ) ;
#9403 = DIRECTION ( 'NONE',  ( 0.000000000000000000, 1.000000000000000000, 0.000000000000000000 ) ) ;
#9404 = CARTESIAN_POINT ( 'NONE',  ( 1.650462857231999925, 4.203779418383999378, -13.84113101483900188 ) ) ;
#9405 = VERTEX_POINT ( 'NONE', #3063 ) ;
#9406 = CIRCLE ( 'NONE', #3593, 0.1000000000000002692 ) ;
#9407 = DIRECTION ( 'NONE',  ( -1.000000000000000000, 0.000000000000000000, 0.000000000000000000 ) ) ;
#9408 = LINE ( 'NONE', #3118, #10173 ) ;
#9409 = ORIENTED_EDGE ( 'NONE', *, *, #5073, .F. ) ;
#9410 = ORIENTED_EDGE ( 'NONE', *, *, #9383, .T. ) ;
#9411 = DIRECTION ( 'NONE',  ( 1.000000000000000000, 0.000000000000000000, 0.000000000000000000 ) ) ;
#9412 = LINE ( 'NONE', #6540, #161 ) ;
#9413 = AXIS2_PLACEMENT_3D ( 'NONE', #3004, #10264, #11095 ) ;
#9414 = FACE_OUTER_BOUND ( 'NONE', #11460, .T. ) ;
#9415 = AXIS2_PLACEMENT_3D ( 'NONE', #2457, #7797, #10490 ) ;
#9416 = LINE ( 'NONE', #8813, #9561 ) ;
#9417 = DIRECTION ( 'NONE',  ( 0.000000000000000000, -1.000000000000000000, 0.000000000000000000 ) ) ;
#9418 = ORIENTED_EDGE ( 'NONE', *, *, #8720, .T. ) ;
#9419 = CARTESIAN_POINT ( 'NONE',  ( 13.32716239665469793, 17.10000000000000142, -16.98816150090900123 ) ) ;
#9420 = CARTESIAN_POINT ( 'NONE',  ( 9.435797106966900216, 17.30000000000000071, -17.64999999999999858 ) ) ;
#9421 = CIRCLE ( 'NONE', #2106, 1.210040583881000664 ) ;
#9422 = ORIENTED_EDGE ( 'NONE', *, *, #5422, .F. ) ;
#9423 = STYLED_ITEM ( 'NONE', ( #882 ), #4310 ) ;
#9424 = CIRCLE ( 'NONE', #4358, 0.2900000000000003131 ) ;
#9425 = FACE_OUTER_BOUND ( 'NONE', #4533, .T. ) ;
#9426 = CARTESIAN_POINT ( 'NONE',  ( 15.48046285723199844, 3.700000000000000178, -9.232159127970000156 ) ) ;
#9427 = DIRECTION ( 'NONE',  ( -0.9979663327133607709, 0.000000000000000000, 0.06374322529215128985 ) ) ;
#9428 = CARTESIAN_POINT ( 'NONE',  ( 3.665462857232000271, 11.67999999999999972, -0.4500000000000000111 ) ) ;
#9429 = VECTOR ( 'NONE', #10198, 1000.000000000000000 ) ;
#9430 = LINE ( 'NONE', #3255, #7108 ) ;
#9431 = EDGE_LOOP ( 'NONE', ( #10939, #9220, #3099, #10301 ) ) ;
#9432 = EDGE_CURVE ( 'NONE', #3070, #9878, #4816, .T. ) ;
#9433 = ADVANCED_FACE ( 'NONE', ( #3685 ), #8394, .T. ) ;
#9434 = CARTESIAN_POINT ( 'NONE',  ( 14.16671680186699867, 17.30000000000000071, -15.45000000000000107 ) ) ;
#9435 = CARTESIAN_POINT ( 'NONE',  ( 15.14594076631770037, 17.10000000000000142, -17.29456826448399909 ) ) ;
#9436 = VERTEX_POINT ( 'NONE', #10208 ) ;
#9437 = EDGE_CURVE ( 'NONE', #5020, #694, #10849, .T. ) ;
#9438 = ORIENTED_EDGE ( 'NONE', *, *, #9224, .F. ) ;
#9439 = VERTEX_POINT ( 'NONE', #2126 ) ;
#9440 = EDGE_LOOP ( 'NONE', ( #2623, #8638, #4388, #1453 ) ) ;
#9441 = EDGE_CURVE ( 'NONE', #50, #10742, #3513, .T. ) ;
#9442 = CARTESIAN_POINT ( 'NONE',  ( 13.95546285723199986, 4.000000000000000000, -6.490000000000000213 ) ) ;
#9443 = VERTEX_POINT ( 'NONE', #5578 ) ;
#9444 = LINE ( 'NONE', #5694, #5663 ) ;
#9445 = EDGE_CURVE ( 'NONE', #6940, #5744, #9355, .T. ) ;
#9446 = CARTESIAN_POINT ( 'NONE',  ( 17.72482299013098839, 0.6688401221889974657, -13.78371011175100591 ) ) ;
#9447 = DIRECTION ( 'NONE',  ( 0.000000000000000000, 0.000000000000000000, 1.000000000000000000 ) ) ;
#9448 = ORIENTED_EDGE ( 'NONE', *, *, #1001, .F. ) ;
#9449 = DIRECTION ( 'NONE',  ( 1.000000000000000000, 0.000000000000000000, 0.000000000000000000 ) ) ;
#9450 = DIRECTION ( 'NONE',  ( 1.000000000000000000, 0.000000000000000000, 0.000000000000000000 ) ) ;
#9451 = ORIENTED_EDGE ( 'NONE', *, *, #1111, .T. ) ;
#9452 = EDGE_CURVE ( 'NONE', #11344, #3564, #7472, .T. ) ;
#9453 = EDGE_CURVE ( 'NONE', #2163, #10650, #5705, .T. ) ;
#9454 = ADVANCED_FACE ( 'NONE', ( #9105 ), #1067, .T. ) ;
#9455 = CARTESIAN_POINT ( 'NONE',  ( 7.010588299974999771, 17.30000000000000071, -15.45000000000000107 ) ) ;
#9456 = ORIENTED_EDGE ( 'NONE', *, *, #2850, .T. ) ;
#9457 = VERTEX_POINT ( 'NONE', #10913 ) ;
#9458 = CARTESIAN_POINT ( 'NONE',  ( 10.17883337710849823, 17.30000000000000071, -17.64999999999999858 ) ) ;
#9459 = DIRECTION ( 'NONE',  ( 0.000000000000000000, 0.000000000000000000, 1.000000000000000000 ) ) ;
#9460 = DIRECTION ( 'NONE',  ( -1.000000000000000000, 0.000000000000000000, 0.000000000000000000 ) ) ;
#9461 = LINE ( 'NONE', #4002, #11270 ) ;
#9462 = CARTESIAN_POINT ( 'NONE',  ( 9.615462857231998228, 17.10000000000000142, -21.25000000000000000 ) ) ;
#9463 = ORIENTED_EDGE ( 'NONE', *, *, #2385, .T. ) ;
#9464 = CARTESIAN_POINT ( 'NONE',  ( 4.133127043912000254, 0.4000000000000000222, -9.343465628199998818 ) ) ;
#9465 = LINE ( 'NONE', #4057, #1564 ) ;
#9466 = ORIENTED_EDGE ( 'NONE', *, *, #2113, .T. ) ;
#9467 = ORIENTED_EDGE ( 'NONE', *, *, #11568, .F. ) ;
#9468 = CARTESIAN_POINT ( 'NONE',  ( 7.050421202674190368, 17.10000000000000142, -17.08927577515574825 ) ) ;
#9469 = CARTESIAN_POINT ( 'NONE',  ( 11.29546285723199972, 4.000000000000000000, -19.86500000000000199 ) ) ;
#9470 = LINE ( 'NONE', #1435, #9189 ) ;
#9471 = CARTESIAN_POINT ( 'NONE',  ( 4.450462857231999081, 4.000000000000000000, -9.955673334989999290 ) ) ;
#9472 = ORIENTED_EDGE ( 'NONE', *, *, #827, .T. ) ;
#9473 = CARTESIAN_POINT ( 'NONE',  ( 3.488898236011999998, 14.64418110522800021, -0.2558188947700025251 ) ) ;
#9474 = CARTESIAN_POINT ( 'NONE',  ( 7.585462857231999756, 4.750000000000000000, -1.600000000000000089 ) ) ;
#9475 = ORIENTED_EDGE ( 'NONE', *, *, #5281, .T. ) ;
#9476 = CARTESIAN_POINT ( 'NONE',  ( 7.010588299974999771, 17.30000000000000071, -17.22869080305100198 ) ) ;
#9477 = FACE_OUTER_BOUND ( 'NONE', #1514, .T. ) ;
#9478 = CARTESIAN_POINT ( 'NONE',  ( 2.443928485430999942, 0.5000000000000000000, -11.03266418667999993 ) ) ;
#9479 = CARTESIAN_POINT ( 'NONE',  ( 7.010588299974999771, 17.30000000000000071, -17.22869080305100198 ) ) ;
#9480 = CARTESIAN_POINT ( 'NONE',  ( 3.850462857231999880, 3.600000000000000089, -4.750000000000000000 ) ) ;
#9481 = VERTEX_POINT ( 'NONE', #11316 ) ;
#9482 = CARTESIAN_POINT ( 'NONE',  ( 5.440503441113000882, 0.5000000000000000000, -12.34004058388099878 ) ) ;
#9483 = LINE ( 'NONE', #6684, #3748 ) ;
#9484 = EDGE_LOOP ( 'NONE', ( #2764, #1586, #5134, #2675 ) ) ;
#9485 = B_SPLINE_CURVE_WITH_KNOTS ( 'NONE', 3,
 ( #311, #11038, #10106, #4827 ),
 .UNSPECIFIED., .F., .F.,
 ( 4, 4 ),
 ( 0.000000000000000000, 1.000000000000000000 ),
 .UNSPECIFIED. ) ;
#9486 = ORIENTED_EDGE ( 'NONE', *, *, #1534, .T. ) ;
#9487 = ORIENTED_EDGE ( 'NONE', *, *, #10620, .F. ) ;
#9488 = ORIENTED_EDGE ( 'NONE', *, *, #5922, .T. ) ;
#9489 = EDGE_CURVE ( 'NONE', #3019, #11295, #9399, .T. ) ;
#9490 = CARTESIAN_POINT ( 'NONE',  ( 7.835462857232000644, 0.000000000000000000, -16.97500000000000142 ) ) ;
#9491 = EDGE_CURVE ( 'NONE', #9123, #5476, #6057, .T. ) ;
#9492 = ORIENTED_EDGE ( 'NONE', *, *, #8130, .F. ) ;
#9493 = CARTESIAN_POINT ( 'NONE',  ( 6.166437780604000274, 17.10000000000000142, -15.45000000000000107 ) ) ;
#9494 = DIRECTION ( 'NONE',  ( -0.1577384316472046910, 0.000000000000000000, -0.9874809300343374563 ) ) ;
#9495 = ADVANCED_FACE ( 'NONE', ( #3231 ), #5997, .F. ) ;
#9496 = DIRECTION ( 'NONE',  ( 1.000000000000000000, 0.000000000000000000, 0.000000000000000000 ) ) ;
#9497 = ORIENTED_EDGE ( 'NONE', *, *, #5057, .F. ) ;
#9498 = LINE ( 'NONE', #8512, #9182 ) ;
#9499 = CARTESIAN_POINT ( 'NONE',  ( 15.56546285723199929, 9.679999999999999716, -9.799999999999998934 ) ) ;
#9500 = EDGE_LOOP ( 'NONE', ( #1141, #42, #7267, #2105, #7217, #9961 ) ) ;
#9501 = CARTESIAN_POINT ( 'NONE',  ( 4.945462857232000076, 4.000000000000000000, -17.32499999999999929 ) ) ;
#9502 = ORIENTED_EDGE ( 'NONE', *, *, #8152, .T. ) ;
#9503 = EDGE_CURVE ( 'NONE', #4033, #2709, #10326, .T. ) ;
#9504 = ADVANCED_FACE ( 'NONE', ( #8460 ), #11258, .F. ) ;
#9505 = VERTEX_POINT ( 'NONE', #6827 ) ;
#9506 = CARTESIAN_POINT ( 'NONE',  ( 15.33046285723199986, 0.5000000000000000000, -10.80000000000000071 ) ) ;
#9507 = ADVANCED_FACE ( 'NONE', ( #2235 ), #11194, .T. ) ;
#9508 = EDGE_CURVE ( 'NONE', #3070, #353, #2233, .T. ) ;
#9509 = DIRECTION ( 'NONE',  ( 1.000000000000000000, 0.000000000000000000, 0.000000000000000000 ) ) ;
#9510 = DIRECTION ( 'NONE',  ( 0.000000000000000000, -1.000000000000000000, 0.000000000000000000 ) ) ;
#9511 = DIRECTION ( 'NONE',  ( 0.000000000000000000, -1.000000000000000000, 0.000000000000000000 ) ) ;
#9512 = CARTESIAN_POINT ( 'NONE',  ( 7.585462857231999756, 4.250000000000000000, 0.000000000000000000 ) ) ;
#9513 = DIRECTION ( 'NONE',  ( -1.000000000000000000, 0.000000000000000000, 0.000000000000000000 ) ) ;
#9514 = EDGE_CURVE ( 'NONE', #10910, #9056, #4050, .T. ) ;
#9515 = DIRECTION ( 'NONE',  ( 0.000000000000000000, -1.000000000000000000, 0.000000000000000000 ) ) ;
#9516 = ORIENTED_EDGE ( 'NONE', *, *, #10645, .F. ) ;
#9517 = ORIENTED_EDGE ( 'NONE', *, *, #9006, .F. ) ;
#9518 = SPHERICAL_SURFACE ( 'NONE', #8083, 0.2300000000000000100 ) ;
#9519 = VECTOR ( 'NONE', #8115, 1000.000000000000000 ) ;
#9520 = ADVANCED_FACE ( 'NONE', ( #4994 ), #4186, .F. ) ;
#9521 = EDGE_CURVE ( 'NONE', #8933, #1143, #7692, .T. ) ;
#9522 = CARTESIAN_POINT ( 'NONE',  ( 7.585462857231999756, 0.000000000000000000, -17.32499999999999929 ) ) ;
#9523 = CARTESIAN_POINT ( 'NONE',  ( 4.615462857232000005, 9.679999999999999716, -0.5000000000000000000 ) ) ;
#9524 = CARTESIAN_POINT ( 'NONE',  ( 7.163791668162000192, 17.30000000000000071, -16.83955427408200123 ) ) ;
#9525 = CARTESIAN_POINT ( 'NONE',  ( 17.45947638664303625, 4.120953153162611571, -0.02737548698170439235 ) ) ;
#9526 = ORIENTED_EDGE ( 'NONE', *, *, #3062, .F. ) ;
#9527 = CARTESIAN_POINT ( 'NONE',  ( 1.563767697292995917, 0.8830524833170037002, -14.16538525915199287 ) ) ;
#9528 = AXIS2_PLACEMENT_3D ( 'NONE', #9547, #8839, #11518 ) ;
#9529 = CARTESIAN_POINT ( 'NONE',  ( 2.735462857232000555, 4.000000000000000000, -6.490000000000000213 ) ) ;
#9530 = VECTOR ( 'NONE', #1161, 1000.000000000000000 ) ;
#9531 = ORIENTED_EDGE ( 'NONE', *, *, #5922, .F. ) ;
#9532 = CARTESIAN_POINT ( 'NONE',  ( 11.64546285723199937, 5.890000000000000568, -0.4500000000000000111 ) ) ;
#9533 = CIRCLE ( 'NONE', #7087, 1.210040583880999554 ) ;
#9534 = DIRECTION ( 'NONE',  ( 0.000000000000000000, 1.000000000000000000, 0.000000000000000000 ) ) ;
#9535 = CARTESIAN_POINT ( 'NONE',  ( 14.88046285723199880, 3.700000000000000178, 27.70149999999999935 ) ) ;
#9536 = DIRECTION ( 'NONE',  ( 0.5773502691896257311, 0.5773502691896257311, -0.5773502691896257311 ) ) ;
#9537 = ORIENTED_EDGE ( 'NONE', *, *, #6434, .T. ) ;
#9538 = DIRECTION ( 'NONE',  ( 1.000000000000000000, 0.000000000000000000, 0.000000000000000000 ) ) ;
#9539 = CARTESIAN_POINT ( 'NONE',  ( 14.88046285723199880, 3.600000000000000089, -4.750000000000000000 ) ) ;
#9540 = VERTEX_POINT ( 'NONE', #7755 ) ;
#9541 = AXIS2_PLACEMENT_3D ( 'NONE', #3464, #6181, #1724 ) ;
#9542 = VERTEX_POINT ( 'NONE', #2355 ) ;
#9543 = ORIENTED_EDGE ( 'NONE', *, *, #1962, .F. ) ;
#9544 = AXIS2_PLACEMENT_3D ( 'NONE', #3786, #4669, #7246 ) ;
#9545 = VERTEX_POINT ( 'NONE', #5113 ) ;
#9546 = AXIS2_PLACEMENT_3D ( 'NONE', #7621, #7571, #2223 ) ;
#9547 = CARTESIAN_POINT ( 'NONE',  ( 15.33046285723199986, 0.4000000000000000222, -10.80000000000000071 ) ) ;
#9548 = ORIENTED_EDGE ( 'NONE', *, *, #10878, .T. ) ;
#9549 = LINE ( 'NONE', #4537, #3569 ) ;
#9550 = CARTESIAN_POINT ( 'NONE',  ( 17.76079236082700064, 0.6588525917170011681, -13.56440593604600231 ) ) ;
#9551 = CARTESIAN_POINT ( 'NONE',  ( 1.880462857232000129, 17.30000000000000071, -0.2300000000000000100 ) ) ;
#9552 = AXIS2_PLACEMENT_3D ( 'NONE', #4923, #8442, #10247 ) ;
#9553 = VERTEX_POINT ( 'NONE', #7580 ) ;
#9554 = DIRECTION ( 'NONE',  ( 0.000000000000000000, -1.000000000000000000, 0.000000000000000000 ) ) ;
#9555 = AXIS2_PLACEMENT_3D ( 'NONE', #7298, #3769, #4483 ) ;
#9556 = VECTOR ( 'NONE', #10970, 1000.000000000000000 ) ;
#9557 = CARTESIAN_POINT ( 'NONE',  ( 17.35046285723199944, 17.06999999999999673, -21.01999999999999957 ) ) ;
#9558 = ORIENTED_EDGE ( 'NONE', *, *, #890, .F. ) ;
#9559 = DIRECTION ( 'NONE',  ( 1.000000000000000000, 0.000000000000000000, 0.000000000000000000 ) ) ;
#9560 = VERTEX_POINT ( 'NONE', #7628 ) ;
#9561 = VECTOR ( 'NONE', #614, 1000.000000000000000 ) ;
#9562 = CARTESIAN_POINT ( 'NONE',  ( 4.450462857231999081, 3.700000000000000178, -9.955673334989999290 ) ) ;
#9563 = ORIENTED_EDGE ( 'NONE', *, *, #1840, .F. ) ;
#9564 = CIRCLE ( 'NONE', #4501, 0.1999999999999996503 ) ;
#9565 = LINE ( 'NONE', #3229, #4171 ) ;
#9566 = CARTESIAN_POINT ( 'NONE',  ( -19.65696514276800144, 4.230000000000000426, -0.2300000000000000100 ) ) ;
#9567 = ORIENTED_EDGE ( 'NONE', *, *, #1200, .F. ) ;
#9568 = CARTESIAN_POINT ( 'NONE',  ( 12.95640995921387884, 17.10000000000000142, -17.29456826448435081 ) ) ;
#9569 = CARTESIAN_POINT ( 'NONE',  ( 6.604599439844999864, 17.10000000000000142, -17.64999999999999858 ) ) ;
#9570 = LINE ( 'NONE', #5167, #3367 ) ;
#9571 = EDGE_CURVE ( 'NONE', #2955, #5240, #5938, .T. ) ;
#9572 = EDGE_CURVE ( 'NONE', #8480, #2735, #2409, .T. ) ;
#9573 = CIRCLE ( 'NONE', #10503, 1.575000000000000844 ) ;
#9574 = DIRECTION ( 'NONE',  ( 0.000000000000000000, -1.000000000000000000, 0.000000000000000000 ) ) ;
#9575 = CARTESIAN_POINT ( 'NONE',  ( 5.356997229032999464, 0.4000000000000000222, -10.56733581331999972 ) ) ;
#9576 = ADVANCED_FACE ( 'NONE', ( #1473 ), #8690, .F. ) ;
#9577 = VERTEX_POINT ( 'NONE', #9903 ) ;
#9578 = EDGE_LOOP ( 'NONE', ( #9587, #4605, #8088, #10950, #1874 ) ) ;
#9579 = LINE ( 'NONE', #441, #6609 ) ;
#9580 = VECTOR ( 'NONE', #11168, 1000.000000000000000 ) ;
#9581 = EDGE_CURVE ( 'NONE', #4255, #9608, #5381, .T. ) ;
#9582 = EDGE_CURVE ( 'NONE', #10380, #9267, #2572, .T. ) ;
#9583 = PLANE ( 'NONE',  #6328 ) ;
#9584 = LINE ( 'NONE', #7935, #8805 ) ;
#9585 = CARTESIAN_POINT ( 'NONE',  ( 15.73866793798899621, 14.65000000000000036, -0.2500000000000000000 ) ) ;
#9586 = LINE ( 'NONE', #8648, #2437 ) ;
#9587 = ORIENTED_EDGE ( 'NONE', *, *, #7409, .F. ) ;
#9588 = AXIS2_PLACEMENT_3D ( 'NONE', #5895, #2185, #7527 ) ;
#9589 = VECTOR ( 'NONE', #168, 1000.000000000000000 ) ;
#9590 = DIRECTION ( 'NONE',  ( 0.000000000000000000, 0.000000000000000000, -1.000000000000000000 ) ) ;
#9591 = PLANE ( 'NONE',  #433 ) ;
#9592 = EDGE_CURVE ( 'NONE', #2446, #3038, #10779, .T. ) ;
#9593 = EDGE_CURVE ( 'NONE', #5957, #10543, #1666, .T. ) ;
#9594 = EDGE_CURVE ( 'NONE', #10543, #2922, #5279, .T. ) ;
#9595 = VERTEX_POINT ( 'NONE', #934 ) ;
#9596 = VECTOR ( 'NONE', #4118, 1000.000000000000000 ) ;
#9597 = FACE_OUTER_BOUND ( 'NONE', #172, .T. ) ;
#9598 = VECTOR ( 'NONE', #5712, 1000.000000000000000 ) ;
#9599 = DIRECTION ( 'NONE',  ( 0.000000000000000000, 1.000000000000000000, 0.000000000000000000 ) ) ;
#9600 = CIRCLE ( 'NONE', #4728, 1.574999999999999289 ) ;
#9601 = EDGE_CURVE ( 'NONE', #1883, #8532, #11482, .T. ) ;
#9602 = CARTESIAN_POINT ( 'NONE',  ( 15.56546285723199929, 9.679999999999999716, -0.4500000000000000111 ) ) ;
#9603 = FACE_OUTER_BOUND ( 'NONE', #5740, .T. ) ;
#9604 = PLANE ( 'NONE',  #11593 ) ;
#9605 = ORIENTED_EDGE ( 'NONE', *, *, #11080, .T. ) ;
#9606 = CARTESIAN_POINT ( 'NONE',  ( 13.83546285723200064, 0.5000000000000000000, -19.86500000000000199 ) ) ;
#9607 = AXIS2_PLACEMENT_3D ( 'NONE', #7093, #5333, #1758 ) ;
#9608 = VERTEX_POINT ( 'NONE', #4514 ) ;
#9609 = ORIENTED_EDGE ( 'NONE', *, *, #6274, .F. ) ;
#9610 = EDGE_LOOP ( 'NONE', ( #3304, #6832, #9275, #2080, #2650, #8737, #11464, #7613, #9202, #576, #2346 ) ) ;
#9611 = ORIENTED_EDGE ( 'NONE', *, *, #10009, .T. ) ;
#9612 = CARTESIAN_POINT ( 'NONE',  ( 15.48046285723199844, 4.000000000000000000, -12.36784087202799931 ) ) ;
#9613 = ORIENTED_EDGE ( 'NONE', *, *, #11073, .F. ) ;
#9614 = CIRCLE ( 'NONE', #10544, 0.09999999999999956146 ) ;
#9615 = CARTESIAN_POINT ( 'NONE',  ( 11.69546285723199830, 0.2500000000000000000, -19.68999999999999773 ) ) ;
#9616 = VECTOR ( 'NONE', #2905, 1000.000000000000000 ) ;
#9617 = AXIS2_PLACEMENT_3D ( 'NONE', #253, #1775, #9924 ) ;
#9618 = DIRECTION ( 'NONE',  ( -0.1577384316472046910, 0.000000000000000000, 0.9874809300343374563 ) ) ;
#9619 = ORIENTED_EDGE ( 'NONE', *, *, #5947, .T. ) ;
#9620 = DIRECTION ( 'NONE',  ( 0.000000000000000000, 0.000000000000000000, -1.000000000000000000 ) ) ;
#9621 = EDGE_LOOP ( 'NONE', ( #8220, #62, #9139, #117 ) ) ;
#9622 = DIRECTION ( 'NONE',  ( -0.9874809300343372342, 0.000000000000000000, 0.1577384316472059955 ) ) ;
#9623 = EDGE_LOOP ( 'NONE', ( #6687, #7447, #11141, #7614, #458, #10114 ) ) ;
#9624 = DIRECTION ( 'NONE',  ( 0.000000000000000000, -1.000000000000000000, 0.000000000000000000 ) ) ;
#9625 = CARTESIAN_POINT ( 'NONE',  ( 4.133127043912000254, 0.5000000000000000000, -12.25653437180100092 ) ) ;
#9626 = B_SPLINE_SURFACE_WITH_KNOTS ( 'NONE', 3, 1, ( 
 ( #9151, #2050 ),
 ( #2877, #9328 ),
 ( #2114, #10026 ),
 ( #8264, #5635 ) ),
 .UNSPECIFIED., .F., .F., .F.,
 ( 4, 4 ),
 ( 2, 2 ),
 ( 0.05773119023475789535, 0.9497426362897279928 ),
 ( 0.000000000000000000, 1.000000000000000000 ),
 .UNSPECIFIED. ) ;
#9627 = DIRECTION ( 'NONE',  ( 0.000000000000000000, -1.000000000000000000, 0.000000000000000000 ) ) ;
#9628 = ORIENTED_EDGE ( 'NONE', *, *, #2404, .T. ) ;
#9629 = CARTESIAN_POINT ( 'NONE',  ( 13.11267737465229999, 17.10000000000000142, -17.29456827725629964 ) ) ;
#9630 = CARTESIAN_POINT ( 'NONE',  ( 14.96184217436117869, 17.30000000000000071, -17.64999999999965041 ) ) ;
#9631 = LINE ( 'NONE', #3335, #10495 ) ;
#9632 = CARTESIAN_POINT ( 'NONE',  ( 10.07546285723199908, 0.2500000000000000000, -17.14999999999999858 ) ) ;
#9633 = FACE_OUTER_BOUND ( 'NONE', #5266, .T. ) ;
#9634 = ORIENTED_EDGE ( 'NONE', *, *, #10496, .T. ) ;
#9635 = EDGE_CURVE ( 'NONE', #7906, #11387, #3343, .T. ) ;
#9636 = ORIENTED_EDGE ( 'NONE', *, *, #5139, .T. ) ;
#9637 = LINE ( 'NONE', #6010, #610 ) ;
#9638 = ADVANCED_FACE ( 'NONE', ( #5220 ), #3493, .T. ) ;
#9639 = CARTESIAN_POINT ( 'NONE',  ( 14.18546285723200029, 0.000000000000000000, -19.86500000000000199 ) ) ;
#9640 = EDGE_CURVE ( 'NONE', #6196, #2151, #9904, .T. ) ;
#9641 = CARTESIAN_POINT ( 'NONE',  ( 15.84888881419660045, 17.10000000000000142, -16.99122562474004994 ) ) ;
#9642 = DIRECTION ( 'NONE',  ( 0.000000000000000000, -1.000000000000000000, 0.000000000000000000 ) ) ;
#9643 = DIRECTION ( 'NONE',  ( 0.000000000000000000, 1.000000000000000000, 0.000000000000000000 ) ) ;
#9644 = ORIENTED_EDGE ( 'NONE', *, *, #8129, .F. ) ;
#9645 = DIRECTION ( 'NONE',  ( 0.000000000000000000, 0.000000000000000000, -1.000000000000000000 ) ) ;
#9646 = DIRECTION ( 'NONE',  ( 0.000000000000000000, 0.000000000000000000, 1.000000000000000000 ) ) ;
#9647 = VERTEX_POINT ( 'NONE', #63 ) ;
#9648 = CARTESIAN_POINT ( 'NONE',  ( 1.691207820469998513, 4.550895696487996744, -14.02337666348499923 ) ) ;
#9649 = LINE ( 'NONE', #6125, #5980 ) ;
#9650 = LINE ( 'NONE', #9602, #7651 ) ;
#9651 = LINE ( 'NONE', #11287, #5639 ) ;
#9652 = EDGE_CURVE ( 'NONE', #4027, #2428, #2525, .T. ) ;
#9653 = EDGE_CURVE ( 'NONE', #8960, #3884, #5165, .T. ) ;
#9654 = CARTESIAN_POINT ( 'NONE',  ( 15.56546285723199929, 7.649999999999999467, -0.4500000000000000111 ) ) ;
#9655 = ORIENTED_EDGE ( 'NONE', *, *, #1111, .F. ) ;
#9656 = DIRECTION ( 'NONE',  ( 0.000000000000000000, -1.000000000000000000, 0.000000000000000000 ) ) ;
#9657 = DIRECTION ( 'NONE',  ( 0.000000000000000000, -1.000000000000000000, 0.000000000000000000 ) ) ;
#9658 = ORIENTED_EDGE ( 'NONE', *, *, #5192, .T. ) ;
#9659 = EDGE_LOOP ( 'NONE', ( #5278, #11349, #7242, #8221, #588 ) ) ;
#9660 = ORIENTED_EDGE ( 'NONE', *, *, #1610, .F. ) ;
#9661 = ORIENTED_EDGE ( 'NONE', *, *, #7783, .F. ) ;
#9662 = CARTESIAN_POINT ( 'NONE',  ( 15.08202482738800043, 3.600000000000000089, -12.35528246480399872 ) ) ;
#9663 = ORIENTED_EDGE ( 'NONE', *, *, #9367, .F. ) ;
#9664 = LINE ( 'NONE', #7959, #6058 ) ;
#9665 = EDGE_CURVE ( 'NONE', #1064, #9939, #10605, .T. ) ;
#9666 = EDGE_CURVE ( 'NONE', #7749, #6121, #7923, .T. ) ;
#9667 = DIRECTION ( 'NONE',  ( 0.000000000000000000, 1.000000000000000000, 0.000000000000000000 ) ) ;
#9668 = ORIENTED_EDGE ( 'NONE', *, *, #8191, .T. ) ;
#9669 = CARTESIAN_POINT ( 'NONE',  ( 4.450462857231999081, 4.000000000000000000, -14.75000000000000000 ) ) ;
#9670 = VERTEX_POINT ( 'NONE', #9677 ) ;
#9671 = DIRECTION ( 'NONE',  ( 0.000000000000000000, 0.7071067811865455743, -0.7071067811865495711 ) ) ;
#9672 = EDGE_LOOP ( 'NONE', ( #101, #5703, #1048, #4185, #8547, #10205, #6066, #5404 ) ) ;
#9673 = CARTESIAN_POINT ( 'NONE',  ( 7.765880787119999518, 17.10000000000000142, -16.61434546709099891 ) ) ;
#9674 = FACE_OUTER_BOUND ( 'NONE', #8639, .T. ) ;
#9675 = DIRECTION ( 'NONE',  ( 0.000000000000000000, 0.000000000000000000, -1.000000000000000000 ) ) ;
#9676 = EDGE_LOOP ( 'NONE', ( #9492, #10712, #10947, #4670 ) ) ;
#9677 = CARTESIAN_POINT ( 'NONE',  ( 15.36017068599200108, 17.10000000000000142, -16.98816152811100011 ) ) ;
#9678 = FACE_OUTER_BOUND ( 'NONE', #6324, .T. ) ;
#9679 = FACE_OUTER_BOUND ( 'NONE', #7746, .T. ) ;
#9680 = DIRECTION ( 'NONE',  ( 1.000000000000000000, 0.000000000000000000, 0.000000000000000000 ) ) ;
#9681 = DIRECTION ( 'NONE',  ( 0.000000000000000000, -0.1820892601822929890, 0.9832820049844628318 ) ) ;
#9682 = ORIENTED_EDGE ( 'NONE', *, *, #7842, .F. ) ;
#9683 = CARTESIAN_POINT ( 'NONE',  ( 16.42783201400199999, 6.500000000000000000, -0.2500000000000000000 ) ) ;
#9684 = DIRECTION ( 'NONE',  ( 0.000000000000000000, -1.000000000000000000, 0.000000000000000000 ) ) ;
#9685 = CARTESIAN_POINT ( 'NONE',  ( 2.325462857231999969, 4.000000000000000000, -10.80000000000000071 ) ) ;
#9686 = CYLINDRICAL_SURFACE ( 'NONE', #4475, 0.1000000000000002554 ) ;
#9687 = CARTESIAN_POINT ( 'NONE',  ( 15.14568566398899918, 17.30000000000000071, -17.29456827725625345 ) ) ;
#9688 = EDGE_LOOP ( 'NONE', ( #6321, #3427, #512, #5331 ) ) ;
#9689 = CARTESIAN_POINT ( 'NONE',  ( 13.32716238510390028, 17.10000000000000142, -16.76448470581705052 ) ) ;
#9690 = DIRECTION ( 'NONE',  ( 8.765051194300999607E-13, -1.000000000000000000, 5.582835155604999732E-14 ) ) ;
#9691 = ORIENTED_EDGE ( 'NONE', *, *, #1754, .T. ) ;
#9692 = AXIS2_PLACEMENT_3D ( 'NONE', #6669, #313, #2008 ) ;
#9693 = CARTESIAN_POINT ( 'NONE',  ( 15.36017068599200108, 17.30000000000000071, -16.76448471546199670 ) ) ;
#9694 = CARTESIAN_POINT ( 'NONE',  ( 5.765462857231999472, 4.549999999999999822, -0.2000000000000000111 ) ) ;
#9695 = CARTESIAN_POINT ( 'NONE',  ( 12.61170228694399853, 17.10000000000000142, -16.65417823791499785 ) ) ;
#9696 = LINE ( 'NONE', #8597, #5252 ) ;
#9697 = LINE ( 'NONE', #6252, #8230 ) ;
#9698 = ADVANCED_FACE ( 'NONE', ( #10729 ), #8025, .F. ) ;
#9699 = EDGE_LOOP ( 'NONE', ( #2239, #2306, #8066, #8834 ) ) ;
#9700 = AXIS2_PLACEMENT_3D ( 'NONE', #1148, #2840, #7180 ) ;
#9701 = CARTESIAN_POINT ( 'NONE',  ( 1.650462857231999925, 4.000000000000000000, -21.01999999999999957 ) ) ;
#9702 = CARTESIAN_POINT ( 'NONE',  ( 7.585462857231999756, 4.349999999999999645, 0.000000000000000000 ) ) ;
#9703 = ADVANCED_FACE ( 'NONE', ( #1757 ), #8911, .F. ) ;
#9704 = EDGE_LOOP ( 'NONE', ( #7494, #1939, #6661, #2295 ) ) ;
#9705 = EDGE_CURVE ( 'NONE', #3564, #4567, #9911, .T. ) ;
#9706 = EDGE_LOOP ( 'NONE', ( #6254, #440, #4272, #6963 ) ) ;
#9707 = VERTEX_POINT ( 'NONE', #7971 ) ;
#9708 = VERTEX_POINT ( 'NONE', #868 ) ;
#9709 = EDGE_CURVE ( 'NONE', #8484, #8095, #2693, .T. ) ;
#9710 = VECTOR ( 'NONE', #81, 1000.000000000000000 ) ;
#9711 = ADVANCED_FACE ( 'NONE', ( #6582 ), #3861, .F. ) ;
#9712 = DIRECTION ( 'NONE',  ( 0.000000000000000000, 0.000000000000000000, 1.000000000000000000 ) ) ;
#9713 = CIRCLE ( 'NONE', #10271, 1.474999999999998979 ) ;
#9714 = DIRECTION ( 'NONE',  ( 0.000000000000000000, 0.000000000000000000, 1.000000000000000000 ) ) ;
#9715 = CARTESIAN_POINT ( 'NONE',  ( 16.22783201400199715, 6.915000000000000036, -0.2500000000000000000 ) ) ;
#9716 = EDGE_CURVE ( 'NONE', #7906, #2742, #7479, .T. ) ;
#9717 = EDGE_CURVE ( 'NONE', #3095, #10380, #2807, .T. ) ;
#9718 = ORIENTED_EDGE ( 'NONE', *, *, #3889, .F. ) ;
#9719 = VECTOR ( 'NONE', #5175, 1000.000000000000000 ) ;
#9720 = FACE_OUTER_BOUND ( 'NONE', #250, .T. ) ;
#9721 = ORIENTED_EDGE ( 'NONE', *, *, #28, .T. ) ;
#9722 = AXIS2_PLACEMENT_3D ( 'NONE', #6864, #10422, #9325 ) ;
#9723 = VECTOR ( 'NONE', #11530, 1000.000000000000000 ) ;
#9724 = CARTESIAN_POINT ( 'NONE',  ( 9.615462857231998228, 17.10000000000000142, -21.25000000000000000 ) ) ;
#9725 = ORIENTED_EDGE ( 'NONE', *, *, #8208, .T. ) ;
#9726 = EDGE_CURVE ( 'NONE', #11516, #6616, #1934, .T. ) ;
#9727 = EDGE_CURVE ( 'NONE', #10131, #3223, #739, .T. ) ;
#9728 = DIRECTION ( 'NONE',  ( 1.000000000000000000, 0.000000000000000000, 0.000000000000000000 ) ) ;
#9729 = AXIS2_PLACEMENT_3D ( 'NONE', #7151, #6512, #9962 ) ;
#9730 = LINE ( 'NONE', #5378, #8295 ) ;
#9731 = AXIS2_PLACEMENT_3D ( 'NONE', #9762, #5308, #8889 ) ;
#9732 = VECTOR ( 'NONE', #412, 1000.000000000000000 ) ;
#9733 = CARTESIAN_POINT ( 'NONE',  ( 12.13370798800900019, 17.10000000000000142, -17.64999999999999858 ) ) ;
#9734 = ADVANCED_FACE ( 'NONE', ( #4687 ), #234, .T. ) ;
#9735 = EDGE_LOOP ( 'NONE', ( #7391, #8419, #296, #3132 ) ) ;
#9736 = DIRECTION ( 'NONE',  ( 1.000000000000000000, 0.000000000000000000, 0.000000000000000000 ) ) ;
#9737 = DIRECTION ( 'NONE',  ( 0.000000000000000000, -1.000000000000000000, 0.000000000000000000 ) ) ;
#9738 = CARTESIAN_POINT ( 'NONE',  ( 13.30418104314404104, 17.30000000000000071, -17.14902511909254912 ) ) ;
#9739 = CARTESIAN_POINT ( 'NONE',  ( 10.02546285723200015, 4.000000000000000000, -17.32499999999999929 ) ) ;
#9740 = LINE ( 'NONE', #4399, #9053 ) ;
#9741 = AXIS2_PLACEMENT_3D ( 'NONE', #6499, #6733, #8427 ) ;
#9742 = VECTOR ( 'NONE', #6529, 1000.000000000000000 ) ;
#9743 = ORIENTED_EDGE ( 'NONE', *, *, #2826, .F. ) ;
#9744 = CARTESIAN_POINT ( 'NONE',  ( 1.691207820469998513, 4.550895696613996400, -13.67662333677998454 ) ) ;
#9745 = DIRECTION ( 'NONE',  ( 0.000000000000000000, -1.000000000000000000, 0.000000000000000000 ) ) ;
#9746 = VECTOR ( 'NONE', #11392, 1000.000000000000114 ) ;
#9747 = VECTOR ( 'NONE', #1240, 1000.000000000000000 ) ;
#9748 = CARTESIAN_POINT ( 'NONE',  ( 13.30453261478733396, 17.10000000000000142, -17.14857225172271882 ) ) ;
#9749 = CARTESIAN_POINT ( 'NONE',  ( 8.519641148791000873, 17.30000000000000071, -17.64999999999999858 ) ) ;
#9750 = FACE_OUTER_BOUND ( 'NONE', #8500, .T. ) ;
#9751 = EDGE_LOOP ( 'NONE', ( #2228, #10110, #4008, #2450, #6718, #11239, #3149, #10182, #4889, #5882 ) ) ;
#9752 = CARTESIAN_POINT ( 'NONE',  ( 15.36017067444104889, 17.10000000000000142, -16.76448470581724948 ) ) ;
#9753 = CARTESIAN_POINT ( 'NONE',  ( 1.880462857232000129, 17.06999999999999673, -0.2300000000000000100 ) ) ;
#9754 = ORIENTED_EDGE ( 'NONE', *, *, #4119, .F. ) ;
#9755 = CIRCLE ( 'NONE', #8641, 1.210040583880999332 ) ;
#9756 = DIRECTION ( 'NONE',  ( 0.000000000000000000, 1.000000000000000000, 0.000000000000000000 ) ) ;
#9757 = DIRECTION ( 'NONE',  ( 0.000000000000000000, 0.000000000000000000, -1.000000000000000000 ) ) ;
#9758 = DIRECTION ( 'NONE',  ( -1.000000000000000000, 0.000000000000000000, 0.000000000000000000 ) ) ;
#9759 = DIRECTION ( 'NONE',  ( 0.000000000000000000, -1.000000000000000000, 0.000000000000000000 ) ) ;
#9760 = DIRECTION ( 'NONE',  ( 0.000000000000000000, 1.000000000000000000, 0.000000000000000000 ) ) ;
#9761 = ORIENTED_EDGE ( 'NONE', *, *, #7644, .T. ) ;
#9762 = CARTESIAN_POINT ( 'NONE',  ( 17.73046285723199844, 10.65000000000000036, -21.25000000000000000 ) ) ;
#9763 = FACE_OUTER_BOUND ( 'NONE', #6303, .T. ) ;
#9764 = VERTEX_POINT ( 'NONE', #111 ) ;
#9765 = CIRCLE ( 'NONE', #4715, 1.574999999999999289 ) ;
#9766 = LINE ( 'NONE', #9701, #2854 ) ;
#9767 = LINE ( 'NONE', #11512, #8267 ) ;
#9768 = ORIENTED_EDGE ( 'NONE', *, *, #9243, .F. ) ;
#9769 = AXIS2_PLACEMENT_3D ( 'NONE', #3463, #80, #9757 ) ;
#9770 = VERTEX_POINT ( 'NONE', #9212 ) ;
#9771 = ORIENTED_EDGE ( 'NONE', *, *, #5645, .T. ) ;
#9772 = CIRCLE ( 'NONE', #3037, 0.1400000000000003741 ) ;
#9773 = ORIENTED_EDGE ( 'NONE', *, *, #7930, .T. ) ;
#9774 = VECTOR ( 'NONE', #418, 1000.000000000000000 ) ;
#9775 = CARTESIAN_POINT ( 'NONE',  ( 2.345180392427999916, 4.000000000000000000, -10.55156197015999986 ) ) ;
#9776 = CARTESIAN_POINT ( 'NONE',  ( 2.360422273350999856, 4.000000000000000000, -12.34004058388099878 ) ) ;
#9777 = EDGE_CURVE ( 'NONE', #4178, #2383, #7506, .T. ) ;
#9778 = DIRECTION ( 'NONE',  ( 0.000000000000000000, -1.000000000000000000, 0.000000000000000000 ) ) ;
#9779 = ADVANCED_FACE ( 'NONE', ( #9276 ), #1181, .F. ) ;
#9780 = VECTOR ( 'NONE', #7218, 1000.000000000000000 ) ;
#9781 = DIRECTION ( 'NONE',  ( 0.000000000000000000, 0.000000000000000000, 1.000000000000000000 ) ) ;
#9782 = ORIENTED_EDGE ( 'NONE', *, *, #465, .T. ) ;
#9783 = AXIS2_PLACEMENT_3D ( 'NONE', #7486, #10948, #2096 ) ;
#9784 = AXIS2_PLACEMENT_3D ( 'NONE', #4130, #11049, #2257 ) ;
#9785 = EDGE_CURVE ( 'NONE', #6457, #2446, #4757, .T. ) ;
#9786 = CARTESIAN_POINT ( 'NONE',  ( 7.517750422785000275, 4.500000000000000000, -0.2500000000000000000 ) ) ;
#9787 = ORIENTED_EDGE ( 'NONE', *, *, #2958, .F. ) ;
#9788 = ORIENTED_EDGE ( 'NONE', *, *, #4569, .T. ) ;
#9789 = TOROIDAL_SURFACE ( 'NONE', #4741, 1.474999999999999867, 0.1000000000000000056 ) ;
#9790 = ADVANCED_FACE ( 'NONE', ( #3735 ), #164, .T. ) ;
#9791 = AXIS2_PLACEMENT_3D ( 'NONE', #6298, #2070, #3815 ) ;
#9792 = LINE ( 'NONE', #10272, #1399 ) ;
#9793 = VECTOR ( 'NONE', #10216, 1000.000000000000000 ) ;
#9794 = CARTESIAN_POINT ( 'NONE',  ( 3.750462857232000236, 4.000000000000000000, -14.75000000000000000 ) ) ;
#9795 = LINE ( 'NONE', #11594, #6158 ) ;
#9796 = ORIENTED_EDGE ( 'NONE', *, *, #9726, .T. ) ;
#9797 = DIRECTION ( 'NONE',  ( -0.1961161351382035567, 0.9805806756909162258, 0.000000000000000000 ) ) ;
#9798 = EDGE_CURVE ( 'NONE', #11331, #11153, #10077, .T. ) ;
#9799 = EDGE_CURVE ( 'NONE', #5558, #2402, #3802, .T. ) ;
#9800 = CARTESIAN_POINT ( 'NONE',  ( 9.435797106966900216, 17.10000000000000142, -16.57910867929499688 ) ) ;
#9801 = CARTESIAN_POINT ( 'NONE',  ( 8.113652288661000966, 17.30000000000000071, -15.86364902853999759 ) ) ;
#9802 = EDGE_CURVE ( 'NONE', #4234, #5760, #1057, .T. ) ;
#9803 = FACE_OUTER_BOUND ( 'NONE', #68, .T. ) ;
#9804 = LINE ( 'NONE', #2172, #11456 ) ;
#9805 = ORIENTED_EDGE ( 'NONE', *, *, #8071, .F. ) ;
#9806 = EDGE_CURVE ( 'NONE', #4503, #4602, #1496, .T. ) ;
#9807 = CARTESIAN_POINT ( 'NONE',  ( 1.506102724332999854, 4.298754385394003563, -13.86996359994899031 ) ) ;
#9808 = DIRECTION ( 'NONE',  ( 0.000000000000000000, -1.000000000000000000, 0.000000000000000000 ) ) ;
#9809 = ADVANCED_FACE ( 'NONE', ( #7260 ), #9040, .T. ) ;
#9810 = CARTESIAN_POINT ( 'NONE',  ( 3.750462857232000236, 3.700000000000000178, -12.36784087202799931 ) ) ;
#9811 = DIRECTION ( 'NONE',  ( 1.000000000000000000, 0.000000000000000000, 0.000000000000000000 ) ) ;
#9812 = CARTESIAN_POINT ( 'NONE',  ( 13.83546285723200064, 0.5000000000000000000, -19.51500000000000057 ) ) ;
#9813 = EDGE_LOOP ( 'NONE', ( #1323, #1857, #10330, #2688, #6091, #2174, #3977, #9188 ) ) ;
#9814 = LINE ( 'NONE', #1774, #11106 ) ;
#9815 = CARTESIAN_POINT ( 'NONE',  ( 17.58046285723199986, 17.30000000000000071, -21.25000000000000000 ) ) ;
#9816 = EDGE_LOOP ( 'NONE', ( #5566, #3153, #5380, #7553, #10136, #3172 ) ) ;
#9817 = PLANE ( 'NONE',  #7140 ) ;
#9818 = CARTESIAN_POINT ( 'NONE',  ( 15.99546285723199901, 0.000000000000000000, -6.490000000000000213 ) ) ;
#9819 = FACE_OUTER_BOUND ( 'NONE', #941, .T. ) ;
#9820 = DIRECTION ( 'NONE',  ( 0.000000000000000000, -1.000000000000000000, 0.000000000000000000 ) ) ;
#9821 = CARTESIAN_POINT ( 'NONE',  ( 38.88789085723199435, 17.06999999999999673, -0.2300000000000000100 ) ) ;
#9822 = ORIENTED_EDGE ( 'NONE', *, *, #2018, .F. ) ;
#9823 = CARTESIAN_POINT ( 'NONE',  ( 15.84888881419600004, 17.30000000000000071, -16.78286904096600196 ) ) ;
#9824 = DIRECTION ( 'NONE',  ( 0.000000000000000000, 1.001443016868999943E-13, 1.000000000000000000 ) ) ;
#9825 = ORIENTED_EDGE ( 'NONE', *, *, #6023, .T. ) ;
#9826 = CARTESIAN_POINT ( 'NONE',  ( 1.880462857232000129, 17.30000000000000071, -0.2300000000000000100 ) ) ;
#9827 = VERTEX_POINT ( 'NONE', #9970 ) ;
#9828 = ORIENTED_EDGE ( 'NONE', *, *, #4698, .F. ) ;
#9829 = EDGE_LOOP ( 'NONE', ( #6444, #681, #8849, #5148 ) ) ;
#9830 = ORIENTED_EDGE ( 'NONE', *, *, #11006, .F. ) ;
#9831 = CARTESIAN_POINT ( 'NONE',  ( 7.585462857231999756, 5.890000000000000568, -9.799999999999998934 ) ) ;
#9832 = CARTESIAN_POINT ( 'NONE',  ( 6.215462857231999649, 4.000000000000000000, -19.86500000000000199 ) ) ;
#9833 = FACE_OUTER_BOUND ( 'NONE', #2828, .T. ) ;
#9834 = CARTESIAN_POINT ( 'NONE',  ( 10.47546285723199944, 4.000000000000000000, -16.97500000000000142 ) ) ;
#9835 = ORIENTED_EDGE ( 'NONE', *, *, #2421, .T. ) ;
#9836 = LINE ( 'NONE', #9669, #2452 ) ;
#9837 = VERTEX_POINT ( 'NONE', #7443 ) ;
#9838 = ORIENTED_EDGE ( 'NONE', *, *, #10060, .F. ) ;
#9839 = EDGE_CURVE ( 'NONE', #6874, #6453, #4625, .T. ) ;
#9840 = EDGE_CURVE ( 'NONE', #5868, #6092, #9498, .T. ) ;
#9841 = VERTEX_POINT ( 'NONE', #10253 ) ;
#9842 = CARTESIAN_POINT ( 'NONE',  ( 13.46546285723199965, 6.400000000000000355, -0.2000000000000000111 ) ) ;
#9843 = LINE ( 'NONE', #7205, #8836 ) ;
#9844 = CARTESIAN_POINT ( 'NONE',  ( 5.395462857232000253, 0.5000000000000000000, -17.32499999999999929 ) ) ;
#9845 = DIRECTION ( 'NONE',  ( 0.000000000000000000, 1.000000000000000000, 0.000000000000000000 ) ) ;
#9846 = VERTEX_POINT ( 'NONE', #2394 ) ;
#9847 = CARTESIAN_POINT ( 'NONE',  ( 3.265462857231999916, 7.115000000000000213, -0.2500000000000000000 ) ) ;
#9848 = CARTESIAN_POINT ( 'NONE',  ( 13.01546285723199858, 4.000000000000000000, -17.32499999999999929 ) ) ;
#9849 = DIRECTION ( 'NONE',  ( 0.000000000000000000, 1.000000000000000000, 0.000000000000000000 ) ) ;
#9850 = ADVANCED_FACE ( 'NONE', ( #11135 ), #793, .T. ) ;
#9851 = LINE ( 'NONE', #9101, #411 ) ;
#9852 = EDGE_CURVE ( 'NONE', #8157, #3072, #9390, .T. ) ;
#9853 = ORIENTED_EDGE ( 'NONE', *, *, #2767, .F. ) ;
#9854 = ORIENTED_EDGE ( 'NONE', *, *, #416, .F. ) ;
#9855 = EDGE_CURVE ( 'NONE', #8006, #10076, #6866, .T. ) ;
#9856 = EDGE_CURVE ( 'NONE', #10480, #11213, #4984, .T. ) ;
#9857 = CARTESIAN_POINT ( 'NONE',  ( 1.506102724333003184, 4.324939296194997951, -13.78371011175100591 ) ) ;
#9858 = DIRECTION ( 'NONE',  ( -0.06374322529215131761, 0.000000000000000000, 0.9979663327133606598 ) ) ;
#9859 = DIRECTION ( 'NONE',  ( -0.9874809300343374563, 0.000000000000000000, -0.1577384316472046910 ) ) ;
#9860 = EDGE_CURVE ( 'NONE', #2245, #7201, #5620, .T. ) ;
#9861 = DIRECTION ( 'NONE',  ( 0.000000000000000000, -1.000000000000000000, 0.000000000000000000 ) ) ;
#9862 = CARTESIAN_POINT ( 'NONE',  ( 14.28546285723199993, 4.000000000000000000, -19.51500000000000057 ) ) ;
#9863 = ORIENTED_EDGE ( 'NONE', *, *, #982, .T. ) ;
#9864 = CARTESIAN_POINT ( 'NONE',  ( 14.78046285723200093, 3.600000000000000089, -4.750000000000000000 ) ) ;
#9865 = DIRECTION ( 'NONE',  ( 0.000000000000000000, -1.000000000000000000, 0.000000000000000000 ) ) ;
#9866 = VERTEX_POINT ( 'NONE', #5979 ) ;
#9867 = DIRECTION ( 'NONE',  ( -0.000000000000000000, 1.000000000000000000, 0.000000000000000000 ) ) ;
#9868 = EDGE_CURVE ( 'NONE', #8622, #5802, #474, .T. ) ;
#9869 = EDGE_CURVE ( 'NONE', #6809, #10016, #6754, .T. ) ;
#9870 = ORIENTED_EDGE ( 'NONE', *, *, #1205, .F. ) ;
#9871 = DIRECTION ( 'NONE',  ( -0.9979663327133606598, 0.000000000000000000, -0.06374322529215104005 ) ) ;
#9872 = DIRECTION ( 'NONE',  ( -0.06374322529214807020, 0.000000000000000000, -0.9979663327133608819 ) ) ;
#9873 = LINE ( 'NONE', #1829, #1482 ) ;
#9874 = PLANE ( 'NONE',  #6144 ) ;
#9875 = EDGE_LOOP ( 'NONE', ( #9015, #7289, #6358, #9718 ) ) ;
#9876 = CARTESIAN_POINT ( 'NONE',  ( 4.350462857232000324, 3.600000000000000089, -14.75000000000000000 ) ) ;
#9877 = DIRECTION ( 'NONE',  ( -0.9874809300343372342, 0.000000000000000000, -0.1577384316472059955 ) ) ;
#9878 = VERTEX_POINT ( 'NONE', #1292 ) ;
#9879 = DIRECTION ( 'NONE',  ( 0.000000000000000000, -1.000000000000000000, 0.000000000000000000 ) ) ;
#9880 = LINE ( 'NONE', #8121, #5677 ) ;
#9881 = ORIENTED_EDGE ( 'NONE', *, *, #8788, .T. ) ;
#9882 = ORIENTED_EDGE ( 'NONE', *, *, #6448, .F. ) ;
#9883 = CARTESIAN_POINT ( 'NONE',  ( 13.83546285723200064, 4.000000000000000000, -19.86500000000000199 ) ) ;
#9884 = DIRECTION ( 'NONE',  ( 0.000000000000000000, 0.000000000000000000, 1.000000000000000000 ) ) ;
#9885 = CARTESIAN_POINT ( 'NONE',  ( 17.66715801717102252, 0.4834837260100097733, -13.76581650184399130 ) ) ;
#9886 = VECTOR ( 'NONE', #3946, 1000.000000000000000 ) ;
#9887 = LINE ( 'NONE', #9022, #9354 ) ;
#9888 = ORIENTED_EDGE ( 'NONE', *, *, #5074, .F. ) ;
#9889 = LINE ( 'NONE', #2622, #1701 ) ;
#9890 = ORIENTED_EDGE ( 'NONE', *, *, #10446, .T. ) ;
#9891 = VECTOR ( 'NONE', #4023, 1000.000000000000000 ) ;
#9892 = ORIENTED_EDGE ( 'NONE', *, *, #8207, .F. ) ;
#9893 = EDGE_LOOP ( 'NONE', ( #11503, #799, #4902, #4749 ) ) ;
#9894 = AXIS2_PLACEMENT_3D ( 'NONE', #1725, #2502, #8824 ) ;
#9895 = ORIENTED_EDGE ( 'NONE', *, *, #3075, .F. ) ;
#9896 = FACE_OUTER_BOUND ( 'NONE', #4971, .T. ) ;
#9897 = ORIENTED_EDGE ( 'NONE', *, *, #10083, .F. ) ;
#9898 = DIRECTION ( 'NONE',  ( -0.9874809300343374563, 0.000000000000000000, 0.1577384316472053571 ) ) ;
#9899 = DIRECTION ( 'NONE',  ( -1.000000000000000000, 0.000000000000000000, 0.000000000000000000 ) ) ;
#9900 = CIRCLE ( 'NONE', #11384, 0.09999999999999939493 ) ;
#9901 = FACE_OUTER_BOUND ( 'NONE', #5798, .T. ) ;
#9902 = VERTEX_POINT ( 'NONE', #6695 ) ;
#9903 = CARTESIAN_POINT ( 'NONE',  ( 4.232923677182999889, 0.5000000000000000000, -12.26290869432999919 ) ) ;
#9904 = CIRCLE ( 'NONE', #554, 0.1999999999999996503 ) ;
#9905 = CARTESIAN_POINT ( 'NONE',  ( 15.56546285723199929, 14.75000000000000000, 0.000000000000000000 ) ) ;
#9906 = DIRECTION ( 'NONE',  ( 0.000000000000000000, 1.000000000000000000, 0.000000000000000000 ) ) ;
#9907 = FACE_OUTER_BOUND ( 'NONE', #9339, .T. ) ;
#9908 = VERTEX_POINT ( 'NONE', #4157 ) ;
#9909 = CIRCLE ( 'NONE', #8216, 1.474999999999999867 ) ;
#9910 = ORIENTED_EDGE ( 'NONE', *, *, #11149, .F. ) ;
#9911 = CIRCLE ( 'NONE', #10294, 0.09999999999999956146 ) ;
#9912 = CARTESIAN_POINT ( 'NONE',  ( 14.64471057628099970, 17.30000000000000071, -17.29456826448399909 ) ) ;
#9913 = EDGE_CURVE ( 'NONE', #5784, #8334, #11248, .T. ) ;
#9914 = CARTESIAN_POINT ( 'NONE',  ( 3.750462857232000236, 3.700000000000000178, -12.36784087202799931 ) ) ;
#9915 = ADVANCED_FACE ( 'NONE', ( #11509 ), #6818, .F. ) ;
#9916 = PLANE ( 'NONE',  #5436 ) ;
#9917 = CYLINDRICAL_SURFACE ( 'NONE', #2785, 0.1999999999999996503 ) ;
#9918 = FACE_OUTER_BOUND ( 'NONE', #5364, .T. ) ;
#9919 = VERTEX_POINT ( 'NONE', #521 ) ;
#9920 = VECTOR ( 'NONE', #6545, 1000.000000000000000 ) ;
#9921 = TOROIDAL_SURFACE ( 'NONE', #11411, 1.310040583880999865, 0.1000000000000000056 ) ;
#9922 = DIRECTION ( 'NONE',  ( 0.1577384316472059955, 0.000000000000000000, -0.9874809300343372342 ) ) ;
#9923 = ADVANCED_FACE ( 'NONE', ( #2344 ), #4933, .F. ) ;
#9924 = DIRECTION ( 'NONE',  ( 0.000000000000000000, 0.000000000000000000, -1.000000000000000000 ) ) ;
#9925 = VERTEX_POINT ( 'NONE', #4870 ) ;
#9926 = CARTESIAN_POINT ( 'NONE',  ( 3.465462857232000093, 7.115000000000000213, 0.000000000000000000 ) ) ;
#9927 = EDGE_CURVE ( 'NONE', #8433, #6266, #8451, .T. ) ;
#9928 = EDGE_CURVE ( 'NONE', #9908, #9457, #4872, .T. ) ;
#9929 = ORIENTED_EDGE ( 'NONE', *, *, #4337, .T. ) ;
#9930 = CARTESIAN_POINT ( 'NONE',  ( 3.667798670551999596, 0.5000000000000000000, -12.25653437180100092 ) ) ;
#9931 = DIRECTION ( 'NONE',  ( 0.000000000000000000, 0.000000000000000000, -1.000000000000000000 ) ) ;
#9932 = CIRCLE ( 'NONE', #11051, 0.1000000000000004358 ) ;
#9933 = VECTOR ( 'NONE', #4873, 1000.000000000000000 ) ;
#9934 = CARTESIAN_POINT ( 'NONE',  ( 7.485462857232000111, 4.000000000000000000, -17.32499999999999929 ) ) ;
#9935 = CARTESIAN_POINT ( 'NONE',  ( 1.850462857232000102, 0.5999999999999999778, -14.47000000000000064 ) ) ;
#9936 = ORIENTED_EDGE ( 'NONE', *, *, #11579, .T. ) ;
#9937 = DIRECTION ( 'NONE',  ( 0.000000000000000000, 1.000000000000000000, 0.000000000000000000 ) ) ;
#9938 = FACE_OUTER_BOUND ( 'NONE', #401, .T. ) ;
#9939 = VERTEX_POINT ( 'NONE', #8560 ) ;
#9940 = DIRECTION ( 'NONE',  ( 0.000000000000000000, -1.000000000000000000, 0.000000000000000000 ) ) ;
#9941 = EDGE_CURVE ( 'NONE', #5435, #4045, #1459, .T. ) ;
#9942 = EDGE_CURVE ( 'NONE', #11347, #7976, #1356, .T. ) ;
#9943 = EDGE_CURVE ( 'NONE', #5020, #1928, #7747, .T. ) ;
#9944 = CARTESIAN_POINT ( 'NONE',  ( 1.682554385000189834, 4.032066490384896618, -0.1119195005164807383 ) ) ;
#9945 = VECTOR ( 'NONE', #11522, 1000.000000000000000 ) ;
#9946 = VERTEX_POINT ( 'NONE', #11307 ) ;
#9947 = EDGE_LOOP ( 'NONE', ( #7306, #1051, #10018, #8466, #10640, #7734 ) ) ;
#9948 = CARTESIAN_POINT ( 'NONE',  ( 13.37771886561900025, 17.30000000000000071, -17.62089132070499531 ) ) ;
#9949 = EDGE_CURVE ( 'NONE', #2726, #10833, #4480, .T. ) ;
#9950 = DIRECTION ( 'NONE',  ( -8.676233362280000856E-13, -1.000000000000000000, -1.380482874840999957E-13 ) ) ;
#9951 = CARTESIAN_POINT ( 'NONE',  ( 17.76079236082698998, 0.8558526529850012388, -14.07578860998699888 ) ) ;
#9952 = CARTESIAN_POINT ( 'NONE',  ( 15.56546285723199929, 14.55000000000000071, 0.000000000000000000 ) ) ;
#9953 = ORIENTED_EDGE ( 'NONE', *, *, #2746, .F. ) ;
#9954 = CIRCLE ( 'NONE', #7897, 1.474999999999998979 ) ;
#9955 = FACE_OUTER_BOUND ( 'NONE', #6178, .T. ) ;
#9956 = CIRCLE ( 'NONE', #6406, 0.5000000000000000000 ) ;
#9957 = CIRCLE ( 'NONE', #9221, 0.1399999999999995137 ) ;
#9958 = ORIENTED_EDGE ( 'NONE', *, *, #3203, .F. ) ;
#9959 = ORIENTED_EDGE ( 'NONE', *, *, #5260, .F. ) ;
#9960 = ORIENTED_EDGE ( 'NONE', *, *, #11551, .T. ) ;
#9961 = ORIENTED_EDGE ( 'NONE', *, *, #8557, .F. ) ;
#9962 = DIRECTION ( 'NONE',  ( 0.000000000000000000, -1.000000000000000000, 0.000000000000000000 ) ) ;
#9964 = DIRECTION ( 'NONE',  ( 0.000000000000000000, 0.000000000000000000, -1.000000000000000000 ) ) ;
#9963 = CIRCLE ( 'NONE', #7339, 0.09999999999999999167 ) ;
#9965 = CARTESIAN_POINT ( 'NONE',  ( 15.09779867055200064, 0.5000000000000000000, -12.25653437180100092 ) ) ;
#9966 = VECTOR ( 'NONE', #4229, 1000.000000000000000 ) ;
#9967 = AXIS2_PLACEMENT_3D ( 'NONE', #524, #5932, #1463 ) ;
#9968 = FACE_OUTER_BOUND ( 'NONE', #8976, .T. ) ;
#9969 = VERTEX_POINT ( 'NONE', #1784 ) ;
#9970 = CARTESIAN_POINT ( 'NONE',  ( 14.64471057628099970, 17.10000000000000142, -16.30027856230699612 ) ) ;
#9971 = CARTESIAN_POINT ( 'NONE',  ( 6.166437780604000274, 17.10000000000000142, -17.64999999999999858 ) ) ;
#9972 = VECTOR ( 'NONE', #7448, 1000.000000000000227 ) ;
#9973 = CARTESIAN_POINT ( 'NONE',  ( 15.36017068599200108, 17.30000000000000071, -16.98816152811100011 ) ) ;
#9974 = CARTESIAN_POINT ( 'NONE',  ( 11.64546285723199937, 4.750000000000000000, 0.000000000000000000 ) ) ;
#9975 = VECTOR ( 'NONE', #11462, 1000.000000000000000 ) ;
#9976 = ORIENTED_EDGE ( 'NONE', *, *, #3846, .T. ) ;
#9977 = ORIENTED_EDGE ( 'NONE', *, *, #2627, .F. ) ;
#9978 = DIRECTION ( 'NONE',  ( -1.000000000000000000, 0.000000000000000000, 0.000000000000000000 ) ) ;
#9979 = AXIS2_PLACEMENT_3D ( 'NONE', #288, #9899, #10140 ) ;
#9980 = DIRECTION ( 'NONE',  ( -0.000000000000000000, 1.000000000000000000, 0.000000000000000000 ) ) ;
#9981 = VECTOR ( 'NONE', #602, 1000.000000000000000 ) ;
#9982 = DIRECTION ( 'NONE',  ( -1.000000000000000000, 0.000000000000000000, 0.000000000000000000 ) ) ;
#9983 = CYLINDRICAL_SURFACE ( 'NONE', #725, 0.09999999999999983902 ) ;
#9984 = LINE ( 'NONE', #6296, #8627 ) ;
#9985 = ORIENTED_EDGE ( 'NONE', *, *, #6595, .T. ) ;
#9986 = DIRECTION ( 'NONE',  ( 0.000000000000000000, 1.000000000000000000, 0.000000000000000000 ) ) ;
#9987 = CARTESIAN_POINT ( 'NONE',  ( 7.585462857231999756, 4.537037037036999898, -0.4500000000000000111 ) ) ;
#9988 = ORIENTED_EDGE ( 'NONE', *, *, #11139, .T. ) ;
#9989 = EDGE_CURVE ( 'NONE', #4968, #8622, #5361, .T. ) ;
#9990 = ADVANCED_FACE ( 'NONE', ( #1900 ), #899, .T. ) ;
#9991 = CARTESIAN_POINT ( 'NONE',  ( 15.48046285723199844, 3.600000000000000089, -4.750000000000000000 ) ) ;
#9992 = VERTEX_POINT ( 'NONE', #8169 ) ;
#9993 = LINE ( 'NONE', #4778, #1165 ) ;
#9994 = DIRECTION ( 'NONE',  ( 0.000000000000000000, 0.000000000000000000, 1.000000000000000000 ) ) ;
#9995 = EDGE_CURVE ( 'NONE', #333, #9553, #7300, .T. ) ;
#9996 = CARTESIAN_POINT ( 'NONE',  ( 11.84546285723200043, 4.549999999999999822, -0.2500000000000000000 ) ) ;
#9997 = DIRECTION ( 'NONE',  ( 0.000000000000000000, 0.000000000000000000, -1.000000000000000000 ) ) ;
#9998 = ORIENTED_EDGE ( 'NONE', *, *, #5791, .T. ) ;
#9999 = DIRECTION ( 'NONE',  ( 0.000000000000000000, 1.000000000000000000, 0.000000000000000000 ) ) ;
#10000 = PLANE ( 'NONE',  #9365 ) ;
#10001 = ORIENTED_EDGE ( 'NONE', *, *, #2048, .F. ) ;
#10002 = CARTESIAN_POINT ( 'NONE',  ( 15.77351746773515018, 17.30000000000000071, -17.32506086830310110 ) ) ;
#10003 = DIRECTION ( 'NONE',  ( -0.6167539700459748753, 0.000000000000000000, 0.7871559822757677738 ) ) ;
#10004 = ORIENTED_EDGE ( 'NONE', *, *, #467, .T. ) ;
#10005 = VECTOR ( 'NONE', #9624, 1000.000000000000000 ) ;
#10006 = ORIENTED_EDGE ( 'NONE', *, *, #980, .F. ) ;
#10007 = CARTESIAN_POINT ( 'NONE',  ( 15.56546285723199929, 14.55000000000000071, 27.70149999999999935 ) ) ;
#10008 = CARTESIAN_POINT ( 'NONE',  ( 11.74546285723200079, 4.000000000000000000, -19.51500000000000057 ) ) ;
#10009 = EDGE_CURVE ( 'NONE', #10959, #3443, #2047, .T. ) ;
#10010 = EDGE_CURVE ( 'NONE', #2687, #5298, #2845, .T. ) ;
#10011 = CARTESIAN_POINT ( 'NONE',  ( 10.47546285723199944, 4.000000000000000000, -16.97500000000000142 ) ) ;
#10012 = CARTESIAN_POINT ( 'NONE',  ( 7.585462857231999756, 4.349999999999999645, -0.2500000000000000000 ) ) ;
#10013 = VERTEX_POINT ( 'NONE', #8060 ) ;
#10014 = DIRECTION ( 'NONE',  ( 0.000000000000000000, -1.000000000000000000, 0.000000000000000000 ) ) ;
#10015 = VERTEX_POINT ( 'NONE', #10806 ) ;
#10016 = VERTEX_POINT ( 'NONE', #1834 ) ;
#10017 = EDGE_LOOP ( 'NONE', ( #6523, #2072, #6017, #6824 ) ) ;
#10018 = ORIENTED_EDGE ( 'NONE', *, *, #5400, .T. ) ;
#10019 = FACE_OUTER_BOUND ( 'NONE', #2258, .T. ) ;
#10020 = CYLINDRICAL_SURFACE ( 'NONE', #4907, 1.210040583880999776 ) ;
#10021 = EDGE_CURVE ( 'NONE', #4648, #4376, #6175, .T. ) ;
#10022 = EDGE_CURVE ( 'NONE', #9595, #9254, #10102, .T. ) ;
#10023 = CARTESIAN_POINT ( 'NONE',  ( 8.113652288661000966, 17.30000000000000071, -17.64999999999999858 ) ) ;
#10024 = DIRECTION ( 'NONE',  ( 0.06374322529215131761, 0.000000000000000000, 0.9979663327133606598 ) ) ;
#10025 = ORIENTED_EDGE ( 'NONE', *, *, #8565, .T. ) ;
#10026 = CARTESIAN_POINT ( 'NONE',  ( 15.64206500035114900, 17.30000000000000071, -17.50445685317540168 ) ) ;
#10027 = LINE ( 'NONE', #65, #603 ) ;
#10028 = PLANE ( 'NONE',  #10518 ) ;
#10029 = ORIENTED_EDGE ( 'NONE', *, *, #9521, .T. ) ;
#10030 = ORIENTED_EDGE ( 'NONE', *, *, #2816, .F. ) ;
#10031 = CYLINDRICAL_SURFACE ( 'NONE', #427, 0.1499999999999999667 ) ;
#10032 = CARTESIAN_POINT ( 'NONE',  ( 13.62744035248599950, 17.10000000000000142, -16.48871840685599821 ) ) ;
#10033 = CARTESIAN_POINT ( 'NONE',  ( 15.33046285723199986, 0.4000000000000000222, -10.80000000000000071 ) ) ;
#10034 = CARTESIAN_POINT ( 'NONE',  ( 10.02546285723200015, 0.5000000000000000000, -17.32499999999999929 ) ) ;
#10035 = CARTESIAN_POINT ( 'NONE',  ( 11.84546285723200043, 5.689999999999999503, -0.2500000000000000000 ) ) ;
#10036 = ORIENTED_EDGE ( 'NONE', *, *, #9452, .F. ) ;
#10037 = DIRECTION ( 'NONE',  ( 1.000000000000000000, 0.000000000000000000, 0.000000000000000000 ) ) ;
#10038 = EDGE_LOOP ( 'NONE', ( #403, #908, #11150, #1811 ) ) ;
#10039 = ORIENTED_EDGE ( 'NONE', *, *, #1191, .T. ) ;
#10040 = DIRECTION ( 'NONE',  ( 0.000000000000000000, 0.000000000000000000, -1.000000000000000000 ) ) ;
#10041 = EDGE_LOOP ( 'NONE', ( #3549, #4921, #6960, #6028 ) ) ;
#10042 = FACE_OUTER_BOUND ( 'NONE', #8247, .T. ) ;
#10043 = CARTESIAN_POINT ( 'NONE',  ( 13.77518039242800185, 4.000000000000000000, -10.55156197015999986 ) ) ;
#10044 = FACE_OUTER_BOUND ( 'NONE', #6741, .T. ) ;
#10045 = CARTESIAN_POINT ( 'NONE',  ( 14.83392427710508166, 3.608083029996333568, -11.72640865913714947 ) ) ;
#10046 = ORIENTED_EDGE ( 'NONE', *, *, #11449, .T. ) ;
#10047 = PLANE ( 'NONE',  #7490 ) ;
#10048 = CARTESIAN_POINT ( 'NONE',  ( 15.21871300115733128, 17.10000000000000142, -16.65417823791500140 ) ) ;
#10049 = ORIENTED_EDGE ( 'NONE', *, *, #3115, .T. ) ;
#10050 = CARTESIAN_POINT ( 'NONE',  ( 9.615462857231998228, 17.10000000000000142, -21.25000000000000000 ) ) ;
#10051 = CARTESIAN_POINT ( 'NONE',  ( 17.58046285723199986, 4.203779418383999378, -13.70113101483899953 ) ) ;
#10052 = ORIENTED_EDGE ( 'NONE', *, *, #8523, .T. ) ;
#10053 = PLANE ( 'NONE',  #7334 ) ;
#10054 = LINE ( 'NONE', #9259, #9891 ) ;
#10055 = CARTESIAN_POINT ( 'NONE',  ( 15.57890088707599929, 4.000000000000000000, -9.244717535199999503 ) ) ;
#10056 = DIRECTION ( 'NONE',  ( 1.000000000000000000, 0.000000000000000000, 0.000000000000000000 ) ) ;
#10057 = DIRECTION ( 'NONE',  ( 1.000000000000000000, 0.000000000000000000, 0.000000000000000000 ) ) ;
#10058 = ORIENTED_EDGE ( 'NONE', *, *, #7346, .F. ) ;
#10059 = EDGE_CURVE ( 'NONE', #9269, #4616, #3353, .T. ) ;
#10060 = EDGE_CURVE ( 'NONE', #10550, #11360, #5309, .T. ) ;
#10061 = CARTESIAN_POINT ( 'NONE',  ( 1.880462857232000129, 17.30000000000000071, -21.01999999999999957 ) ) ;
#10062 = CARTESIAN_POINT ( 'NONE',  ( 17.35046285723199944, 17.06999999999999673, -21.01999999999999957 ) ) ;
#10063 = ORIENTED_EDGE ( 'NONE', *, *, #9077, .T. ) ;
#10064 = ADVANCED_FACE ( 'NONE', ( #7184, #4601, #7123, #4656, #6436, #8234, #8118, #2777 ), #10000, .T. ) ;
#10065 = EDGE_CURVE ( 'NONE', #1793, #3094, #5418, .T. ) ;
#10066 = ORIENTED_EDGE ( 'NONE', *, *, #9437, .T. ) ;
#10067 = ORIENTED_EDGE ( 'NONE', *, *, #7061, .T. ) ;
#10068 = ORIENTED_EDGE ( 'NONE', *, *, #9653, .F. ) ;
#10069 = DIRECTION ( 'NONE',  ( 0.000000000000000000, -1.000000000000000000, 0.000000000000000000 ) ) ;
#10070 = AXIS2_PLACEMENT_3D ( 'NONE', #2900, #11041, #10224 ) ;
#10071 = PLANE ( 'NONE',  #10519 ) ;
#10072 = ADVANCED_FACE ( 'NONE', ( #9763 ), #8890, .T. ) ;
#10073 = ADVANCED_FACE ( 'NONE', ( #9938 ), #175, .T. ) ;
#10074 = CARTESIAN_POINT ( 'NONE',  ( 3.850462857231999880, 3.600000000000000089, -4.750000000000000000 ) ) ;
#10075 = CARTESIAN_POINT ( 'NONE',  ( 9.615462857231998228, 0.4000000000000000222, -21.25000000000000000 ) ) ;
#10076 = VERTEX_POINT ( 'NONE', #6253 ) ;
#10077 = LINE ( 'NONE', #1114, #367 ) ;
#10078 = FACE_OUTER_BOUND ( 'NONE', #11083, .T. ) ;
#10079 = VECTOR ( 'NONE', #5909, 1000.000000000000000 ) ;
#10080 = CARTESIAN_POINT ( 'NONE',  ( 11.64546285723199937, 4.250000000000000000, 0.000000000000000000 ) ) ;
#10081 = EDGE_CURVE ( 'NONE', #1282, #5375, #4423, .T. ) ;
#10082 = EDGE_CURVE ( 'NONE', #10590, #1282, #7598, .T. ) ;
#10083 = EDGE_CURVE ( 'NONE', #9670, #77, #11497, .T. ) ;
#10084 = DIRECTION ( 'NONE',  ( 0.9874809300343376783, 0.000000000000000000, 0.1577384316472046077 ) ) ;
#10085 = ORIENTED_EDGE ( 'NONE', *, *, #3473, .F. ) ;
#10086 = ORIENTED_EDGE ( 'NONE', *, *, #2748, .F. ) ;
#10087 = VECTOR ( 'NONE', #5496, 1000.000000000000000 ) ;
#10088 = EDGE_CURVE ( 'NONE', #7790, #11331, #6615, .T. ) ;
#10089 = CARTESIAN_POINT ( 'NONE',  ( 10.02546285723200015, 0.5000000000000000000, -16.97500000000000142 ) ) ;
#10090 = VECTOR ( 'NONE', #5632, 1000.000000000000000 ) ;
#10091 = AXIS2_PLACEMENT_3D ( 'NONE', #4701, #298, #7449 ) ;
#10092 = CARTESIAN_POINT ( 'NONE',  ( 10.12546285723199979, 0.000000000000000000, -16.97500000000000142 ) ) ;
#10093 = CARTESIAN_POINT ( 'NONE',  ( 7.226604878649999897, 17.30000000000000071, -17.64999999999999858 ) ) ;
#10094 = LINE ( 'NONE', #1372, #10843 ) ;
#10095 = PLANE ( 'NONE',  #1503 ) ;
#10096 = ORIENTED_EDGE ( 'NONE', *, *, #7010, .T. ) ;
#10097 = ORIENTED_EDGE ( 'NONE', *, *, #6561, .F. ) ;
#10098 = FILL_AREA_STYLE ('',( #8289 ) ) ;
#10099 = CIRCLE ( 'NONE', #364, 0.09999999999999954758 ) ;
#10100 = CARTESIAN_POINT ( 'NONE',  ( 14.16671680186699867, 17.30000000000000071, -15.45000000000000107 ) ) ;
#10101 = VECTOR ( 'NONE', #7960, 1000.000000000000000 ) ;
#10102 = CIRCLE ( 'NONE', #3724, 0.09999999999999956146 ) ;
#10103 = ORIENTED_EDGE ( 'NONE', *, *, #1810, .T. ) ;
#10104 = DIRECTION ( 'NONE',  ( -5.684340612607000024E-14, -1.000000000000000000, -8.759974908356999957E-13 ) ) ;
#10105 = EDGE_LOOP ( 'NONE', ( #7255, #1010, #3853, #5633, #847, #3722 ) ) ;
#10106 = CARTESIAN_POINT ( 'NONE',  ( 7.510267421872000249, 4.506599386491999759, -0.2856366870600014485 ) ) ;
#10107 = CYLINDRICAL_SURFACE ( 'NONE', #10651, 0.1000000000000002692 ) ;
#10108 = VECTOR ( 'NONE', #11590, 1000.000000000000000 ) ;
#10109 = LINE ( 'NONE', #7535, #8187 ) ;
#10110 = ORIENTED_EDGE ( 'NONE', *, *, #1191, .F. ) ;
#10111 = CIRCLE ( 'NONE', #10661, 0.1499999999999999667 ) ;
#10112 = CARTESIAN_POINT ( 'NONE',  ( 15.33046285723199986, 0.5000000000000000000, -10.80000000000000071 ) ) ;
#10113 = CARTESIAN_POINT ( 'NONE',  ( 15.56546285723199929, 7.649999999999999467, -0.4500000000000000111 ) ) ;
#10114 = ORIENTED_EDGE ( 'NONE', *, *, #5934, .T. ) ;
#10115 = CARTESIAN_POINT ( 'NONE',  ( 8.855462857232000218, 0.000000000000000000, -19.51500000000000057 ) ) ;
#10116 = CARTESIAN_POINT ( 'NONE',  ( 1.661581162981019322, 4.011124453329300010, -0.1587598244392671998 ) ) ;
#10117 = ORIENTED_EDGE ( 'NONE', *, *, #6729, .T. ) ;
#10118 = VECTOR ( 'NONE', #4001, 1000.000000000000000 ) ;
#10119 = AXIS2_PLACEMENT_3D ( 'NONE', #1804, #935, #11484 ) ;
#10120 = LINE ( 'NONE', #453, #8462 ) ;
#10121 = CARTESIAN_POINT ( 'NONE',  ( 12.61170228694399853, 17.30000000000000071, -15.45000000000000107 ) ) ;
#10122 = CARTESIAN_POINT ( 'NONE',  ( 5.356997229032999464, 0.5000000000000000000, -11.03266418667999993 ) ) ;
#10123 = CARTESIAN_POINT ( 'NONE',  ( 4.450462857231999081, 3.600000000000000089, -4.750000000000000000 ) ) ;
#10124 = DIRECTION ( 'NONE',  ( -1.000000000000000000, 0.000000000000000000, 0.000000000000000000 ) ) ;
#10125 = ORIENTED_EDGE ( 'NONE', *, *, #4865, .F. ) ;
#10126 = VECTOR ( 'NONE', #235, 1000.000000000000000 ) ;
#10127 = LINE ( 'NONE', #1166, #787 ) ;
#10128 = DIRECTION ( 'NONE',  ( 1.000000000000000000, 0.000000000000000000, 0.000000000000000000 ) ) ;
#10129 = EDGE_LOOP ( 'NONE', ( #9030, #9422, #4922, #7069 ) ) ;
#10130 = ORIENTED_EDGE ( 'NONE', *, *, #3843, .T. ) ;
#10131 = VERTEX_POINT ( 'NONE', #6546 ) ;
#10132 = ORIENTED_EDGE ( 'NONE', *, *, #754, .T. ) ;
#10133 = EDGE_CURVE ( 'NONE', #3400, #5906, #8483, .T. ) ;
#10134 = CARTESIAN_POINT ( 'NONE',  ( 3.465462857232000093, 7.315000000000000391, 0.000000000000000000 ) ) ;
#10135 = EDGE_CURVE ( 'NONE', #9505, #10200, #2011, .T. ) ;
#10136 = ORIENTED_EDGE ( 'NONE', *, *, #1704, .T. ) ;
#10137 = CARTESIAN_POINT ( 'NONE',  ( 3.665462857232000271, 9.679999999999999716, -0.4500000000000000111 ) ) ;
#10138 = VECTOR ( 'NONE', #7144, 1000.000000000000000 ) ;
#10139 = AXIS2_PLACEMENT_3D ( 'NONE', #10404, #723, #10354 ) ;
#10140 = DIRECTION ( 'NONE',  ( 0.000000000000000000, 0.000000000000000000, 1.000000000000000000 ) ) ;
#10141 = EDGE_CURVE ( 'NONE', #90, #10683, #2194, .T. ) ;
#10142 = CARTESIAN_POINT ( 'NONE',  ( 14.18546285723200029, 0.000000000000000000, -19.51500000000000057 ) ) ;
#10143 = ORIENTED_EDGE ( 'NONE', *, *, #6337, .F. ) ;
#10144 = CARTESIAN_POINT ( 'NONE',  ( 5.688443350538999965, 17.30000000000000071, -17.64999999999999858 ) ) ;
#10145 = CARTESIAN_POINT ( 'NONE',  ( 1.650462857231999925, 0.7900000002660000353, -14.14886898516100011 ) ) ;
#10146 = VECTOR ( 'NONE', #10167, 1000.000000000000000 ) ;
#10147 = CARTESIAN_POINT ( 'NONE',  ( 14.82559894108602450, 3.615271825218443702, -9.886849333538997087 ) ) ;
#10148 = ORIENTED_EDGE ( 'NONE', *, *, #4928, .F. ) ;
#10149 = AXIS2_PLACEMENT_3D ( 'NONE', #9347, #2946, #10925 ) ;
#10150 = ORIENTED_EDGE ( 'NONE', *, *, #1183, .F. ) ;
#10151 = VECTOR ( 'NONE', #7927, 1000.000000000000000 ) ;
#10152 = VECTOR ( 'NONE', #4555, 1000.000000000000000 ) ;
#10153 = DIRECTION ( 'NONE',  ( 0.000000000000000000, 0.000000000000000000, 1.000000000000000000 ) ) ;
#10154 = EDGE_CURVE ( 'NONE', #5000, #8902, #9184, .T. ) ;
#10155 = EDGE_CURVE ( 'NONE', #11344, #4462, #7689, .T. ) ;
#10156 = EDGE_CURVE ( 'NONE', #6635, #3268, #8358, .T. ) ;
#10157 = DIRECTION ( 'NONE',  ( 0.000000000000000000, 1.000000000000000000, 0.000000000000000000 ) ) ;
#10158 = AXIS2_PLACEMENT_3D ( 'NONE', #11191, #11143, #6764 ) ;
#10159 = DIRECTION ( 'NONE',  ( 0.000000000000000000, -1.000000000000000000, 0.000000000000000000 ) ) ;
#10160 = CARTESIAN_POINT ( 'NONE',  ( 17.66715801717102252, 4.110726935066996823, -14.16538525915199287 ) ) ;
#10161 = DIRECTION ( 'NONE',  ( -0.1577384316472046910, 0.000000000000000000, -0.9874809300343374563 ) ) ;
#10162 = ORIENTED_EDGE ( 'NONE', *, *, #11489, .T. ) ;
#10163 = AXIS2_PLACEMENT_3D ( 'NONE', #6225, #10730, #5615 ) ;
#10164 = CARTESIAN_POINT ( 'NONE',  ( 5.665462857231998939, 6.400000000000000355, -0.2500000000000000000 ) ) ;
#10165 = CYLINDRICAL_SURFACE ( 'NONE', #6441, 0.09999999999999939493 ) ;
#10166 = ORIENTED_EDGE ( 'NONE', *, *, #3983, .T. ) ;
#10167 = DIRECTION ( 'NONE',  ( 0.000000000000000000, 1.000000000000000000, 0.000000000000000000 ) ) ;
#10168 = AXIS2_PLACEMENT_3D ( 'NONE', #9965, #1931, #7741 ) ;
#10169 = VERTEX_POINT ( 'NONE', #5776 ) ;
#10170 = PLANE ( 'NONE',  #8656 ) ;
#10171 = AXIS2_PLACEMENT_3D ( 'NONE', #7345, #8158, #127 ) ;
#10172 = PLANE ( 'NONE',  #6163 ) ;
#10173 = VECTOR ( 'NONE', #1377, 1000.000000000000000 ) ;
#10174 = ADVANCED_FACE ( 'NONE', ( #7414 ), #1214, .T. ) ;
#10175 = DIRECTION ( 'NONE',  ( -1.000000000000000000, 0.000000000000000000, 0.000000000000000000 ) ) ;
#10176 = ORIENTED_EDGE ( 'NONE', *, *, #980, .T. ) ;
#10177 = DIRECTION ( 'NONE',  ( 1.000000000000000000, 0.000000000000000000, 0.000000000000000000 ) ) ;
#10178 = CARTESIAN_POINT ( 'NONE',  ( 16.22783201400199715, 7.115000000000000213, 0.000000000000000000 ) ) ;
#10179 = EDGE_LOOP ( 'NONE', ( #6385, #10812, #4278, #10063, #4513, #6658 ) ) ;
#10180 = CARTESIAN_POINT ( 'NONE',  ( 1.691207820469998513, 0.4428837217700055118, -14.02337666322001297 ) ) ;
#10181 = FACE_OUTER_BOUND ( 'NONE', #1945, .T. ) ;
#10182 = ORIENTED_EDGE ( 'NONE', *, *, #3775, .F. ) ;
#10183 = CARTESIAN_POINT ( 'NONE',  ( 15.66292367718299872, 4.000000000000000000, -9.337091305669998675 ) ) ;
#10184 = CARTESIAN_POINT ( 'NONE',  ( 13.62744031388522181, 17.30000000000000071, -16.48871836825500381 ) ) ;
#10185 = DIRECTION ( 'NONE',  ( 1.393170980500999992E-13, -1.000000000000000000, 8.673694738343999964E-13 ) ) ;
#10186 = DIRECTION ( 'NONE',  ( 0.000000000000000000, -1.000000000000000000, 0.000000000000000000 ) ) ;
#10187 = CARTESIAN_POINT ( 'NONE',  ( 9.435797106966900216, 17.30000000000000071, -16.70167137384400391 ) ) ;
#10188 = ORIENTED_EDGE ( 'NONE', *, *, #269, .F. ) ;
#10189 = DIRECTION ( 'NONE',  ( 0.000000000000000000, -1.000000000000000000, 0.000000000000000000 ) ) ;
#10190 = FACE_OUTER_BOUND ( 'NONE', #873, .T. ) ;
#10191 = VERTEX_POINT ( 'NONE', #7539 ) ;
#10192 = ORIENTED_EDGE ( 'NONE', *, *, #3682, .T. ) ;
#10193 = ORIENTED_EDGE ( 'NONE', *, *, #9928, .F. ) ;
#10194 = ORIENTED_EDGE ( 'NONE', *, *, #2971, .F. ) ;
#10195 = CARTESIAN_POINT ( 'NONE',  ( 1.500462857232000013, 0.7900000000000000355, -13.70113101483899953 ) ) ;
#10196 = ORIENTED_EDGE ( 'NONE', *, *, #4285, .F. ) ;
#10197 = CARTESIAN_POINT ( 'NONE',  ( 12.61170228694399853, 17.30000000000000071, -17.29456826448399909 ) ) ;
#10198 = DIRECTION ( 'NONE',  ( -1.000000000000000000, 0.000000000000000000, 0.000000000000000000 ) ) ;
#10199 = CARTESIAN_POINT ( 'NONE',  ( 7.385462857231999578, 4.349999999999999645, 27.70149999999999935 ) ) ;
#10200 = VERTEX_POINT ( 'NONE', #3080 ) ;
#10201 = CARTESIAN_POINT ( 'NONE',  ( 12.95641006205999979, 17.30000000000000071, -17.29456826448399909 ) ) ;
#10202 = DIRECTION ( 'NONE',  ( 1.000000000000000000, 0.000000000000000000, 0.000000000000000000 ) ) ;
#10203 = CARTESIAN_POINT ( 'NONE',  ( 3.465462857232000093, 14.55000000000000071, -0.2500000000000000000 ) ) ;
#10204 = ORIENTED_EDGE ( 'NONE', *, *, #6942, .T. ) ;
#10205 = ORIENTED_EDGE ( 'NONE', *, *, #10507, .F. ) ;
#10206 = CARTESIAN_POINT ( 'NONE',  ( 5.356997229032999464, 4.000000000000000000, -11.03266418667999993 ) ) ;
#10207 = ADVANCED_FACE ( 'NONE', ( #8413 ), #316, .T. ) ;
#10208 = CARTESIAN_POINT ( 'NONE',  ( 7.585462857231999756, 4.349999999999999645, 0.000000000000000000 ) ) ;
#10209 = CARTESIAN_POINT ( 'NONE',  ( 12.56546285723199929, 4.000000000000000000, -17.32499999999999929 ) ) ;
#10210 = CARTESIAN_POINT ( 'NONE',  ( 17.53971789399400194, 4.550895696613996400, -14.02337666322001297 ) ) ;
#10211 = CARTESIAN_POINT ( 'NONE',  ( 14.96184219096700119, 17.30000000000000071, -17.64999999999999858 ) ) ;
#10212 = ORIENTED_EDGE ( 'NONE', *, *, #9133, .F. ) ;
#10213 = EDGE_CURVE ( 'NONE', #9127, #7715, #5822, .T. ) ;
#10214 = EDGE_CURVE ( 'NONE', #334, #2922, #2952, .T. ) ;
#10215 = CARTESIAN_POINT ( 'NONE',  ( 13.75306704861892015, 17.30000000000000071, -16.61434546556284886 ) ) ;
#10216 = DIRECTION ( 'NONE',  ( 0.000000000000000000, 0.000000000000000000, 1.000000000000000000 ) ) ;
#10217 = EDGE_CURVE ( 'NONE', #1739, #10683, #6004, .T. ) ;
#10218 = EDGE_CURVE ( 'NONE', #2935, #10385, #6198, .T. ) ;
#10219 = ORIENTED_EDGE ( 'NONE', *, *, #10218, .T. ) ;
#10220 = CARTESIAN_POINT ( 'NONE',  ( 14.78046285723200093, 4.000000000000000000, -14.75000000000000000 ) ) ;
#10221 = ORIENTED_EDGE ( 'NONE', *, *, #113, .T. ) ;
#10222 = DIRECTION ( 'NONE',  ( 0.000000000000000000, 0.000000000000000000, -1.000000000000000000 ) ) ;
#10223 = DIRECTION ( 'NONE',  ( 0.1577384316472046910, 0.000000000000000000, -0.9874809300343374563 ) ) ;
#10224 = DIRECTION ( 'NONE',  ( 1.000000000000000000, 0.000000000000000000, 0.000000000000000000 ) ) ;
#10225 = ORIENTED_EDGE ( 'NONE', *, *, #10508, .F. ) ;
#10226 = CARTESIAN_POINT ( 'NONE',  ( 10.12546285723199979, 0.000000000000000000, -17.32499999999999929 ) ) ;
#10227 = CARTESIAN_POINT ( 'NONE',  ( 17.58046285723201052, 4.000000000000000888, -0.2121242285644316383 ) ) ;
#10228 = ORIENTED_EDGE ( 'NONE', *, *, #10154, .T. ) ;
#10229 = DIRECTION ( 'NONE',  ( -1.000000000000000000, 0.000000000000000000, 0.000000000000000000 ) ) ;
#10230 = CARTESIAN_POINT ( 'NONE',  ( 10.17883337710849823, 17.30000000000000071, -17.64999999999999858 ) ) ;
#10231 = EDGE_CURVE ( 'NONE', #5059, #3103, #6568, .T. ) ;
#10232 = ADVANCED_FACE ( 'NONE', ( #715 ), #4275, .F. ) ;
#10233 = EDGE_LOOP ( 'NONE', ( #10632, #5912, #10086, #7733 ) ) ;
#10234 = DIRECTION ( 'NONE',  ( 0.9874809300343374563, 0.000000000000000000, 0.1577384316472046910 ) ) ;
#10235 = PLANE ( 'NONE',  #153 ) ;
#10236 = EDGE_CURVE ( 'NONE', #2610, #9837, #2427, .T. ) ;
#10237 = PLANE ( 'NONE',  #2023 ) ;
#10238 = CARTESIAN_POINT ( 'NONE',  ( 9.930643737063300946, 17.30000000000000071, -16.67715880870800049 ) ) ;
#10239 = CARTESIAN_POINT ( 'NONE',  ( 1.850462857232000102, 0.5999999999999999778, -13.87000000000000099 ) ) ;
#10240 = ORIENTED_EDGE ( 'NONE', *, *, #9508, .F. ) ;
#10241 = DIRECTION ( 'NONE',  ( -1.000000000000000000, 0.000000000000000000, 0.000000000000000000 ) ) ;
#10242 = CARTESIAN_POINT ( 'NONE',  ( 15.29228167395999982, 17.10000000000000142, -17.20687313279400144 ) ) ;
#10243 = VERTEX_POINT ( 'NONE', #1492 ) ;
#10244 = ORIENTED_EDGE ( 'NONE', *, *, #11501, .T. ) ;
#10245 = ORIENTED_EDGE ( 'NONE', *, *, #11419, .T. ) ;
#10246 = ORIENTED_EDGE ( 'NONE', *, *, #7266, .T. ) ;
#10247 = DIRECTION ( 'NONE',  ( 0.9979663327133596606, 0.000000000000000000, 0.06374322529216748523 ) ) ;
#10248 = VERTEX_POINT ( 'NONE', #7881 ) ;
#10249 = DIRECTION ( 'NONE',  ( 0.000000000000000000, 1.000000000000000000, 0.000000000000000000 ) ) ;
#10250 = CARTESIAN_POINT ( 'NONE',  ( 17.76079236082698998, 0.8558526528200084416, -13.62421138996299064 ) ) ;
#10251 = DIRECTION ( 'NONE',  ( 0.000000000000000000, -1.000000000000000000, 0.000000000000000000 ) ) ;
#10252 = EDGE_LOOP ( 'NONE', ( #1673, #184, #9451 ) ) ;
#10253 = CARTESIAN_POINT ( 'NONE',  ( 4.450462857231999081, 4.000000000000000000, -9.955673334989999290 ) ) ;
#10254 = DIRECTION ( 'NONE',  ( 0.000000000000000000, -1.000000000000000000, 0.000000000000000000 ) ) ;
#10255 = DIRECTION ( 'NONE',  ( 0.000000000000000000, 0.000000000000000000, -1.000000000000000000 ) ) ;
#10256 = VECTOR ( 'NONE', #10790, 1000.000000000000000 ) ;
#10257 = EDGE_LOOP ( 'NONE', ( #7415, #3787, #3852 ) ) ;
#10258 = EDGE_LOOP ( 'NONE', ( #3795, #2206, #7021, #2277 ) ) ;
#10259 = DIRECTION ( 'NONE',  ( 0.9874809300343374563, 0.000000000000000000, -0.1577384316472046910 ) ) ;
#10260 = LINE ( 'NONE', #3168, #5402 ) ;
#10261 = DIRECTION ( 'NONE',  ( 0.000000000000000000, -1.000000000000000000, 0.000000000000000000 ) ) ;
#10262 = VECTOR ( 'NONE', #1504, 1000.000000000000000 ) ;
#10263 = FACE_OUTER_BOUND ( 'NONE', #527, .T. ) ;
#10264 = DIRECTION ( 'NONE',  ( 0.000000000000000000, -1.000000000000000000, 0.000000000000000000 ) ) ;
#10265 = LINE ( 'NONE', #4819, #9376 ) ;
#10266 = EDGE_LOOP ( 'NONE', ( #927, #8122, #3529, #2846 ) ) ;
#10267 = CARTESIAN_POINT ( 'NONE',  ( 13.81588052019972146, 17.30000000000000071, -16.78286903040024924 ) ) ;
#10268 = CARTESIAN_POINT ( 'NONE',  ( 7.485462857232000111, 0.5000000000000000000, -16.97500000000000142 ) ) ;
#10269 = VECTOR ( 'NONE', #2728, 1000.000000000000000 ) ;
#10270 = ORIENTED_EDGE ( 'NONE', *, *, #9284, .F. ) ;
#10271 = AXIS2_PLACEMENT_3D ( 'NONE', #7441, #4575, #3800 ) ;
#10272 = CARTESIAN_POINT ( 'NONE',  ( 8.755462857231998797, 4.000000000000000000, -19.51500000000000057 ) ) ;
#10273 = EDGE_CURVE ( 'NONE', #1562, #5084, #9586, .T. ) ;
#10274 = ORIENTED_EDGE ( 'NONE', *, *, #10565, .T. ) ;
#10275 = DIRECTION ( 'NONE',  ( -1.000000000000000000, 0.000000000000000000, 0.000000000000000000 ) ) ;
#10276 = DIRECTION ( 'NONE',  ( 0.000000000000000000, -1.000000000000000000, 0.000000000000000000 ) ) ;
#10277 = ADVANCED_FACE ( 'NONE', ( #3294 ), #1436, .F. ) ;
#10278 = FACE_OUTER_BOUND ( 'NONE', #8474, .T. ) ;
#10279 = EDGE_LOOP ( 'NONE', ( #1516, #10823, #5249, #11125 ) ) ;
#10280 = CIRCLE ( 'NONE', #7667, 1.574999999999999289 ) ;
#10281 = ADVANCED_FACE ( 'NONE', ( #7005 ), #10570, .T. ) ;
#10282 = CARTESIAN_POINT ( 'NONE',  ( 5.688443350538999965, 17.30000000000000071, -17.64999999999999858 ) ) ;
#10283 = DIRECTION ( 'NONE',  ( -0.5773502691896257311, 0.5773502691896257311, -0.5773502691896257311 ) ) ;
#10284 = ORIENTED_EDGE ( 'NONE', *, *, #9089, .F. ) ;
#10285 = CIRCLE ( 'NONE', #5044, 0.2000000000000000944 ) ;
#10286 = VECTOR ( 'NONE', #3998, 1000.000000000000000 ) ;
#10287 = LINE ( 'NONE', #2369, #239 ) ;
#10288 = LINE ( 'NONE', #7712, #4736 ) ;
#10289 = ADVANCED_FACE ( 'NONE', ( #11274 ), #6780, .F. ) ;
#10290 = ADVANCED_FACE ( 'NONE', ( #10399 ), #8704, .F. ) ;
#10291 = ORIENTED_EDGE ( 'NONE', *, *, #10859, .F. ) ;
#10292 = LINE ( 'NONE', #11053, #5453 ) ;
#10293 = CARTESIAN_POINT ( 'NONE',  ( 13.27966909461027889, 17.10000000000000142, -16.30027856159874844 ) ) ;
#10294 = AXIS2_PLACEMENT_3D ( 'NONE', #4393, #8798, #761 ) ;
#10295 = CARTESIAN_POINT ( 'NONE',  ( 4.148900887075999577, 3.600000000000000089, -9.244717535199999503 ) ) ;
#10296 = CARTESIAN_POINT ( 'NONE',  ( 8.957802808031898323, 17.30000000000000071, -17.64999999999999858 ) ) ;
#10297 = ADVANCED_FACE ( 'NONE', ( #5234 ), #5953, .T. ) ;
#10298 = EDGE_CURVE ( 'NONE', #9841, #8132, #11327, .T. ) ;
#10299 = FACE_OUTER_BOUND ( 'NONE', #4949, .T. ) ;
#10300 = EDGE_CURVE ( 'NONE', #5240, #290, #6888, .T. ) ;
#10301 = ORIENTED_EDGE ( 'NONE', *, *, #10081, .T. ) ;
#10302 = PLANE ( 'NONE',  #6029 ) ;
#10303 = ORIENTED_EDGE ( 'NONE', *, *, #10715, .F. ) ;
#10304 = TOROIDAL_SURFACE ( 'NONE', #6761, 1.474999999999999867, 0.1000000000000000056 ) ;
#10305 = AXIS2_PLACEMENT_3D ( 'NONE', #6073, #1554, #2538 ) ;
#10306 = EDGE_LOOP ( 'NONE', ( #10610, #189, #2682, #5974 ) ) ;
#10307 = ORIENTED_EDGE ( 'NONE', *, *, #3062, .T. ) ;
#10308 = ORIENTED_EDGE ( 'NONE', *, *, #9855, .T. ) ;
#10309 = FACE_OUTER_BOUND ( 'NONE', #3424, .T. ) ;
#10310 = VERTEX_POINT ( 'NONE', #9812 ) ;
#10311 = CARTESIAN_POINT ( 'NONE',  ( 15.11546285723200000, 11.67999999999999972, 0.000000000000000000 ) ) ;
#10312 = CARTESIAN_POINT ( 'NONE',  ( 17.53971789399400194, 0.4428837217700055118, -13.67662333677998454 ) ) ;
#10313 = CIRCLE ( 'NONE', #4132, 0.1499999999999999667 ) ;
#10314 = AXIS2_PLACEMENT_3D ( 'NONE', #9462, #5049, #10441 ) ;
#10315 = CARTESIAN_POINT ( 'NONE',  ( 16.42783201400199999, 6.500000000000000000, -0.2500000000000000000 ) ) ;
#10316 = ORIENTED_EDGE ( 'NONE', *, *, #1046, .F. ) ;
#10317 = DIRECTION ( 'NONE',  ( 0.000000000000000000, 0.000000000000000000, -1.000000000000000000 ) ) ;
#10318 = DIRECTION ( 'NONE',  ( 0.06374322529215109556, 0.000000000000000000, 0.9979663327133607709 ) ) ;
#10319 = EDGE_LOOP ( 'NONE', ( #1255, #3277, #6437, #9346, #2542, #1687 ) ) ;
#10320 = CARTESIAN_POINT ( 'NONE',  ( 14.86858026841630220, 3.600000000000000533, -9.809979942591761315 ) ) ;
#10321 = ORIENTED_EDGE ( 'NONE', *, *, #5328, .T. ) ;
#10322 = AXIS2_PLACEMENT_3D ( 'NONE', #11249, #2395, #5981 ) ;
#10323 = ORIENTED_EDGE ( 'NONE', *, *, #1674, .T. ) ;
#10324 = CARTESIAN_POINT ( 'NONE',  ( 15.75955871241933792, 14.60612924678075508, -0.2559041448166656796 ) ) ;
#10325 = CARTESIAN_POINT ( 'NONE',  ( 4.015462861701999842, 17.30000000000000071, -17.64999999999999858 ) ) ;
#10326 = LINE ( 'NONE', #1422, #729 ) ;
#10327 = AXIS2_PLACEMENT_3D ( 'NONE', #3820, #11102, #10976 ) ;
#10328 = CARTESIAN_POINT ( 'NONE',  ( 17.53971789399400905, 4.475877390659003474, -13.77626524029201072 ) ) ;
#10329 = CARTESIAN_POINT ( 'NONE',  ( 7.470156887689442193, 4.532909311429106580, -0.3346940304555651169 ) ) ;
#10330 = ORIENTED_EDGE ( 'NONE', *, *, #8129, .T. ) ;
#10331 = AXIS2_PLACEMENT_3D ( 'NONE', #2739, #6275, #9898 ) ;
#10332 = SPHERICAL_SURFACE ( 'NONE', #5665, 0.1000000000000000056 ) ;
#10333 = LINE ( 'NONE', #7457, #8102 ) ;
#10334 = VECTOR ( 'NONE', #7389, 1000.000000000000000 ) ;
#10335 = VECTOR ( 'NONE', #7476, 1000.000000000000114 ) ;
#10336 = ORIENTED_EDGE ( 'NONE', *, *, #7658, .T. ) ;
#10337 = ORIENTED_EDGE ( 'NONE', *, *, #4047, .F. ) ;
#10338 = PLANE ( 'NONE',  #6619 ) ;
#10339 = CARTESIAN_POINT ( 'NONE',  ( 3.900462857232000147, 0.4000000000000000222, -10.80000000000000071 ) ) ;
#10340 = AXIS2_PLACEMENT_3D ( 'NONE', #6425, #2141, #8163 ) ;
#10341 = AXIS2_PLACEMENT_3D ( 'NONE', #9482, #3145, #4969 ) ;
#10342 = DIRECTION ( 'NONE',  ( 1.000000000000000000, 0.000000000000000000, 0.000000000000000000 ) ) ;
#10343 = DIRECTION ( 'NONE',  ( -1.000000000000000000, 0.000000000000000000, 0.000000000000000000 ) ) ;
#10344 = CARTESIAN_POINT ( 'NONE',  ( 17.35046285723199944, 4.230000000000000426, 0.000000000000000000 ) ) ;
#10345 = ORIENTED_EDGE ( 'NONE', *, *, #11231, .F. ) ;
#10346 = CARTESIAN_POINT ( 'NONE',  ( 1.506102724332999854, 0.8188325850370054004, -13.95384395219301865 ) ) ;
#10347 = EDGE_CURVE ( 'NONE', #5859, #4440, #1772, .T. ) ;
#10348 = DIRECTION ( 'NONE',  ( -1.000000000000000000, 0.000000000000000000, 0.000000000000000000 ) ) ;
#10349 = ADVANCED_FACE ( 'NONE', ( #5346 ), #3506, .T. ) ;
#10350 = VECTOR ( 'NONE', #6651, 1000.000000000000000 ) ;
#10351 = ORIENTED_EDGE ( 'NONE', *, *, #2626, .T. ) ;
#10352 = AXIS2_PLACEMENT_3D ( 'NONE', #10986, #3708, #9879 ) ;
#10353 = VECTOR ( 'NONE', #11033, 1000.000000000000114 ) ;
#10354 = DIRECTION ( 'NONE',  ( 1.000000000000000000, 0.000000000000000000, 0.000000000000000000 ) ) ;
#10355 = EDGE_CURVE ( 'NONE', #520, #1660, #10679, .T. ) ;
#10356 = LINE ( 'NONE', #2500, #4276 ) ;
#10357 = CARTESIAN_POINT ( 'NONE',  ( 4.436544115855497239, 3.642161801860390291, -11.66343410943648173 ) ) ;
#10358 = CARTESIAN_POINT ( 'NONE',  ( 10.02546285723200015, 4.000000000000000000, -16.97500000000000142 ) ) ;
#10359 = LINE ( 'NONE', #5735, #11224 ) ;
#10360 = B_SPLINE_CURVE_WITH_KNOTS ( 'NONE', 3,
 ( #450, #1439, #4127, #2149 ),
 .UNSPECIFIED., .F., .F.,
 ( 4, 4 ),
 ( 0.000000000000000000, 1.000000000000000000 ),
 .UNSPECIFIED. ) ;
#10361 = ORIENTED_EDGE ( 'NONE', *, *, #8565, .F. ) ;
#10362 = CARTESIAN_POINT ( 'NONE',  ( 9.435797106966900216, 17.10000000000000142, -15.45000000000000107 ) ) ;
#10363 = DIRECTION ( 'NONE',  ( -1.000000000000000000, 0.000000000000000000, 0.000000000000000000 ) ) ;
#10364 = EDGE_CURVE ( 'NONE', #6666, #4259, #3455, .T. ) ;
#10365 = ORIENTED_EDGE ( 'NONE', *, *, #11439, .F. ) ;
#10366 = ADVANCED_FACE ( 'NONE', ( #8042 ), #9921, .T. ) ;
#10367 = ORIENTED_EDGE ( 'NONE', *, *, #7508, .F. ) ;
#10368 = ORIENTED_EDGE ( 'NONE', *, *, #280, .T. ) ;
#10369 = EDGE_LOOP ( 'NONE', ( #5354, #9171, #10720, #2332 ) ) ;
#10370 = EDGE_CURVE ( 'NONE', #333, #7624, #5493, .T. ) ;
#10371 = ADVANCED_FACE ( 'NONE', ( #9918 ), #2649, .T. ) ;
#10372 = CARTESIAN_POINT ( 'NONE',  ( 9.105462857231998441, 0.000000000000000000, -19.86500000000000199 ) ) ;
#10373 = ORIENTED_EDGE ( 'NONE', *, *, #2421, .F. ) ;
#10374 = FACE_OUTER_BOUND ( 'NONE', #11589, .T. ) ;
#10375 = DIRECTION ( 'NONE',  ( -0.9874809300343376783, 0.000000000000000000, 0.1577384316472046077 ) ) ;
#10376 = DIRECTION ( 'NONE',  ( -1.000000000000000000, 0.000000000000000000, 0.000000000000000000 ) ) ;
#10377 = ORIENTED_EDGE ( 'NONE', *, *, #6850, .T. ) ;
#10378 = DIRECTION ( 'NONE',  ( 1.000000000000000000, 0.000000000000000000, 0.000000000000000000 ) ) ;
#10379 = DIRECTION ( 'NONE',  ( 0.06374322529214788979, 0.000000000000000000, -0.9979663327133607709 ) ) ;
#10380 = VERTEX_POINT ( 'NONE', #6241 ) ;
#10381 = CARTESIAN_POINT ( 'NONE',  ( 17.58046285723199986, 4.203779418383999378, -13.84113101483900188 ) ) ;
#10382 = EDGE_LOOP ( 'NONE', ( #6280, #5040, #7640 ) ) ;
#10383 = EDGE_CURVE ( 'NONE', #6743, #464, #4588, .T. ) ;
#10384 = EDGE_CURVE ( 'NONE', #3727, #8960, #8877, .T. ) ;
#10385 = VERTEX_POINT ( 'NONE', #778 ) ;
#10386 = PLANE ( 'NONE',  #3232 ) ;
#10387 = DIRECTION ( 'NONE',  ( 1.000000000000000000, 0.000000000000000000, 0.000000000000000000 ) ) ;
#10388 = DIRECTION ( 'NONE',  ( 0.8660254037844309360, 0.5000000000000134337, 0.000000000000000000 ) ) ;
#10389 = CARTESIAN_POINT ( 'NONE',  ( 2.437554162901999888, 4.000000000000000000, -11.13246081994999948 ) ) ;
#10390 = CARTESIAN_POINT ( 'NONE',  ( 1.880462857232000129, 17.06999999999999673, -21.25000000000000000 ) ) ;
#10391 = DIRECTION ( 'NONE',  ( -1.000000000000000000, 0.000000000000000000, 0.000000000000000000 ) ) ;
#10392 = CARTESIAN_POINT ( 'NONE',  ( 3.750462857232000236, 4.000000000000000000, -4.750000000000000000 ) ) ;
#10393 = VERTEX_POINT ( 'NONE', #4527 ) ;
#10394 = EDGE_LOOP ( 'NONE', ( #118, #1655, #4505, #6786 ) ) ;
#10395 = CARTESIAN_POINT ( 'NONE',  ( 12.91546285723199894, 0.000000000000000000, -16.97500000000000142 ) ) ;
#10396 = DIRECTION ( 'NONE',  ( 0.9874809300343374563, 0.000000000000000000, 0.1577384316472046910 ) ) ;
#10397 = CARTESIAN_POINT ( 'NONE',  ( 1.850462857232000102, 4.000000000000000000, -13.08000000000000007 ) ) ;
#10398 = DIRECTION ( 'NONE',  ( 0.000000000000000000, 1.000000000000000000, 0.000000000000000000 ) ) ;
#10399 = FACE_OUTER_BOUND ( 'NONE', #3661, .T. ) ;
#10400 = ORIENTED_EDGE ( 'NONE', *, *, #11431, .F. ) ;
#10401 = CARTESIAN_POINT ( 'NONE',  ( 1.506102724333003184, 0.6688401221889974657, -13.91628988824898805 ) ) ;
#10402 = DIRECTION ( 'NONE',  ( 0.000000000000000000, -1.000000000000000000, 0.000000000000000000 ) ) ;
#10403 = ORIENTED_EDGE ( 'NONE', *, *, #8310, .T. ) ;
#10404 = CARTESIAN_POINT ( 'NONE',  ( 14.64471057628099970, 17.30000000000000071, -17.29456826448399909 ) ) ;
#10405 = DIRECTION ( 'NONE',  ( 0.000000000000000000, 0.000000000000000000, -1.000000000000000000 ) ) ;
#10406 = DIRECTION ( 'NONE',  ( 1.000000000000000000, 0.000000000000000000, 0.000000000000000000 ) ) ;
#10407 = CARTESIAN_POINT ( 'NONE',  ( 5.455745322035999934, 4.000000000000000000, -10.55156197015999986 ) ) ;
#10408 = DIRECTION ( 'NONE',  ( 1.000000000000000000, 0.000000000000000000, 0.000000000000000000 ) ) ;
#10409 = ORIENTED_EDGE ( 'NONE', *, *, #10838, .F. ) ;
#10410 = FACE_OUTER_BOUND ( 'NONE', #2382, .T. ) ;
#10411 = CARTESIAN_POINT ( 'NONE',  ( 2.443928485430999942, 0.5000000000000000000, -10.56733581331999972 ) ) ;
#10412 = ORIENTED_EDGE ( 'NONE', *, *, #10592, .T. ) ;
#10413 = EDGE_LOOP ( 'NONE', ( #5543, #4762, #5530, #2701 ) ) ;
#10414 = ORIENTED_EDGE ( 'NONE', *, *, #392, .T. ) ;
#10415 = ORIENTED_EDGE ( 'NONE', *, *, #3540, .F. ) ;
#10416 = CARTESIAN_POINT ( 'NONE',  ( 1.650462857231999925, 3.850000000000000089, -14.61999999999999922 ) ) ;
#10417 = VERTEX_POINT ( 'NONE', #2584 ) ;
#10418 = FACE_BOUND ( 'NONE', #10129, .T. ) ;
#10419 = EDGE_CURVE ( 'NONE', #8698, #5544, #9984, .T. ) ;
#10420 = CARTESIAN_POINT ( 'NONE',  ( 14.28546285723199993, 0.5000000000000000000, -19.51500000000000057 ) ) ;
#10421 = EDGE_CURVE ( 'NONE', #1676, #2383, #1016, .T. ) ;
#10422 = DIRECTION ( 'NONE',  ( -1.000000000000000000, 0.000000000000000000, 0.000000000000000000 ) ) ;
#10423 = ORIENTED_EDGE ( 'NONE', *, *, #10574, .T. ) ;
#10424 = DIRECTION ( 'NONE',  ( 1.000000000000000000, 0.000000000000000000, 0.000000000000000000 ) ) ;
#10425 = EDGE_CURVE ( 'NONE', #1268, #446, #3732, .T. ) ;
#10426 = ADVANCED_FACE ( 'NONE', ( #2760 ), #6172, .T. ) ;
#10427 = DIRECTION ( 'NONE',  ( -0.5773502691896257311, 0.5773502691896257311, -0.5773502691896257311 ) ) ;
#10428 = ORIENTED_EDGE ( 'NONE', *, *, #9071, .T. ) ;
#10429 = EDGE_CURVE ( 'NONE', #2915, #1933, #5465, .T. ) ;
#10430 = LINE ( 'NONE', #1524, #1366 ) ;
#10431 = EDGE_LOOP ( 'NONE', ( #7852, #4227, #10537, #801, #10499 ) ) ;
#10432 = ADVANCED_FACE ( 'NONE', ( #9750, #1713 ), #5297, .T. ) ;
#10433 = PRODUCT_DEFINITION ( '未知', '', #8461, #8378 ) ;
#10434 = ORIENTED_EDGE ( 'NONE', *, *, #203, .F. ) ;
#10435 = CARTESIAN_POINT ( 'NONE',  ( 4.493457275375999593, 17.30000000000000071, -17.64999999999999858 ) ) ;
#10436 = DIRECTION ( 'NONE',  ( 0.000000000000000000, 0.000000000000000000, 1.000000000000000000 ) ) ;
#10437 = CARTESIAN_POINT ( 'NONE',  ( 4.493457275375999593, 17.30000000000000071, -15.80389970838999858 ) ) ;
#10438 = EDGE_CURVE ( 'NONE', #2245, #2610, #2938, .T. ) ;
#10439 = ADVANCED_FACE ( 'NONE', ( #5759 ), #10095, .F. ) ;
#10440 = CARTESIAN_POINT ( 'NONE',  ( 8.519641148791000873, 17.30000000000000071, -15.45000000000000107 ) ) ;
#10441 = DIRECTION ( 'NONE',  ( 1.000000000000000000, 0.000000000000000000, 0.000000000000000000 ) ) ;
#10442 = EDGE_CURVE ( 'NONE', #7442, #4250, #4640, .T. ) ;
#10443 = CARTESIAN_POINT ( 'NONE',  ( 15.57890088707599929, 0.5000000000000000000, -9.244717535199999503 ) ) ;
#10444 = CARTESIAN_POINT ( 'NONE',  ( 11.64546285723199937, 4.549999999999999822, 0.000000000000000000 ) ) ;
#10445 = EDGE_LOOP ( 'NONE', ( #9838, #6079, #6868, #4896 ) ) ;
#10446 = EDGE_CURVE ( 'NONE', #2496, #10702, #2065, .T. ) ;
#10447 = ORIENTED_EDGE ( 'NONE', *, *, #3315, .F. ) ;
#10448 = CARTESIAN_POINT ( 'NONE',  ( 5.295462857231999720, 0.000000000000000000, -16.97500000000000142 ) ) ;
#10449 = CIRCLE ( 'NONE', #9143, 0.2300000000000010369 ) ;
#10450 = CARTESIAN_POINT ( 'NONE',  ( 15.56312704391199908, 4.000000000000000000, -9.343465628199998818 ) ) ;
#10451 = CARTESIAN_POINT ( 'NONE',  ( 15.66044916984400004, 17.10000000000000142, -16.48871893487824991 ) ) ;
#10452 = LINE ( 'NONE', #2426, #11390 ) ;
#10453 = CARTESIAN_POINT ( 'NONE',  ( 4.493457275375999593, 17.10000000000000142, -15.80389970838999858 ) ) ;
#10454 = ORIENTED_EDGE ( 'NONE', *, *, #4691, .T. ) ;
#10455 = B_SPLINE_SURFACE_WITH_KNOTS ( 'NONE', 3, 1, ( 
 ( #10451, #10514 ),
 ( #5128, #662 ),
 ( #2486, #11442 ),
 ( #9641, #4459 ) ),
 .UNSPECIFIED., .F., .F., .F.,
 ( 4, 4 ),
 ( 2, 2 ),
 ( 0.03716200356212635142, 0.9680019406775369761 ),
 ( 0.000000000000000000, 1.000000000000000000 ),
 .UNSPECIFIED. ) ;
#10456 = LINE ( 'NONE', #7883, #2670 ) ;
#10457 = VECTOR ( 'NONE', #4804, 1000.000000000000000 ) ;
#10458 = CARTESIAN_POINT ( 'NONE',  ( 5.275462857231999259, 4.000000000000000000, -6.490000000000000213 ) ) ;
#10459 = VECTOR ( 'NONE', #8426, 1000.000000000000000 ) ;
#10460 = EDGE_LOOP ( 'NONE', ( #7663, #11180, #6287, #9379 ) ) ;
#10461 = CARTESIAN_POINT ( 'NONE',  ( 17.73046285723199844, 4.203779418383999378, -13.70113101483899953 ) ) ;
#10462 = LINE ( 'NONE', #3358, #9342 ) ;
#10463 = VECTOR ( 'NONE', #6555, 1000.000000000000000 ) ;
#10464 = CARTESIAN_POINT ( 'NONE',  ( 17.73046285723199844, 0.6500000000000000222, -13.84113101483900188 ) ) ;
#10465 = CARTESIAN_POINT ( 'NONE',  ( 1.650462857231999925, 0.5000000000000000000, -13.85886898516099919 ) ) ;
#10466 = AXIS2_PLACEMENT_3D ( 'NONE', #894, #8056, #16 ) ;
#10467 = VECTOR ( 'NONE', #7209, 1000.000000000000000 ) ;
#10468 = DIRECTION ( 'NONE',  ( 0.000000000000000000, 0.000000000000000000, -1.000000000000000000 ) ) ;
#10469 = ORIENTED_EDGE ( 'NONE', *, *, #10773, .F. ) ;
#10470 = SPHERICAL_SURFACE ( 'NONE', #4550, 0.1000000000000000056 ) ;
#10471 = CARTESIAN_POINT ( 'NONE',  ( 14.18546285723200029, 0.000000000000000000, -19.51500000000000057 ) ) ;
#10472 = VERTEX_POINT ( 'NONE', #9338 ) ;
#10473 = VECTOR ( 'NONE', #6305, 1000.000000000000000 ) ;
#10474 = ORIENTED_EDGE ( 'NONE', *, *, #5800, .F. ) ;
#10475 = ORIENTED_EDGE ( 'NONE', *, *, #9798, .F. ) ;
#10476 = AXIS2_PLACEMENT_3D ( 'NONE', #584, #4038, #4217 ) ;
#10477 = ORIENTED_EDGE ( 'NONE', *, *, #2116, .T. ) ;
#10478 = AXIS2_PLACEMENT_3D ( 'NONE', #8263, #5698, #3919 ) ;
#10479 = CARTESIAN_POINT ( 'NONE',  ( 3.003093700461999749, 6.915000000000000036, -0.2500000000000000000 ) ) ;
#10480 = VERTEX_POINT ( 'NONE', #4705 ) ;
#10481 = DIRECTION ( 'NONE',  ( 0.06374322529215128985, 0.000000000000000000, 0.9979663327133607709 ) ) ;
#10482 = LINE ( 'NONE', #8780, #2795 ) ;
#10483 = AXIS2_PLACEMENT_3D ( 'NONE', #10416, #5972, #8726 ) ;
#10484 = EDGE_LOOP ( 'NONE', ( #10964, #9486, #11175, #6806 ) ) ;
#10485 = AXIS2_PLACEMENT_3D ( 'NONE', #616, #6838, #3410 ) ;
#10486 = DIRECTION ( 'NONE',  ( 0.000000000000000000, 0.000000000000000000, 1.000000000000000000 ) ) ;
#10487 = B_SPLINE_CURVE_WITH_KNOTS ( 'NONE', 3,
 ( #7286, #9693, #8110, #3517 ),
 .UNSPECIFIED., .F., .F.,
 ( 4, 4 ),
 ( 0.000000000000000000, 1.000000000000000000 ),
 .UNSPECIFIED. ) ;
#10488 = ORIENTED_EDGE ( 'NONE', *, *, #8932, .T. ) ;
#10489 = EDGE_CURVE ( 'NONE', #5310, #284, #3934, .T. ) ;
#10490 = DIRECTION ( 'NONE',  ( 0.000000000000000000, 1.000000000000000000, 0.000000000000000000 ) ) ;
#10491 = EDGE_CURVE ( 'NONE', #6538, #8685, #5244, .T. ) ;
#10492 = ORIENTED_EDGE ( 'NONE', *, *, #1184, .T. ) ;
#10493 = VECTOR ( 'NONE', #3453, 1000.000000000000000 ) ;
#10494 = CARTESIAN_POINT ( 'NONE',  ( 5.775462857232000147, 0.000000000000000000, -6.490000000000000213 ) ) ;
#10495 = VECTOR ( 'NONE', #11367, 1000.000000000000000 ) ;
#10496 = EDGE_CURVE ( 'NONE', #9254, #2722, #6182, .T. ) ;
#10497 = DIRECTION ( 'NONE',  ( 1.000000000000000000, 0.000000000000000000, 0.000000000000000000 ) ) ;
#10498 = CARTESIAN_POINT ( 'NONE',  ( 3.003093700461999749, 4.549999999999999822, 0.000000000000000000 ) ) ;
#10499 = ORIENTED_EDGE ( 'NONE', *, *, #741, .T. ) ;
#10500 = DIRECTION ( 'NONE',  ( 0.7071067811865475727, 0.000000000000000000, 0.7071067811865475727 ) ) ;
#10501 = CARTESIAN_POINT ( 'NONE',  ( 5.356997229032999464, 0.5000000000000000000, -11.03266418667999993 ) ) ;
#10502 = CARTESIAN_POINT ( 'NONE',  ( 7.385462857231999578, 4.549999999999999822, -0.2500000000000000000 ) ) ;
#10503 = AXIS2_PLACEMENT_3D ( 'NONE', #7622, #11136, #7572 ) ;
#10504 = CARTESIAN_POINT ( 'NONE',  ( 13.56546285723199929, 6.400000000000000355, 27.70149999999999935 ) ) ;
#10505 = CARTESIAN_POINT ( 'NONE',  ( 2.803093700461999571, 6.500000000000000000, -0.2500000000000000000 ) ) ;
#10506 = ORIENTED_EDGE ( 'NONE', *, *, #4331, .T. ) ;
#10507 = EDGE_CURVE ( 'NONE', #5471, #3103, #4883, .T. ) ;
#10508 = EDGE_CURVE ( 'NONE', #4161, #5007, #8620, .T. ) ;
#10509 = EDGE_CURVE ( 'NONE', #1788, #9608, #10265, .T. ) ;
#10510 = ORIENTED_EDGE ( 'NONE', *, *, #4403, .F. ) ;
#10511 = CARTESIAN_POINT ( 'NONE',  ( 1.850462857232000102, 3.850000000000000089, -14.47000000000000064 ) ) ;
#10512 = CARTESIAN_POINT ( 'NONE',  ( 15.56546285723199929, 9.679999999999999716, 0.000000000000000000 ) ) ;
#10513 = VECTOR ( 'NONE', #6396, 1000.000000000000227 ) ;
#10514 = CARTESIAN_POINT ( 'NONE',  ( 15.66044916984400004, 17.30000000000000071, -16.48871893487824991 ) ) ;
#10515 = LINE ( 'NONE', #7341, #6352 ) ;
#10516 = CARTESIAN_POINT ( 'NONE',  ( 15.24679968536994856, 17.10000000000000142, -17.26545959801135055 ) ) ;
#10517 = EDGE_LOOP ( 'NONE', ( #8961, #3144, #8717, #1510 ) ) ;
#10518 = AXIS2_PLACEMENT_3D ( 'NONE', #6339, #8149, #4630 ) ;
#10519 = AXIS2_PLACEMENT_3D ( 'NONE', #9094, #3857, #4753 ) ;
#10520 = CARTESIAN_POINT ( 'NONE',  ( 11.84546285723200043, 5.689999999999999503, -0.2500000000000000000 ) ) ;
#10521 = DIRECTION ( 'NONE',  ( 0.000000000000000000, 0.000000000000000000, -1.000000000000000000 ) ) ;
#10522 = VERTEX_POINT ( 'NONE', #7453 ) ;
#10523 = CIRCLE ( 'NONE', #6217, 1.474999999999999867 ) ;
#10524 = DIRECTION ( 'NONE',  ( 0.000000000000000000, -1.000000000000000000, 0.000000000000000000 ) ) ;
#10525 = ADVANCED_FACE ( 'NONE', ( #2130 ), #11029, .T. ) ;
#10526 = ADVANCED_FACE ( 'NONE', ( #1248 ), #3005, .T. ) ;
#10527 = AXIS2_PLACEMENT_3D ( 'NONE', #9313, #5861, #5018 ) ;
#10528 = DIRECTION ( 'NONE',  ( 0.000000000000000000, -1.000000000000000000, 0.000000000000000000 ) ) ;
#10529 = AXIS2_PLACEMENT_3D ( 'NONE', #3161, #10084, #238 ) ;
#10530 = LINE ( 'NONE', #7015, #3502 ) ;
#10531 = LINE ( 'NONE', #2503, #2398 ) ;
#10532 = DIRECTION ( 'NONE',  ( 0.000000000000000000, 0.000000000000000000, -1.000000000000000000 ) ) ;
#10533 = ORIENTED_EDGE ( 'NONE', *, *, #5218, .F. ) ;
#10534 = VECTOR ( 'NONE', #7803, 1000.000000000000227 ) ;
#10535 = SPHERICAL_SURFACE ( 'NONE', #3055, 0.1000000000000000056 ) ;
#10536 = AXIS2_PLACEMENT_3D ( 'NONE', #5488, #7186, #5672 ) ;
#10537 = ORIENTED_EDGE ( 'NONE', *, *, #10421, .F. ) ;
#10538 = AXIS2_PLACEMENT_3D ( 'NONE', #5727, #4020, #9357 ) ;
#10539 = EDGE_LOOP ( 'NONE', ( #10361, #468, #2975, #1852 ) ) ;
#10540 = ORIENTED_EDGE ( 'NONE', *, *, #9989, .F. ) ;
#10541 = ORIENTED_EDGE ( 'NONE', *, *, #7438, .T. ) ;
#10542 = FACE_OUTER_BOUND ( 'NONE', #7177, .T. ) ;
#10543 = VERTEX_POINT ( 'NONE', #3066 ) ;
#10544 = AXIS2_PLACEMENT_3D ( 'NONE', #11578, #10481, #5318 ) ;
#10545 = LINE ( 'NONE', #6143, #10912 ) ;
#10546 = AXIS2_PLACEMENT_3D ( 'NONE', #10164, #9289, #4821 ) ;
#10547 = DIRECTION ( 'NONE',  ( -1.000000000000000000, 0.000000000000000000, 0.000000000000000000 ) ) ;
#10548 = EDGE_LOOP ( 'NONE', ( #9475, #8203, #10571, #11158 ) ) ;
#10549 = CARTESIAN_POINT ( 'NONE',  ( 15.66044912774339970, 17.10000000000000142, -16.48871889277814873 ) ) ;
#10550 = VERTEX_POINT ( 'NONE', #248 ) ;
#10551 = FACE_OUTER_BOUND ( 'NONE', #6214, .T. ) ;
#10552 = ORIENTED_EDGE ( 'NONE', *, *, #10088, .F. ) ;
#10553 = DIRECTION ( 'NONE',  ( -1.000000000000000000, 0.000000000000000000, 0.000000000000000000 ) ) ;
#10554 = CARTESIAN_POINT ( 'NONE',  ( 4.945462857232000076, 4.000000000000000000, -16.97500000000000142 ) ) ;
#10555 = B_SPLINE_SURFACE_WITH_KNOTS ( 'NONE', 3, 1, ( 
 ( #8015, #1686 ),
 ( #5265, #8957 ),
 ( #8847, #860 ),
 ( #10549, #749 ) ),
 .UNSPECIFIED., .F., .F., .F.,
 ( 4, 4 ),
 ( 2, 2 ),
 ( 0.02645480162290725010, 0.9526978944088220214 ),
 ( 0.000000000000000000, 1.000000000000000000 ),
 .UNSPECIFIED. ) ;
#10556 = CARTESIAN_POINT ( 'NONE',  ( 10.02546285723200015, 0.5000000000000000000, -16.97500000000000142 ) ) ;
#10557 = ORIENTED_EDGE ( 'NONE', *, *, #8630, .T. ) ;
#10558 = DIRECTION ( 'NONE',  ( 0.000000000000000000, 0.7071067811865475727, -0.7071067811865475727 ) ) ;
#10559 = DIRECTION ( 'NONE',  ( -1.000000000000000000, 0.000000000000000000, 0.000000000000000000 ) ) ;
#10560 = DIRECTION ( 'NONE',  ( -1.000000000000000000, 0.000000000000000000, 0.000000000000000000 ) ) ;
#10561 = DIRECTION ( 'NONE',  ( 0.000000000000000000, -1.000000000000000000, 0.000000000000000000 ) ) ;
#10562 = CARTESIAN_POINT ( 'NONE',  ( 14.88046285723199880, 3.600000000000000089, -11.81467429248800016 ) ) ;
#10563 = ORIENTED_EDGE ( 'NONE', *, *, #6880, .T. ) ;
#10564 = DIRECTION ( 'NONE',  ( 0.000000000000000000, 0.000000000000000000, 1.000000000000000000 ) ) ;
#10565 = EDGE_CURVE ( 'NONE', #10869, #10550, #6657, .T. ) ;
#10566 = CARTESIAN_POINT ( 'NONE',  ( 13.87392848543099966, 39.85228000000000037, -10.56733581331999972 ) ) ;
#10567 = EDGE_CURVE ( 'NONE', #8078, #6130, #4003, .T. ) ;
#10568 = LINE ( 'NONE', #9523, #7305 ) ;
#10569 = CARTESIAN_POINT ( 'NONE',  ( 5.440503441113000882, 4.000000000000000000, -12.34004058388099878 ) ) ;
#10570 = PLANE ( 'NONE',  #10305 ) ;
#10571 = ORIENTED_EDGE ( 'NONE', *, *, #3756, .F. ) ;
#10572 = FACE_OUTER_BOUND ( 'NONE', #2195, .T. ) ;
#10573 = EDGE_CURVE ( 'NONE', #1342, #2066, #1329, .T. ) ;
#10574 = EDGE_CURVE ( 'NONE', #4678, #3767, #5525, .T. ) ;
#10575 = CARTESIAN_POINT ( 'NONE',  ( 4.350462857232000324, 3.600000000000000089, -9.785325707509999305 ) ) ;
#10576 = ORIENTED_EDGE ( 'NONE', *, *, #3970, .F. ) ;
#10577 = LINE ( 'NONE', #503, #2830 ) ;
#10578 = EDGE_CURVE ( 'NONE', #6606, #6188, #10916, .T. ) ;
#10579 = DIRECTION ( 'NONE',  ( 0.000000000000000000, -1.000000000000000000, 0.000000000000000000 ) ) ;
#10580 = LINE ( 'NONE', #1567, #5027 ) ;
#10581 = CARTESIAN_POINT ( 'NONE',  ( 9.615462857231998228, 0.000000000000000000, -21.25000000000000000 ) ) ;
#10582 = DIRECTION ( 'NONE',  ( 0.09523809523809358135, 0.000000000000000000, -0.9954545219222321606 ) ) ;
#10583 = VERTEX_POINT ( 'NONE', #1997 ) ;
#10584 = CARTESIAN_POINT ( 'NONE',  ( 1.650462857231999925, 3.850000000000000089, -14.47000000000000064 ) ) ;
#10585 = ADVANCED_FACE ( 'NONE', ( #5582 ), #6990, .F. ) ;
#10586 = EDGE_CURVE ( 'NONE', #129, #4891, #5828, .T. ) ;
#10587 =( NAMED_UNIT ( * ) SI_UNIT ( $, .STERADIAN. ) SOLID_ANGLE_UNIT ( ) );
#10588 = ORIENTED_EDGE ( 'NONE', *, *, #1964, .T. ) ;
#10589 = ORIENTED_EDGE ( 'NONE', *, *, #8188, .T. ) ;
#10590 = VERTEX_POINT ( 'NONE', #6060 ) ;
#10591 = VERTEX_POINT ( 'NONE', #3394 ) ;
#10592 = EDGE_CURVE ( 'NONE', #10872, #5105, #3285, .T. ) ;
#10593 = DIRECTION ( 'NONE',  ( 0.000000000000000000, 0.000000000000000000, 1.000000000000000000 ) ) ;
#10594 = CARTESIAN_POINT ( 'NONE',  ( 1.500462857232000013, 4.203779418383999378, -13.84113101483900188 ) ) ;
#10595 = LINE ( 'NONE', #4435, #10101 ) ;
#10596 = ORIENTED_EDGE ( 'NONE', *, *, #2115, .T. ) ;
#10597 = CARTESIAN_POINT ( 'NONE',  ( 2.360422273350999856, 0.5000000000000000000, -12.34004058388099878 ) ) ;
#10598 = VERTEX_POINT ( 'NONE', #10390 ) ;
#10599 = DIRECTION ( 'NONE',  ( 0.000000000000000000, 0.000000000000000000, -1.000000000000000000 ) ) ;
#10600 = VERTEX_POINT ( 'NONE', #4996 ) ;
#10601 = CARTESIAN_POINT ( 'NONE',  ( 4.434392643179160487, 3.643864857536767587, -9.932311626032808149 ) ) ;
#10602 = PLANE ( 'NONE',  #9979 ) ;
#10603 = FACE_OUTER_BOUND ( 'NONE', #8550, .T. ) ;
#10604 = ORIENTED_EDGE ( 'NONE', *, *, #4561, .T. ) ;
#10605 = LINE ( 'NONE', #4279, #544 ) ;
#10606 = LINE ( 'NONE', #3284, #231 ) ;
#10607 = DIRECTION ( 'NONE',  ( 0.000000000000000000, 0.000000000000000000, 1.000000000000000000 ) ) ;
#10608 = CARTESIAN_POINT ( 'NONE',  ( 14.78046285723200093, 4.000000000000000000, -4.750000000000000000 ) ) ;
#10609 = CARTESIAN_POINT ( 'NONE',  ( 3.465462857232000093, 9.679999999999999716, -0.2500000000000000000 ) ) ;
#10610 = ORIENTED_EDGE ( 'NONE', *, *, #10236, .F. ) ;
#10611 = CARTESIAN_POINT ( 'NONE',  ( 16.87050344111299793, 4.000000000000000000, -9.259959416120000952 ) ) ;
#10612 = LINE ( 'NONE', #8810, #9170 ) ;
#10613 = CARTESIAN_POINT ( 'NONE',  ( 2.735462857232000555, 4.000000000000000000, -6.989999999999999325 ) ) ;
#10614 = CARTESIAN_POINT ( 'NONE',  ( 13.46546285723199965, 4.549999999999999822, -0.2500000000000000000 ) ) ;
#10615 = CARTESIAN_POINT ( 'NONE',  ( 15.24679969523899992, 17.30000000000000071, -17.26545958519000123 ) ) ;
#10616 = ORIENTED_EDGE ( 'NONE', *, *, #3126, .F. ) ;
#10617 = DIRECTION ( 'NONE',  ( 0.000000000000000000, -1.000000000000000000, 0.000000000000000000 ) ) ;
#10618 = CARTESIAN_POINT ( 'NONE',  ( 14.98941835139700096, 17.30000000000000071, -17.29456826448399909 ) ) ;
#10619 = ORIENTED_EDGE ( 'NONE', *, *, #1218, .F. ) ;
#10620 = EDGE_CURVE ( 'NONE', #2275, #2671, #9198, .T. ) ;
#10621 = AXIS2_PLACEMENT_3D ( 'NONE', #10868, #17, #10803 ) ;
#10622 = EDGE_CURVE ( 'NONE', #5187, #1797, #9631, .T. ) ;
#10623 = PLANE ( 'NONE',  #5849 ) ;
#10624 = CARTESIAN_POINT ( 'NONE',  ( 12.56546285723199929, 4.000000000000000000, -17.32499999999999929 ) ) ;
#10625 = CARTESIAN_POINT ( 'NONE',  ( 8.519641148791000873, 17.30000000000000071, -17.64999999999999858 ) ) ;
#10626 = ADVANCED_FACE ( 'NONE', ( #7757 ), #8634, .F. ) ;
#10627 = CARTESIAN_POINT ( 'NONE',  ( 13.01546285723199858, 0.5000000000000000000, -17.32499999999999929 ) ) ;
#10628 = DIRECTION ( 'NONE',  ( 0.000000000000000000, -1.000000000000000000, 0.000000000000000000 ) ) ;
#10629 = ORIENTED_EDGE ( 'NONE', *, *, #7366, .F. ) ;
#10630 = DIRECTION ( 'NONE',  ( -1.000000000000000000, 0.000000000000000000, 0.000000000000000000 ) ) ;
#10631 = DIRECTION ( 'NONE',  ( 1.000000000000000000, 0.000000000000000000, 0.000000000000000000 ) ) ;
#10632 = ORIENTED_EDGE ( 'NONE', *, *, #9571, .T. ) ;
#10633 = AXIS2_PLACEMENT_3D ( 'NONE', #6365, #9064, #1025 ) ;
#10634 = FACE_OUTER_BOUND ( 'NONE', #5559, .T. ) ;
#10636 = EDGE_CURVE ( 'NONE', #8888, #10784, #9570, .T. ) ;
#10635 = CARTESIAN_POINT ( 'NONE',  ( 4.015462861701999842, 17.30000000000000071, -17.64999999999999858 ) ) ;
#10637 = ORIENTED_EDGE ( 'NONE', *, *, #4337, .F. ) ;
#10638 = ORIENTED_EDGE ( 'NONE', *, *, #3261, .F. ) ;
#10639 = ORIENTED_EDGE ( 'NONE', *, *, #3606, .F. ) ;
#10640 = ORIENTED_EDGE ( 'NONE', *, *, #5391, .F. ) ;
#10641 = LINE ( 'NONE', #3712, #4349 ) ;
#10642 = VECTOR ( 'NONE', #1954, 1000.000000000000114 ) ;
#10643 = DIRECTION ( 'NONE',  ( 0.000000000000000000, -0.7071067811865443531, 0.7071067811865505703 ) ) ;
#10644 = AXIS2_PLACEMENT_3D ( 'NONE', #2234, #8520, #595 ) ;
#10645 = EDGE_CURVE ( 'NONE', #3690, #4678, #9387, .T. ) ;
#10646 = EDGE_CURVE ( 'NONE', #11153, #1306, #4230, .T. ) ;
#10647 = EDGE_CURVE ( 'NONE', #3095, #8254, #704, .T. ) ;
#10648 = DIRECTION ( 'NONE',  ( -0.1577384316472061065, 0.000000000000000000, -0.9874809300343372342 ) ) ;
#10649 = LINE ( 'NONE', #3603, #11034 ) ;
#10650 = VERTEX_POINT ( 'NONE', #1426 ) ;
#10651 = AXIS2_PLACEMENT_3D ( 'NONE', #443, #9247, #10223 ) ;
#10652 = FACE_OUTER_BOUND ( 'NONE', #3996, .T. ) ;
#10653 = ORIENTED_EDGE ( 'NONE', *, *, #6578, .T. ) ;
#10654 = VECTOR ( 'NONE', #11133, 1000.000000000000114 ) ;
#10655 = AXIS2_PLACEMENT_3D ( 'NONE', #3002, #1302, #7394 ) ;
#10656 = CARTESIAN_POINT ( 'NONE',  ( 15.11546285723200000, 11.67999999999999972, -0.5000000000000000000 ) ) ;
#10657 = ORIENTED_EDGE ( 'NONE', *, *, #4850, .T. ) ;
#10658 = CARTESIAN_POINT ( 'NONE',  ( 1.650462857231999925, 3.850000000000000089, -13.23000000000000043 ) ) ;
#10659 = VECTOR ( 'NONE', #10593, 1000.000000000000000 ) ;
#10660 = CARTESIAN_POINT ( 'NONE',  ( 4.945462857232000076, 4.000000000000000000, -17.32499999999999929 ) ) ;
#10661 = AXIS2_PLACEMENT_3D ( 'NONE', #6027, #5141, #10630 ) ;
#10662 = VECTOR ( 'NONE', #9449, 1000.000000000000000 ) ;
#10663 = CARTESIAN_POINT ( 'NONE',  ( 1.880462857232000129, 17.06999999999999673, -0.2300000000000000100 ) ) ;
#10664 = ORIENTED_EDGE ( 'NONE', *, *, #9949, .T. ) ;
#10665 = DIRECTION ( 'NONE',  ( 0.5773502691896257311, 0.5773502691896257311, -0.5773502691896257311 ) ) ;
#10666 = CARTESIAN_POINT ( 'NONE',  ( 9.615462857231998228, 4.625000000000000000, -0.9250000000000000444 ) ) ;
#10667 = CARTESIAN_POINT ( 'NONE',  ( 16.79337155156200012, 4.000000000000000000, -10.46753918005000017 ) ) ;
#10668 = CARTESIAN_POINT ( 'NONE',  ( 14.99800203728100101, 3.600000000000000089, -9.337091305669998675 ) ) ;
#10669 = CARTESIAN_POINT ( 'NONE',  ( 15.48046285723199844, 3.600000000000000089, -4.750000000000000000 ) ) ;
#10670 = VECTOR ( 'NONE', #1334, 1000.000000000000000 ) ;
#10671 = VECTOR ( 'NONE', #8926, 1000.000000000000000 ) ;
#10672 = ORIENTED_EDGE ( 'NONE', *, *, #9223, .T. ) ;
#10673 = CARTESIAN_POINT ( 'NONE',  ( 1.563767697292994585, 4.389096053305994616, -13.45010719613100214 ) ) ;
#10674 = DIRECTION ( 'NONE',  ( 0.000000000000000000, 1.000000000000000000, 0.000000000000000000 ) ) ;
#10675 = VECTOR ( 'NONE', #5082, 1000.000000000000000 ) ;
#10676 = AXIS2_PLACEMENT_3D ( 'NONE', #3274, #3105, #2225 ) ;
#10677 = CARTESIAN_POINT ( 'NONE',  ( 3.795254357754180852, 3.600000000000000089, -12.37245261452797429 ) ) ;
#10678 = CARTESIAN_POINT ( 'NONE',  ( 9.615462857231998228, 17.10000000000000142, -21.25000000000000000 ) ) ;
#10679 = LINE ( 'NONE', #3689, #5429 ) ;
#10680 = ORIENTED_EDGE ( 'NONE', *, *, #8284, .F. ) ;
#10681 = CARTESIAN_POINT ( 'NONE',  ( 15.21769087249360020, 17.10000000000000142, -16.65417823722350121 ) ) ;
#10682 = DIRECTION ( 'NONE',  ( 0.000000000000000000, -1.000000000000000000, 0.000000000000000000 ) ) ;
#10683 = VERTEX_POINT ( 'NONE', #599 ) ;
#10684 = AXIS2_PLACEMENT_3D ( 'NONE', #4385, #1851, #7962 ) ;
#10685 = VECTOR ( 'NONE', #7370, 1000.000000000000000 ) ;
#10686 = CARTESIAN_POINT ( 'NONE',  ( 12.61170228694399853, 17.30000000000000071, -17.29456826448399909 ) ) ;
#10687 = CARTESIAN_POINT ( 'NONE',  ( 17.35046285723199944, 4.230000000000000426, 0.000000000000000000 ) ) ;
#10688 = CARTESIAN_POINT ( 'NONE',  ( 6.215462857231999649, 4.000000000000000000, -19.86500000000000199 ) ) ;
#10689 = PLANE ( 'NONE',  #10633 ) ;
#10690 = DIRECTION ( 'NONE',  ( 1.000000000000000000, 0.000000000000000000, 0.000000000000000000 ) ) ;
#10691 = VERTEX_POINT ( 'NONE', #11260 ) ;
#10692 = DIRECTION ( 'NONE',  ( 0.9874809300343376783, 0.000000000000000000, 0.1577384316472046077 ) ) ;
#10693 = CARTESIAN_POINT ( 'NONE',  ( 13.95546285723199986, 4.000000000000000000, -6.989999999999999325 ) ) ;
#10694 = ORIENTED_EDGE ( 'NONE', *, *, #3261, .T. ) ;
#10695 = EDGE_CURVE ( 'NONE', #678, #4594, #4521, .T. ) ;
#10696 = EDGE_CURVE ( 'NONE', #8733, #5105, #8725, .T. ) ;
#10697 = VECTOR ( 'NONE', #4890, 1000.000000000000000 ) ;
#10698 = DIRECTION ( 'NONE',  ( 0.000000000000000000, -1.000000000000000000, 0.000000000000000000 ) ) ;
#10699 = ORIENTED_EDGE ( 'NONE', *, *, #1484, .T. ) ;
#10700 = AXIS2_PLACEMENT_3D ( 'NONE', #11070, #2981, #8506 ) ;
#10701 = EDGE_CURVE ( 'NONE', #9005, #11406, #2305, .T. ) ;
#10702 = VERTEX_POINT ( 'NONE', #4110 ) ;
#10703 = ORIENTED_EDGE ( 'NONE', *, *, #9727, .T. ) ;
#10704 = CIRCLE ( 'NONE', #3389, 0.1500000000000008271 ) ;
#10705 = VERTEX_POINT ( 'NONE', #3234 ) ;
#10706 = VECTOR ( 'NONE', #6520, 1000.000000000000000 ) ;
#10707 = LINE ( 'NONE', #2676, #7154 ) ;
#10708 = FACE_OUTER_BOUND ( 'NONE', #4989, .T. ) ;
#10709 = LINE ( 'NONE', #8840, #8678 ) ;
#10710 = AXIS2_PLACEMENT_3D ( 'NONE', #9506, #4048, #2403 ) ;
#10711 = CARTESIAN_POINT ( 'NONE',  ( 12.61170228694399853, 17.30000000000000071, -16.30027856230699612 ) ) ;
#10712 = ORIENTED_EDGE ( 'NONE', *, *, #7564, .T. ) ;
#10713 = EDGE_CURVE ( 'NONE', #1856, #644, #2412, .T. ) ;
#10714 = VECTOR ( 'NONE', #429, 1000.000000000000000 ) ;
#10715 = EDGE_CURVE ( 'NONE', #2520, #7434, #7694, .T. ) ;
#10716 = CARTESIAN_POINT ( 'NONE',  ( 11.64546285723199937, 0.000000000000000000, -19.51500000000000057 ) ) ;
#10717 = ORIENTED_EDGE ( 'NONE', *, *, #10383, .F. ) ;
#10718 = ADVANCED_FACE ( 'NONE', ( #11199 ), #5893, .T. ) ;
#10719 = ADVANCED_FACE ( 'NONE', ( #3622 ), #6334, .F. ) ;
#10720 = ORIENTED_EDGE ( 'NONE', *, *, #10155, .F. ) ;
#10721 = ORIENTED_EDGE ( 'NONE', *, *, #9223, .F. ) ;
#10722 = AXIS2_PLACEMENT_3D ( 'NONE', #5363, #5311, #7125 ) ;
#10723 = DIRECTION ( 'NONE',  ( -1.000000000000000000, 0.000000000000000000, 0.000000000000000000 ) ) ;
#10724 = AXIS2_PLACEMENT_3D ( 'NONE', #10974, #9168, #1019 ) ;
#10725 = EDGE_CURVE ( 'NONE', #1998, #3364, #10866, .T. ) ;
#10726 = DIRECTION ( 'NONE',  ( -0.9805806756909163369, -0.1961161351382035567, 0.000000000000000000 ) ) ;
#10727 = FACE_OUTER_BOUND ( 'NONE', #5917, .T. ) ;
#10728 = ORIENTED_EDGE ( 'NONE', *, *, #3324, .F. ) ;
#10729 = FACE_OUTER_BOUND ( 'NONE', #8020, .T. ) ;
#10730 = DIRECTION ( 'NONE',  ( 1.000000000000000000, 0.000000000000000000, 0.000000000000000000 ) ) ;
#10731 = DIRECTION ( 'NONE',  ( -0.9874809300343374563, 0.000000000000000000, 0.1577384316472046910 ) ) ;
#10732 = DIRECTION ( 'NONE',  ( 0.000000000000000000, -1.000000000000000000, 0.000000000000000000 ) ) ;
#10733 = EDGE_CURVE ( 'NONE', #6100, #370, #3960, .T. ) ;
#10734 = EDGE_CURVE ( 'NONE', #5007, #1544, #2630, .T. ) ;
#10735 = CARTESIAN_POINT ( 'NONE',  ( 15.38046285723200057, 3.600000000000000089, -12.37420614914300110 ) ) ;
#10736 = ORIENTED_EDGE ( 'NONE', *, *, #2698, .T. ) ;
#10737 = ORIENTED_EDGE ( 'NONE', *, *, #2832, .T. ) ;
#10738 = LINE ( 'NONE', #5392, #2207 ) ;
#10739 = CARTESIAN_POINT ( 'NONE',  ( 13.46546285723199965, 6.500000000000000000, -0.2500000000000000000 ) ) ;
#10740 = CARTESIAN_POINT ( 'NONE',  ( 5.363371551561999517, 0.5000000000000000000, -10.46753918005000017 ) ) ;
#10741 = DIRECTION ( 'NONE',  ( 0.000000000000000000, -0.7071067811865475727, 0.7071067811865475727 ) ) ;
#10742 = VERTEX_POINT ( 'NONE', #10780 ) ;
#10743 = VECTOR ( 'NONE', #1528, 1000.000000000000000 ) ;
#10744 = SPHERICAL_SURFACE ( 'NONE', #10171, 0.1000000000000000056 ) ;
#10745 = CARTESIAN_POINT ( 'NONE',  ( 4.350462857232000324, 3.700000000000000178, -4.750000000000000000 ) ) ;
#10746 = ORIENTED_EDGE ( 'NONE', *, *, #5570, .T. ) ;
#10747 = FACE_OUTER_BOUND ( 'NONE', #351, .T. ) ;
#10748 = EDGE_LOOP ( 'NONE', ( #4039, #8649, #3051, #6040 ) ) ;
#10749 = CARTESIAN_POINT ( 'NONE',  ( 17.38046285723200057, 3.850000000000000089, -13.23000000000000043 ) ) ;
#10750 = DIRECTION ( 'NONE',  ( -0.4618485268515728492, 0.000000000000000000, -0.8869588142890468818 ) ) ;
#10751 = DIRECTION ( 'NONE',  ( 0.000000000000000000, -1.000000000000000000, 0.000000000000000000 ) ) ;
#10752 = FACE_OUTER_BOUND ( 'NONE', #3415, .T. ) ;
#10753 = EDGE_LOOP ( 'NONE', ( #10541, #4468, #4528, #8304 ) ) ;
#10754 = CARTESIAN_POINT ( 'NONE',  ( 14.99554685328999959, 17.10000000000000142, -16.30027856230699612 ) ) ;
#10755 = CARTESIAN_POINT ( 'NONE',  ( 3.667798670551999596, 0.5000000000000000000, -9.343465628199998818 ) ) ;
#10756 = ORIENTED_EDGE ( 'NONE', *, *, #7197, .T. ) ;
#10757 = CARTESIAN_POINT ( 'NONE',  ( 17.66715801717101186, 4.594803237092003556, -13.65581437991699865 ) ) ;
#10758 = DIRECTION ( 'NONE',  ( 0.000000000000000000, 0.000000000000000000, -1.000000000000000000 ) ) ;
#10759 = ORIENTED_EDGE ( 'NONE', *, *, #8130, .T. ) ;
#10760 = ORIENTED_EDGE ( 'NONE', *, *, #9215, .F. ) ;
#10761 = LINE ( 'NONE', #1330, #4530 ) ;
#10762 = CARTESIAN_POINT ( 'NONE',  ( 17.35046285723199944, 4.000000000000000000, -21.01999999999999957 ) ) ;
#10763 = CARTESIAN_POINT ( 'NONE',  ( 15.66044916634199957, 17.30000000000000071, -16.48871893137700084 ) ) ;
#10764 = FACE_OUTER_BOUND ( 'NONE', #1365, .T. ) ;
#10765 = ORIENTED_EDGE ( 'NONE', *, *, #6077, .F. ) ;
#10766 = DIRECTION ( 'NONE',  ( 0.000000000000000000, 0.000000000000000000, 1.000000000000000000 ) ) ;
#10767 = ORIENTED_EDGE ( 'NONE', *, *, #121, .T. ) ;
#10768 = VERTEX_POINT ( 'NONE', #9801 ) ;
#10769 = ORIENTED_EDGE ( 'NONE', *, *, #7637, .T. ) ;
#10770 = EDGE_LOOP ( 'NONE', ( #4932, #4078, #9870, #7505 ) ) ;
#10771 = ADVANCED_FACE ( 'NONE', ( #7094 ), #4395, .F. ) ;
#10772 = LINE ( 'NONE', #997, #8017 ) ;
#10773 = EDGE_CURVE ( 'NONE', #2066, #3564, #4579, .T. ) ;
#10774 = DIRECTION ( 'NONE',  ( 0.000000000000000000, 0.000000000000000000, 1.000000000000000000 ) ) ;
#10775 = PLANE ( 'NONE',  #6439 ) ;
#10776 = EDGE_CURVE ( 'NONE', #14, #6635, #2637, .T. ) ;
#10777 = CARTESIAN_POINT ( 'NONE',  ( 1.850462857232000102, 3.850000000000000089, -13.23000000000000043 ) ) ;
#10778 = EDGE_LOOP ( 'NONE', ( #9294, #399, #8399, #5211 ) ) ;
#10779 = LINE ( 'NONE', #11596, #6549 ) ;
#10780 = CARTESIAN_POINT ( 'NONE',  ( 13.86755416290199960, 4.000000000000000000, -10.46753918005000017 ) ) ;
#10781 = CARTESIAN_POINT ( 'NONE',  ( 17.73046285723199844, 0.7900000000000000355, -13.99886898516100153 ) ) ;
#10782 = EDGE_CURVE ( 'NONE', #8170, #10600, #2527, .T. ) ;
#10783 = CARTESIAN_POINT ( 'NONE',  ( 17.35046285723199944, 17.06999999999999673, -0.2300000000000000100 ) ) ;
#10784 = VERTEX_POINT ( 'NONE', #4343 ) ;
#10785 = ORIENTED_EDGE ( 'NONE', *, *, #6337, .T. ) ;
#10786 = LINE ( 'NONE', #1, #1720 ) ;
#10787 = ADVANCED_FACE ( 'NONE', ( #9679 ), #5023, .F. ) ;
#10788 = EDGE_CURVE ( 'NONE', #4972, #353, #5334, .T. ) ;
#10789 = EDGE_CURVE ( 'NONE', #2026, #11021, #10808, .T. ) ;
#10790 = DIRECTION ( 'NONE',  ( 0.000000000000000000, -1.000000000000000000, 0.000000000000000000 ) ) ;
#10791 = CARTESIAN_POINT ( 'NONE',  ( 5.688443350538999965, 17.30000000000000071, -15.45000000000000107 ) ) ;
#10792 = DIRECTION ( 'NONE',  ( -0.9874809300343374563, 0.000000000000000000, -0.1577384316472053571 ) ) ;
#10793 = DIRECTION ( 'NONE',  ( 0.9979663327133606598, 0.000000000000000000, -0.06374322529215020738 ) ) ;
#10794 = EDGE_LOOP ( 'NONE', ( #8364, #6902, #3107, #8081 ) ) ;
#10795 = CARTESIAN_POINT ( 'NONE',  ( 4.945462857232000076, 4.000000000000000000, -16.97500000000000142 ) ) ;
#10796 = DIRECTION ( 'NONE',  ( 0.000000000000000000, 1.000000000000000000, 0.000000000000000000 ) ) ;
#10797 = ORIENTED_EDGE ( 'NONE', *, *, #7149, .T. ) ;
#10798 = PLANE ( 'NONE',  #6204 ) ;
#10799 = VERTEX_POINT ( 'NONE', #8800 ) ;
#10800 = DIRECTION ( 'NONE',  ( 0.000000000000000000, 0.000000000000000000, -1.000000000000000000 ) ) ;
#10801 = CARTESIAN_POINT ( 'NONE',  ( 3.665462857232000271, 14.55000000000000071, 0.000000000000000000 ) ) ;
#10802 = CARTESIAN_POINT ( 'NONE',  ( 1.880462857232000129, 17.06999999999999673, -21.01999999999999957 ) ) ;
#10803 = DIRECTION ( 'NONE',  ( 0.000000000000000000, 0.000000000000000000, 1.000000000000000000 ) ) ;
#10804 = ORIENTED_EDGE ( 'NONE', *, *, #3983, .F. ) ;
#10805 = FACE_OUTER_BOUND ( 'NONE', #3604, .T. ) ;
#10806 = CARTESIAN_POINT ( 'NONE',  ( 12.66546285723199894, 0.000000000000000000, -16.97500000000000142 ) ) ;
#10807 = ORIENTED_EDGE ( 'NONE', *, *, #8579, .T. ) ;
#10808 = B_SPLINE_CURVE_WITH_KNOTS ( 'NONE', 3,
 ( #8973, #8029, #5223, #11532 ),
 .UNSPECIFIED., .F., .F.,
 ( 4, 4 ),
 ( 0.000000000000000000, 1.000000000000000000 ),
 .UNSPECIFIED. ) ;
#10809 = CARTESIAN_POINT ( 'NONE',  ( 3.465462857232000093, 7.315000000000000391, -0.2500000000000000000 ) ) ;
#10810 = CARTESIAN_POINT ( 'NONE',  ( 15.38046285723200057, 3.700000000000000178, 27.70149999999999935 ) ) ;
#10811 = VECTOR ( 'NONE', #1317, 1000.000000000000000 ) ;
#10812 = ORIENTED_EDGE ( 'NONE', *, *, #6290, .T. ) ;
#10813 = ORIENTED_EDGE ( 'NONE', *, *, #9089, .T. ) ;
#10814 = DIRECTION ( 'NONE',  ( 0.000000000000000000, -1.000000000000000000, 0.000000000000000000 ) ) ;
#10815 = DIRECTION ( 'NONE',  ( 0.000000000000000000, 0.000000000000000000, 1.000000000000000000 ) ) ;
#10816 = CARTESIAN_POINT ( 'NONE',  ( 14.78046285723200093, 3.700000000000000178, -4.750000000000000000 ) ) ;
#10817 = AXIS2_PLACEMENT_3D ( 'NONE', #5433, #2021, #95 ) ;
#10818 = DIRECTION ( 'NONE',  ( 0.000000000000000000, 0.000000000000000000, -1.000000000000000000 ) ) ;
#10819 = EDGE_LOOP ( 'NONE', ( #3280, #1992, #4632, #5640 ) ) ;
#10820 = DIRECTION ( 'NONE',  ( 0.000000000000000000, 0.000000000000000000, 1.000000000000000000 ) ) ;
#10821 = ORIENTED_EDGE ( 'NONE', *, *, #11303, .F. ) ;
#10822 = AXIS2_PLACEMENT_3D ( 'NONE', #5410, #7115, #2771 ) ;
#10823 = ORIENTED_EDGE ( 'NONE', *, *, #10133, .T. ) ;
#10824 = ORIENTED_EDGE ( 'NONE', *, *, #9359, .F. ) ;
#10825 = AXIS2_PLACEMENT_3D ( 'NONE', #10663, #819, #2632 ) ;
#10826 = EDGE_LOOP ( 'NONE', ( #4606, #1622, #9463, #9743 ) ) ;
#10827 = CARTESIAN_POINT ( 'NONE',  ( 16.87050344111299793, 4.000000000000000000, -12.34004058388099878 ) ) ;
#10828 = VERTEX_POINT ( 'NONE', #8913 ) ;
#10829 = CARTESIAN_POINT ( 'NONE',  ( 5.440503441113000882, 3.600000000000000089, -9.259959416120000952 ) ) ;
#10830 = DIRECTION ( 'NONE',  ( -8.676232390403000097E-13, -1.000000000000000000, 1.390633328440999963E-13 ) ) ;
#10831 = CIRCLE ( 'NONE', #7097, 1.210040583880999332 ) ;
#10832 = CARTESIAN_POINT ( 'NONE',  ( 4.615462857232000005, 11.67999999999999972, -0.5000000000000000000 ) ) ;
#10833 = VERTEX_POINT ( 'NONE', #765 ) ;
#10834 = DIRECTION ( 'NONE',  ( 0.000000000000000000, -1.000000000000000000, 0.000000000000000000 ) ) ;
#10835 = VECTOR ( 'NONE', #2914, 1000.000000000000000 ) ;
#10836 = AXIS2_PLACEMENT_3D ( 'NONE', #10566, #2534, #9858 ) ;
#10837 = DIRECTION ( 'NONE',  ( -1.000000000000000000, 0.000000000000000000, 0.000000000000000000 ) ) ;
#10838 = EDGE_CURVE ( 'NONE', #1555, #6642, #4447, .T. ) ;
#10839 = ADVANCED_FACE ( 'NONE', ( #11598 ), #3559, .T. ) ;
#10840 = DIRECTION ( 'NONE',  ( 0.1961161351382035567, 0.9805806756909162258, 0.000000000000000000 ) ) ;
#10841 = CARTESIAN_POINT ( 'NONE',  ( 13.81588052485900064, 17.10000000000000142, -16.78286904096600196 ) ) ;
#10842 = ORIENTED_EDGE ( 'NONE', *, *, #2184, .T. ) ;
#10843 = VECTOR ( 'NONE', #2064, 1000.000000000000000 ) ;
#10844 = EDGE_CURVE ( 'NONE', #11310, #579, #3445, .T. ) ;
#10845 = ORIENTED_EDGE ( 'NONE', *, *, #2918, .T. ) ;
#10846 = CIRCLE ( 'NONE', #5236, 0.5999999999999999778 ) ;
#10847 = AXIS2_PLACEMENT_3D ( 'NONE', #9068, #1729, #5539 ) ;
#10848 = DIRECTION ( 'NONE',  ( 0.000000000000000000, -1.000000000000000000, 0.000000000000000000 ) ) ;
#10849 = LINE ( 'NONE', #8337, #3167 ) ;
#10850 = CARTESIAN_POINT ( 'NONE',  ( 1.650462857231999925, 17.06999999999999673, -0.2300000000000000100 ) ) ;
#10851 = CARTESIAN_POINT ( 'NONE',  ( 8.519641148791000873, 17.30000000000000071, -17.64999999999999858 ) ) ;
#10852 = DIRECTION ( 'NONE',  ( -1.000000000000000000, 0.000000000000000000, 0.000000000000000000 ) ) ;
#10853 = ORIENTED_EDGE ( 'NONE', *, *, #10135, .T. ) ;
#10854 = VECTOR ( 'NONE', #4066, 1000.000000000000000 ) ;
#10855 = VECTOR ( 'NONE', #5396, 1000.000000000000000 ) ;
#10856 = DIRECTION ( 'NONE',  ( 0.000000000000000000, 0.000000000000000000, -1.000000000000000000 ) ) ;
#10857 = CYLINDRICAL_SURFACE ( 'NONE', #8301, 0.09999999999999982514 ) ;
#10858 = EDGE_CURVE ( 'NONE', #9846, #1738, #2574, .T. ) ;
#10859 = EDGE_CURVE ( 'NONE', #2163, #1562, #5568, .T. ) ;
#10860 = ORIENTED_EDGE ( 'NONE', *, *, #10421, .T. ) ;
#10861 = DIRECTION ( 'NONE',  ( -1.000000000000000000, 0.000000000000000000, 0.000000000000000000 ) ) ;
#10862 = ORIENTED_EDGE ( 'NONE', *, *, #4928, .T. ) ;
#10863 = LINE ( 'NONE', #1078, #11261 ) ;
#10864 = LINE ( 'NONE', #2836, #9167 ) ;
#10865 = VECTOR ( 'NONE', #5842, 1000.000000000000000 ) ;
#10866 = CIRCLE ( 'NONE', #6013, 0.2299999999999999545 ) ;
#10867 = CARTESIAN_POINT ( 'NONE',  ( 1.650462857231999925, 4.000000000000000000, -13.08000000000000007 ) ) ;
#10868 = CARTESIAN_POINT ( 'NONE',  ( 6.465462857231999649, 7.649999999999999467, 0.000000000000000000 ) ) ;
#10869 = VERTEX_POINT ( 'NONE', #11081 ) ;
#10870 = FACE_OUTER_BOUND ( 'NONE', #1866, .T. ) ;
#10871 = DIRECTION ( 'NONE',  ( 0.000000000000000000, 0.000000000000000000, -1.000000000000000000 ) ) ;
#10872 = VERTEX_POINT ( 'NONE', #7326 ) ;
#10873 = CARTESIAN_POINT ( 'NONE',  ( 17.53971789399400905, 4.475877390722003746, -13.92373475950099504 ) ) ;
#10874 = PLANE ( 'NONE',  #5287 ) ;
#10875 = CIRCLE ( 'NONE', #6395, 0.2300000000000010369 ) ;
#10876 = VECTOR ( 'NONE', #6302, 1000.000000000000000 ) ;
#10877 = ADVANCED_FACE ( 'NONE', ( #7388 ), #1058, .T. ) ;
#10878 = EDGE_CURVE ( 'NONE', #1555, #295, #3736, .T. ) ;
#10879 = ORIENTED_EDGE ( 'NONE', *, *, #6285, .F. ) ;
#10880 = ORIENTED_EDGE ( 'NONE', *, *, #6278, .T. ) ;
#10881 = CARTESIAN_POINT ( 'NONE',  ( 13.49399962550600129, 17.30000000000000071, -17.56236614695500009 ) ) ;
#10882 = DIRECTION ( 'NONE',  ( 0.000000000000000000, 0.000000000000000000, 1.000000000000000000 ) ) ;
#10883 = PLANE ( 'NONE',  #4848 ) ;
#10884 =( GEOMETRIC_REPRESENTATION_CONTEXT ( 3 ) GLOBAL_UNCERTAINTY_ASSIGNED_CONTEXT ( ( #8253 ) ) GLOBAL_UNIT_ASSIGNED_CONTEXT ( ( #11566, #6962, #10587 ) ) REPRESENTATION_CONTEXT ( 'NONE', 'WORKASPACE' ) );
#10885 = VECTOR ( 'NONE', #11282, 1000.000000000000227 ) ;
#10886 = ORIENTED_EDGE ( 'NONE', *, *, #884, .T. ) ;
#10887 = VECTOR ( 'NONE', #10830, 1000.000000000000000 ) ;
#10888 = DIRECTION ( 'NONE',  ( 0.000000000000000000, 0.000000000000000000, -1.000000000000000000 ) ) ;
#10889 = VECTOR ( 'NONE', #1936, 1000.000000000000000 ) ;
#10890 = ORIENTED_EDGE ( 'NONE', *, *, #4576, .T. ) ;
#10891 = EDGE_LOOP ( 'NONE', ( #258, #5691, #5833, #5455 ) ) ;
#10892 = EDGE_LOOP ( 'NONE', ( #7127, #2447, #6065, #11267 ) ) ;
#10893 = ORIENTED_EDGE ( 'NONE', *, *, #6561, .T. ) ;
#10894 = CARTESIAN_POINT ( 'NONE',  ( 13.74050917796599869, 17.10000000000000142, -17.32506086918699850 ) ) ;
#10896 = FACE_OUTER_BOUND ( 'NONE', #1386, .T. ) ;
#10895 = AXIS2_PLACEMENT_3D ( 'NONE', #2075, #5661, #9175 ) ;
#10897 = LINE ( 'NONE', #2040, #1379 ) ;
#10898 = VECTOR ( 'NONE', #4281, 1000.000000000000000 ) ;
#10899 = VECTOR ( 'NONE', #10814, 1000.000000000000000 ) ;
#10900 = CARTESIAN_POINT ( 'NONE',  ( 1.691207820469998513, 0.5179020276600060368, -13.92373475950099504 ) ) ;
#10901 = ORIENTED_EDGE ( 'NONE', *, *, #11538, .T. ) ;
#10902 = CARTESIAN_POINT ( 'NONE',  ( 10.17883337710849823, 17.30000000000000071, -17.64999999999999858 ) ) ;
#10903 = FACE_OUTER_BOUND ( 'NONE', #5428, .T. ) ;
#10904 = AXIS2_PLACEMENT_3D ( 'NONE', #11159, #4236, #10275 ) ;
#10905 = CARTESIAN_POINT ( 'NONE',  ( 12.61170228694399853, 17.30000000000000071, -16.65417823791499785 ) ) ;
#10906 = CARTESIAN_POINT ( 'NONE',  ( 1.880462857232000129, 17.06999999999999673, -21.01999999999999957 ) ) ;
#10907 = VECTOR ( 'NONE', #4709, 1000.000000000000227 ) ;
#10908 = ORIENTED_EDGE ( 'NONE', *, *, #6076, .F. ) ;
#10909 = VECTOR ( 'NONE', #3952, 1000.000000000000000 ) ;
#10910 = VERTEX_POINT ( 'NONE', #6644 ) ;
#10911 = CARTESIAN_POINT ( 'NONE',  ( 13.45546285723199986, 0.000000000000000000, -6.989999999999999325 ) ) ;
#10912 = VECTOR ( 'NONE', #11351, 1000.000000000000000 ) ;
#10913 = CARTESIAN_POINT ( 'NONE',  ( 13.87392848543099966, 0.4000000000000000222, -11.03266418667999993 ) ) ;
#10914 = PLANE ( 'NONE',  #6945 ) ;
#10915 = CARTESIAN_POINT ( 'NONE',  ( 3.265462857231999916, 7.315000000000000391, -45.75403533315000004 ) ) ;
#10916 = LINE ( 'NONE', #2886, #583 ) ;
#10917 = EDGE_LOOP ( 'NONE', ( #7247, #11514, #7112, #5866, #9854, #8235 ) ) ;
#10918 = PLANE ( 'NONE',  #2118 ) ;
#10919 = DIRECTION ( 'NONE',  ( 1.000000000000000000, 0.000000000000000000, 0.000000000000000000 ) ) ;
#10920 = VERTEX_POINT ( 'NONE', #3803 ) ;
#10921 = ORIENTED_EDGE ( 'NONE', *, *, #10701, .F. ) ;
#10922 = CARTESIAN_POINT ( 'NONE',  ( 13.50181421016199934, 17.30000000000000071, -16.36309190392499957 ) ) ;
#10923 = EDGE_CURVE ( 'NONE', #6188, #11299, #1988, .T. ) ;
#10924 = ORIENTED_EDGE ( 'NONE', *, *, #2755, .F. ) ;
#10925 = DIRECTION ( 'NONE',  ( 0.000000000000000000, 0.000000000000000000, 1.000000000000000000 ) ) ;
#10926 = CARTESIAN_POINT ( 'NONE',  ( 13.32716239665499813, 17.30000000000000071, -16.98816152811100011 ) ) ;
#10927 = EDGE_CURVE ( 'NONE', #6616, #4209, #9564, .T. ) ;
#10928 = CARTESIAN_POINT ( 'NONE',  ( 9.615462857231998228, 0.000000000000000000, -21.25000000000000000 ) ) ;
#10929 = CARTESIAN_POINT ( 'NONE',  ( 3.750462857232000236, 4.000000000000000000, -4.750000000000000000 ) ) ;
#10930 = ORIENTED_EDGE ( 'NONE', *, *, #7134, .F. ) ;
#10931 = ADVANCED_FACE ( 'NONE', ( #10903 ), #2808, .F. ) ;
#10932 = EDGE_CURVE ( 'NONE', #8784, #8334, #1294, .T. ) ;
#10933 = DIRECTION ( 'NONE',  ( 0.000000000000000000, -1.000000000000000000, 0.000000000000000000 ) ) ;
#10934 = CARTESIAN_POINT ( 'NONE',  ( 2.437554162901999888, 4.000000000000000000, -11.13246081994999948 ) ) ;
#10935 = ORIENTED_EDGE ( 'NONE', *, *, #5154, .T. ) ;
#10936 = CARTESIAN_POINT ( 'NONE',  ( 15.48046285723199844, 4.000000000000000000, -12.36784087202799931 ) ) ;
#10937 = DIRECTION ( 'NONE',  ( 1.000000000000000000, 0.000000000000000000, 0.000000000000000000 ) ) ;
#10938 = ORIENTED_EDGE ( 'NONE', *, *, #11339, .T. ) ;
#10939 = ORIENTED_EDGE ( 'NONE', *, *, #6783, .T. ) ;
#10940 = LINE ( 'NONE', #5605, #9208 ) ;
#10941 = CARTESIAN_POINT ( 'NONE',  ( 3.850462857231999880, 3.600000000000000089, -9.225793850860000589 ) ) ;
#10942 = LINE ( 'NONE', #10816, #2963 ) ;
#10943 = PLANE ( 'NONE',  #7116 ) ;
#10944 = EDGE_CURVE ( 'NONE', #8132, #3918, #1935, .T. ) ;
#10945 = EDGE_CURVE ( 'NONE', #9288, #6874, #2989, .T. ) ;
#10946 = DIRECTION ( 'NONE',  ( 0.000000000000000000, 0.000000000000000000, -1.000000000000000000 ) ) ;
#10947 = ORIENTED_EDGE ( 'NONE', *, *, #2561, .T. ) ;
#10948 = DIRECTION ( 'NONE',  ( 0.000000000000000000, -1.000000000000000000, 0.000000000000000000 ) ) ;
#10949 = PLANE ( 'NONE',  #7886 ) ;
#10950 = ORIENTED_EDGE ( 'NONE', *, *, #9601, .T. ) ;
#10951 = EDGE_CURVE ( 'NONE', #7560, #10417, #6400, .T. ) ;
#10952 = VERTEX_POINT ( 'NONE', #2171 ) ;
#10953 = ORIENTED_EDGE ( 'NONE', *, *, #1972, .T. ) ;
#10954 = VERTEX_POINT ( 'NONE', #9971 ) ;
#10955 = FACE_OUTER_BOUND ( 'NONE', #2276, .T. ) ;
#10956 = CARTESIAN_POINT ( 'NONE',  ( 7.585462857231999756, 4.537037037036999898, -0.4500000000000000111 ) ) ;
#10957 = CARTESIAN_POINT ( 'NONE',  ( 14.88046285723199880, 3.600000000000000089, -4.750000000000000000 ) ) ;
#10958 = CARTESIAN_POINT ( 'NONE',  ( 13.74050917796599869, 17.30000000000000071, -17.32506086918699850 ) ) ;
#10959 = VERTEX_POINT ( 'NONE', #9099 ) ;
#10960 = CARTESIAN_POINT ( 'NONE',  ( 5.440503441113000882, 0.5000000000000000000, -9.259959416120000952 ) ) ;
#10961 = DIRECTION ( 'NONE',  ( 0.000000000000000000, 0.000000000000000000, 1.000000000000000000 ) ) ;
#10962 = FACE_OUTER_BOUND ( 'NONE', #11035, .T. ) ;
#10963 = CARTESIAN_POINT ( 'NONE',  ( 1.880462857232000129, 17.23263455967290625, -21.18263455967290909 ) ) ;
#10964 = ORIENTED_EDGE ( 'NONE', *, *, #5190, .T. ) ;
#10965 = ORIENTED_EDGE ( 'NONE', *, *, #2471, .T. ) ;
#10966 = CARTESIAN_POINT ( 'NONE',  ( 4.133127043912000254, 0.5000000000000000000, -9.343465628199998818 ) ) ;
#10967 = CARTESIAN_POINT ( 'NONE',  ( 7.010588299974999771, 17.30000000000000071, -17.22869080305100198 ) ) ;
#10968 = LINE ( 'NONE', #1246, #755 ) ;
#10969 = CARTESIAN_POINT ( 'NONE',  ( 13.95546285723199986, 4.000000000000000000, -6.989999999999999325 ) ) ;
#10970 = DIRECTION ( 'NONE',  ( 0.000000000000000000, -1.000000000000000000, 0.000000000000000000 ) ) ;
#10971 = ORIENTED_EDGE ( 'NONE', *, *, #7211, .F. ) ;
#10972 = ORIENTED_EDGE ( 'NONE', *, *, #2477, .F. ) ;
#10973 = CARTESIAN_POINT ( 'NONE',  ( 11.39546285723199937, 0.000000000000000000, -19.86500000000000199 ) ) ;
#10974 = CARTESIAN_POINT ( 'NONE',  ( 3.750462857232000236, 3.600000000000000089, -4.750000000000000000 ) ) ;
#10975 = ORIENTED_EDGE ( 'NONE', *, *, #6921, .T. ) ;
#10976 = DIRECTION ( 'NONE',  ( 1.000000000000000000, 0.000000000000000000, 0.000000000000000000 ) ) ;
#10977 = ORIENTED_EDGE ( 'NONE', *, *, #5729, .T. ) ;
#10978 = LINE ( 'NONE', #4721, #3774 ) ;
#10979 = DIRECTION ( 'NONE',  ( 0.1577384316472046910, 0.000000000000000000, -0.9874809300343374563 ) ) ;
#10980 = DIRECTION ( 'NONE',  ( 0.000000000000000000, 0.000000000000000000, 1.000000000000000000 ) ) ;
#10981 = CARTESIAN_POINT ( 'NONE',  ( 1.650462857231999925, 4.343779418383999946, -13.85886898516099919 ) ) ;
#10982 = EDGE_LOOP ( 'NONE', ( #8034, #11355, #4820, #5978 ) ) ;
#10983 = PLANE ( 'NONE',  #11410 ) ;
#10984 = CARTESIAN_POINT ( 'NONE',  ( 17.54839636686162407, 4.032091527760894856, -0.1119195005306733437 ) ) ;
#10985 = ORIENTED_EDGE ( 'NONE', *, *, #8860, .F. ) ;
#10986 = CARTESIAN_POINT ( 'NONE',  ( 11.81964114879099981, 17.30000000000000071, -16.37841224074399804 ) ) ;
#10987 = ADVANCED_FACE ( 'NONE', ( #10078 ), #9626, .F. ) ;
#10988 = CARTESIAN_POINT ( 'NONE',  ( 1.780888644980200164, 4.130452817030006329, -0.02244517429446101289 ) ) ;
#10989 = EDGE_CURVE ( 'NONE', #8758, #9946, #8452, .T. ) ;
#10990 = VERTEX_POINT ( 'NONE', #10145 ) ;
#10991 = CARTESIAN_POINT ( 'NONE',  ( 8.113652288661000966, 17.30000000000000071, -17.64999999999999858 ) ) ;
#10992 = ADVANCED_FACE ( 'NONE', ( #4758 ), #414, .F. ) ;
#10993 = DIRECTION ( 'NONE',  ( 0.000000000000000000, 0.000000000000000000, -1.000000000000000000 ) ) ;
#10994 = EDGE_CURVE ( 'NONE', #3476, #1336, #3862, .T. ) ;
#10995 = LINE ( 'NONE', #214, #10670 ) ;
#10996 = CARTESIAN_POINT ( 'NONE',  ( 3.465462857232000093, 14.55000000000000071, 0.000000000000000000 ) ) ;
#10997 = EDGE_CURVE ( 'NONE', #4616, #4021, #5641, .T. ) ;
#10998 = ORIENTED_EDGE ( 'NONE', *, *, #321, .F. ) ;
#10999 = CARTESIAN_POINT ( 'NONE',  ( 7.163791668162000192, 17.10000000000000142, -16.83955427408200123 ) ) ;
#11000 = DIRECTION ( 'NONE',  ( 0.000000000000000000, 0.000000000000000000, 1.000000000000000000 ) ) ;
#11001 = ORIENTED_EDGE ( 'NONE', *, *, #2348, .T. ) ;
#11002 = ORIENTED_EDGE ( 'NONE', *, *, #11558, .F. ) ;
#11003 = ORIENTED_EDGE ( 'NONE', *, *, #8148, .T. ) ;
#11004 = EDGE_LOOP ( 'NONE', ( #8324, #7620, #10004, #3243 ) ) ;
#11005 = EDGE_CURVE ( 'NONE', #1360, #3072, #5157, .T. ) ;
#11006 = EDGE_CURVE ( 'NONE', #4553, #335, #11308, .T. ) ;
#11007 = EDGE_CURVE ( 'NONE', #9764, #283, #4696, .T. ) ;
#11008 = CARTESIAN_POINT ( 'NONE',  ( 7.585462857231999756, 4.349999999999999645, 0.000000000000000000 ) ) ;
#11009 = VECTOR ( 'NONE', #1895, 1000.000000000000000 ) ;
#11010 = DIRECTION ( 'NONE',  ( -0.000000000000000000, 1.000000000000000000, 0.000000000000000000 ) ) ;
#11011 = LINE ( 'NONE', #2983, #7551 ) ;
#11012 = DIRECTION ( 'NONE',  ( 0.000000000000000000, 0.000000000000000000, -1.000000000000000000 ) ) ;
#11013 = ORIENTED_EDGE ( 'NONE', *, *, #8868, .T. ) ;
#11014 = CARTESIAN_POINT ( 'NONE',  ( 4.945462857232000076, 4.000000000000000000, -16.97500000000000142 ) ) ;
#11015 = VECTOR ( 'NONE', #158, 1000.000000000000000 ) ;
#11016 = CARTESIAN_POINT ( 'NONE',  ( 5.395462857232000253, 4.000000000000000000, -16.97500000000000142 ) ) ;
#11017 = CIRCLE ( 'NONE', #5973, 0.09999999999999954758 ) ;
#11018 = CARTESIAN_POINT ( 'NONE',  ( 15.73866793798899621, 14.65000000000000036, -0.2500000000000000000 ) ) ;
#11019 = ORIENTED_EDGE ( 'NONE', *, *, #9665, .T. ) ;
#11020 = EDGE_CURVE ( 'NONE', #6134, #4567, #11245, .T. ) ;
#11021 = VERTEX_POINT ( 'NONE', #4095 ) ;
#11022 = AXIS2_PLACEMENT_3D ( 'NONE', #1911, #8068, #4665 ) ;
#11023 = FACE_OUTER_BOUND ( 'NONE', #4235, .T. ) ;
#11024 = VECTOR ( 'NONE', #10980, 1000.000000000000000 ) ;
#11025 = AXIS2_PLACEMENT_3D ( 'NONE', #2177, #11026, #8278 ) ;
#11026 = DIRECTION ( 'NONE',  ( -0.9979663327133607709, 0.000000000000000000, -0.06374322529215128985 ) ) ;
#11027 = CARTESIAN_POINT ( 'NONE',  ( 7.935462857231999401, 4.000000000000000000, -17.32499999999999929 ) ) ;
#11028 = LINE ( 'NONE', #3933, #7856 ) ;
#11029 = CYLINDRICAL_SURFACE ( 'NONE', #186, 0.5999999999999999778 ) ;
#11030 = ORIENTED_EDGE ( 'NONE', *, *, #7770, .T. ) ;
#11031 = ORIENTED_EDGE ( 'NONE', *, *, #8199, .F. ) ;
#11032 = VECTOR ( 'NONE', #10750, 1000.000000000000227 ) ;
#11033 = DIRECTION ( 'NONE',  ( 0.5773502691896257311, 0.5773502691896257311, -0.5773502691896257311 ) ) ;
#11034 = VECTOR ( 'NONE', #6265, 1000.000000000000000 ) ;
#11035 = EDGE_LOOP ( 'NONE', ( #104, #4444, #5487, #8123 ) ) ;
#11036 = CARTESIAN_POINT ( 'NONE',  ( 13.27966912959599988, 17.30000000000000071, -16.30027856230699612 ) ) ;
#11037 = VERTEX_POINT ( 'NONE', #1415 ) ;
#11038 = CARTESIAN_POINT ( 'NONE',  ( 7.501781687982999713, 4.513153390275999932, -0.3210283074900034950 ) ) ;
#11039 = CARTESIAN_POINT ( 'NONE',  ( 13.25927305105200027, 17.30000000000000071, -17.20687288253900249 ) ) ;
#11040 = AXIS2_PLACEMENT_3D ( 'NONE', #8777, #6970, #4150 ) ;
#11041 = DIRECTION ( 'NONE',  ( 0.000000000000000000, 0.000000000000000000, 1.000000000000000000 ) ) ;
#11042 = ORIENTED_EDGE ( 'NONE', *, *, #812, .T. ) ;
#11043 = VECTOR ( 'NONE', #5015, 1000.000000000000000 ) ;
#11044 = VECTOR ( 'NONE', #3131, 1000.000000000000000 ) ;
#11045 = LINE ( 'NONE', #1321, #10854 ) ;
#11046 = DIRECTION ( 'NONE',  ( 0.000000000000000000, 0.000000000000000000, -1.000000000000000000 ) ) ;
#11047 = ORIENTED_EDGE ( 'NONE', *, *, #9508, .T. ) ;
#11048 = CARTESIAN_POINT ( 'NONE',  ( 3.900462857232000147, 4.000000000000000000, -10.80000000000000071 ) ) ;
#11049 = DIRECTION ( 'NONE',  ( -1.000000000000000000, 0.000000000000000000, 0.000000000000000000 ) ) ;
#11050 = ORIENTED_EDGE ( 'NONE', *, *, #6142, .T. ) ;
#11051 = AXIS2_PLACEMENT_3D ( 'NONE', #4405, #4182, #11541 ) ;
#11052 = AXIS2_PLACEMENT_3D ( 'NONE', #4811, #10318, #4220 ) ;
#11053 = CARTESIAN_POINT ( 'NONE',  ( 4.015462861701999842, 17.10000000000000142, -17.64999999999999858 ) ) ;
#11054 = CARTESIAN_POINT ( 'NONE',  ( 15.38046285723200057, 3.600000000000000089, -9.225793850860000589 ) ) ;
#11055 = CARTESIAN_POINT ( 'NONE',  ( 4.373992286907890659, 3.602019484911013869, -11.76797558102543206 ) ) ;
#11056 = CARTESIAN_POINT ( 'NONE',  ( 12.95641006205999979, 17.30000000000000071, -17.29456826448399909 ) ) ;
#11057 = EDGE_CURVE ( 'NONE', #3994, #3177, #4985, .T. ) ;
#11058 = B_SPLINE_CURVE_WITH_KNOTS ( 'NONE', 3,
 ( #3997, #10324, #2231, #479 ),
 .UNSPECIFIED., .F., .F.,
 ( 4, 4 ),
 ( 0.000000000000000000, 1.000000000000000000 ),
 .UNSPECIFIED. ) ;
#11059 = CARTESIAN_POINT ( 'NONE',  ( 17.58046285723199986, 4.203779418383999378, -13.85886898516099919 ) ) ;
#11060 = ORIENTED_EDGE ( 'NONE', *, *, #2990, .T. ) ;
#11061 = CIRCLE ( 'NONE', #9207, 0.1000000000000002554 ) ;
#11062 = DIRECTION ( 'NONE',  ( 0.4531010533589870937, 0.000000000000000000, 0.8914591608396742473 ) ) ;
#11063 = CARTESIAN_POINT ( 'NONE',  ( 9.615462857231998228, 10.65000000000000036, -14.75000000000000000 ) ) ;
#11064 = EDGE_LOOP ( 'NONE', ( #9039, #6521, #1192, #4997 ) ) ;
#11065 = ORIENTED_EDGE ( 'NONE', *, *, #1462, .F. ) ;
#11066 = ORIENTED_EDGE ( 'NONE', *, *, #10844, .F. ) ;
#11067 = ORIENTED_EDGE ( 'NONE', *, *, #1557, .T. ) ;
#11068 = CARTESIAN_POINT ( 'NONE',  ( 3.667798670551999596, 39.85228000000000037, -9.343465628199998818 ) ) ;
#11069 = ORIENTED_EDGE ( 'NONE', *, *, #11492, .F. ) ;
#11070 = CARTESIAN_POINT ( 'NONE',  ( 16.78699722903299829, 0.5000000000000000000, -11.03266418667999993 ) ) ;
#11071 = EDGE_CURVE ( 'NONE', #5520, #9123, #8561, .T. ) ;
#11072 = CARTESIAN_POINT ( 'NONE',  ( 17.53971789399400194, 0.6254923216800015728, -13.49401473673500718 ) ) ;
#11073 = EDGE_CURVE ( 'NONE', #6130, #4553, #3319, .T. ) ;
#11074 = DIRECTION ( 'NONE',  ( 0.000000000000000000, 0.000000000000000000, 1.000000000000000000 ) ) ;
#11075 = EDGE_LOOP ( 'NONE', ( #5730, #4478, #3137 ) ) ;
#11076 = CIRCLE ( 'NONE', #3789, 0.09999999999999982514 ) ;
#11077 = DIRECTION ( 'NONE',  ( -1.000000000000000000, 0.000000000000000000, 0.000000000000000000 ) ) ;
#11078 = AXIS2_PLACEMENT_3D ( 'NONE', #4759, #5636, #9214 ) ;
#11079 = EDGE_CURVE ( 'NONE', #7910, #6185, #7696, .T. ) ;
#11080 = EDGE_CURVE ( 'NONE', #9505, #7602, #1522, .T. ) ;
#11081 = CARTESIAN_POINT ( 'NONE',  ( 4.450462857231999081, 4.000000000000000000, -11.64432666501200053 ) ) ;
#11082 = CARTESIAN_POINT ( 'NONE',  ( 6.265462857232000360, 5.689999999999999503, -0.2500000000000000000 ) ) ;
#11083 = EDGE_LOOP ( 'NONE', ( #3009, #144, #5829, #8882 ) ) ;
#11084 = CIRCLE ( 'NONE', #6042, 1.210040583880999776 ) ;
#11085 = EDGE_CURVE ( 'NONE', #3742, #6453, #9391, .T. ) ;
#11086 = AXIS2_PLACEMENT_3D ( 'NONE', #8912, #3848, #331 ) ;
#11087 = ORIENTED_EDGE ( 'NONE', *, *, #252, .F. ) ;
#11088 = CIRCLE ( 'NONE', #1716, 0.2300000000000010369 ) ;
#11089 = CARTESIAN_POINT ( 'NONE',  ( 10.47546285723199944, 4.000000000000000000, -17.32499999999999929 ) ) ;
#11090 = DIRECTION ( 'NONE',  ( 0.000000000000000000, -1.000000000000000000, 0.000000000000000000 ) ) ;
#11091 = CIRCLE ( 'NONE', #1546, 0.1000000000000004358 ) ;
#11092 = EDGE_CURVE ( 'NONE', #8511, #3657, #2271, .T. ) ;
#11093 = EDGE_CURVE ( 'NONE', #10169, #6074, #587, .T. ) ;
#11094 = LINE ( 'NONE', #11027, #10118 ) ;
#11095 = DIRECTION ( 'NONE',  ( 0.000000000000000000, 0.000000000000000000, -1.000000000000000000 ) ) ;
#11096 = DIRECTION ( 'NONE',  ( 0.000000000000000000, -1.000000000000000000, 0.000000000000000000 ) ) ;
#11097 = ORIENTED_EDGE ( 'NONE', *, *, #4396, .T. ) ;
#11098 = AXIS2_PLACEMENT_3D ( 'NONE', #3233, #5941, #1476 ) ;
#11099 = CARTESIAN_POINT ( 'NONE',  ( 13.62744035598714021, 17.30000000000000071, -16.48871841035799690 ) ) ;
#11100 = DIRECTION ( 'NONE',  ( 0.000000000000000000, -1.000000000000000000, 0.000000000000000000 ) ) ;
#11101 = EDGE_LOOP ( 'NONE', ( #722, #9010, #809, #9660 ) ) ;
#11102 = DIRECTION ( 'NONE',  ( 0.000000000000000000, 0.000000000000000000, 1.000000000000000000 ) ) ;
#11103 = CIRCLE ( 'NONE', #7331, 0.1000000000000002554 ) ;
#11104 = ORIENTED_EDGE ( 'NONE', *, *, #3126, .T. ) ;
#11105 = CARTESIAN_POINT ( 'NONE',  ( 11.29546285723199972, 4.000000000000000000, -19.86500000000000199 ) ) ;
#11106 = VECTOR ( 'NONE', #10617, 1000.000000000000000 ) ;
#11107 = CARTESIAN_POINT ( 'NONE',  ( 13.79042227335100002, 0.5000000000000000000, -12.34004058388099878 ) ) ;
#11108 = VECTOR ( 'NONE', #6244, 1000.000000000000000 ) ;
#11109 = CARTESIAN_POINT ( 'NONE',  ( 8.755462857231998797, 0.5000000000000000000, -19.51500000000000057 ) ) ;
#11110 = VERTEX_POINT ( 'NONE', #2345 ) ;
#11111 = CYLINDRICAL_SURFACE ( 'NONE', #9000, 0.1499999999999999667 ) ;
#11112 = CARTESIAN_POINT ( 'NONE',  ( 14.64471057628099970, 17.30000000000000071, -16.30027856230699612 ) ) ;
#11113 = ORIENTED_EDGE ( 'NONE', *, *, #8195, .T. ) ;
#11114 = CARTESIAN_POINT ( 'NONE',  ( 9.615462857231998228, 10.65000000000000036, -0.2500000000000000000 ) ) ;
#11115 = CARTESIAN_POINT ( 'NONE',  ( 3.665462857232000271, 9.679999999999999716, -9.799999999999998934 ) ) ;
#11116 = ORIENTED_EDGE ( 'NONE', *, *, #52, .F. ) ;
#11117 = DIRECTION ( 'NONE',  ( -1.000000000000000000, 0.000000000000000000, 0.000000000000000000 ) ) ;
#11118 = CARTESIAN_POINT ( 'NONE',  ( 15.09779867055200064, 0.5000000000000000000, -9.343465628199998818 ) ) ;
#11119 = CARTESIAN_POINT ( 'NONE',  ( 3.750462857232000236, 3.600000000000000089, -4.750000000000000000 ) ) ;
#11120 = CARTESIAN_POINT ( 'NONE',  ( 4.148900887075999577, 3.600000000000000089, -9.244717535199999503 ) ) ;
#11121 = CARTESIAN_POINT ( 'NONE',  ( 9.615462857231998228, 0.000000000000000000, -21.25000000000000000 ) ) ;
#11122 = ORIENTED_EDGE ( 'NONE', *, *, #3127, .T. ) ;
#11123 = DIRECTION ( 'NONE',  ( 0.000000000000000000, 1.000000000000000000, 0.000000000000000000 ) ) ;
#11124 = DIRECTION ( 'NONE',  ( -0.1961161351382035567, 0.9805806756909163369, 0.000000000000000000 ) ) ;
#11125 = ORIENTED_EDGE ( 'NONE', *, *, #8850, .F. ) ;
#11126 = EDGE_LOOP ( 'NONE', ( #11313, #8150, #9822, #7251 ) ) ;
#11127 = EDGE_LOOP ( 'NONE', ( #3608, #9244, #4208, #6372 ) ) ;
#11128 = EDGE_LOOP ( 'NONE', ( #5171, #3792, #487, #652 ) ) ;
#11129 = CYLINDRICAL_SURFACE ( 'NONE', #9552, 0.1000000000000014072 ) ;
#11130 = ORIENTED_EDGE ( 'NONE', *, *, #9802, .F. ) ;
#11131 = CARTESIAN_POINT ( 'NONE',  ( 14.99554685328999959, 17.10000000000000142, -16.30027856230699612 ) ) ;
#11132 = CARTESIAN_POINT ( 'NONE',  ( 17.76079236082700064, 0.5132749211100002817, -13.70998360676699335 ) ) ;
#11133 = DIRECTION ( 'NONE',  ( 0.6306387874154939510, 0.000000000000000000, -0.7760764909511919107 ) ) ;
#11134 = VERTEX_POINT ( 'NONE', #4160 ) ;
#11135 = FACE_OUTER_BOUND ( 'NONE', #11375, .T. ) ;
#11136 = DIRECTION ( 'NONE',  ( 0.000000000000000000, 1.000000000000000000, 0.000000000000000000 ) ) ;
#11137 = EDGE_CURVE ( 'NONE', #6112, #2026, #2545, .T. ) ;
#11138 = CARTESIAN_POINT ( 'NONE',  ( 14.78046285723200093, 3.700000000000000178, -9.955673334989999290 ) ) ;
#11139 = EDGE_CURVE ( 'NONE', #682, #9127, #5881, .T. ) ;
#11140 = ORIENTED_EDGE ( 'NONE', *, *, #11280, .T. ) ;
#11141 = ORIENTED_EDGE ( 'NONE', *, *, #3999, .F. ) ;
#11142 = ADVANCED_FACE ( 'NONE', ( #6914 ), #1585, .T. ) ;
#11143 = DIRECTION ( 'NONE',  ( 0.000000000000000000, 0.000000000000000000, -1.000000000000000000 ) ) ;
#11144 = CARTESIAN_POINT ( 'NONE',  ( 13.21379139603302022, 17.30000000000000071, -17.26545959801125107 ) ) ;
#11145 = DIRECTION ( 'NONE',  ( 0.9999988959613604900, 0.000000000000000000, 0.001485959642861571506 ) ) ;
#11146 = EDGE_CURVE ( 'NONE', #9014, #334, #8064, .T. ) ;
#11147 = CARTESIAN_POINT ( 'NONE',  ( 17.66715801717101186, 4.594803237233004545, -14.04418561978499724 ) ) ;
#11148 = CARTESIAN_POINT ( 'NONE',  ( 16.87050344111299793, 4.000000000000000000, -9.259959416120000952 ) ) ;
#11150 = ORIENTED_EDGE ( 'NONE', *, *, #1628, .F. ) ;
#11149 = EDGE_CURVE ( 'NONE', #1648, #6974, #9573, .T. ) ;
#11151 =( NAMED_UNIT ( * ) SI_UNIT ( $, .STERADIAN. ) SOLID_ANGLE_UNIT ( ) );
#11152 = CARTESIAN_POINT ( 'NONE',  ( 9.435797106966900216, 17.10000000000000142, -16.70167137384400391 ) ) ;
#11153 = VERTEX_POINT ( 'NONE', #9499 ) ;
#11154 = DIRECTION ( 'NONE',  ( 0.000000000000000000, 0.000000000000000000, 1.000000000000000000 ) ) ;
#11155 = EDGE_CURVE ( 'NONE', #2742, #9595, #1460, .T. ) ;
#11156 = EDGE_CURVE ( 'NONE', #7029, #8852, #2820, .T. ) ;
#11157 = ADVANCED_FACE ( 'NONE', ( #9720 ), #10555, .F. ) ;
#11158 = ORIENTED_EDGE ( 'NONE', *, *, #9777, .T. ) ;
#11159 = CARTESIAN_POINT ( 'NONE',  ( 5.440503441113000882, 4.000000000000000000, -9.259959416120000952 ) ) ;
#11160 = DIRECTION ( 'NONE',  ( 0.1577384316472061065, 0.000000000000000000, 0.9874809300343372342 ) ) ;
#11161 = CARTESIAN_POINT ( 'NONE',  ( 13.93546285723200029, 0.000000000000000000, -19.86500000000000199 ) ) ;
#11162 = EDGE_LOOP ( 'NONE', ( #5365, #11165, #10274, #1776 ) ) ;
#11163 = LINE ( 'NONE', #3130, #10865 ) ;
#11164 = CARTESIAN_POINT ( 'NONE',  ( 15.76546285723199858, 11.67999999999999972, 0.000000000000000000 ) ) ;
#11165 = ORIENTED_EDGE ( 'NONE', *, *, #7703, .T. ) ;
#11166 = DIRECTION ( 'NONE',  ( 0.7397541567183051336, 0.000000000000000000, 0.6728772455790055229 ) ) ;
#11167 = ORIENTED_EDGE ( 'NONE', *, *, #7150, .T. ) ;
#11168 = DIRECTION ( 'NONE',  ( -1.000000000000000000, 0.000000000000000000, 0.000000000000000000 ) ) ;
#11169 = CARTESIAN_POINT ( 'NONE',  ( 13.50181416394920042, 17.30000000000000071, -16.36309189034965073 ) ) ;
#11170 = LINE ( 'NONE', #2324, #349 ) ;
#11171 = DIRECTION ( 'NONE',  ( 0.9805806756909163369, -0.1961161351382035567, 0.000000000000000000 ) ) ;
#11172 = DIRECTION ( 'NONE',  ( 0.000000000000000000, -1.000000000000000000, 0.000000000000000000 ) ) ;
#11173 = EDGE_LOOP ( 'NONE', ( #7098, #7523, #7084, #9502 ) ) ;
#11174 = CARTESIAN_POINT ( 'NONE',  ( 11.84546285723200043, 4.549999999999999822, -0.2500000000000000000 ) ) ;
#11175 = ORIENTED_EDGE ( 'NONE', *, *, #5127, .T. ) ;
#11176 = VERTEX_POINT ( 'NONE', #5207 ) ;
#11177 = ORIENTED_EDGE ( 'NONE', *, *, #9716, .F. ) ;
#11178 = ORIENTED_EDGE ( 'NONE', *, *, #10022, .F. ) ;
#11179 = DIRECTION ( 'NONE',  ( -0.1961161351382035567, 0.9805806756909163369, 0.000000000000000000 ) ) ;
#11180 = ORIENTED_EDGE ( 'NONE', *, *, #6190, .T. ) ;
#11181 = DIRECTION ( 'NONE',  ( 0.000000000000000000, 0.000000000000000000, -1.000000000000000000 ) ) ;
#11182 = CARTESIAN_POINT ( 'NONE',  ( 17.66715801717102252, 0.4834837260800103897, -13.93418349838900028 ) ) ;
#11183 = CARTESIAN_POINT ( 'NONE',  ( 15.33046285723199986, 4.000000000000000000, -10.80000000000000071 ) ) ;
#11184 = ORIENTED_EDGE ( 'NONE', *, *, #2256, .F. ) ;
#11185 = CARTESIAN_POINT ( 'NONE',  ( 4.615462857232000005, 9.679999999999999716, -9.799999999999998934 ) ) ;
#11186 = CARTESIAN_POINT ( 'NONE',  ( 14.99800203728100101, 3.600000000000000089, -12.26290869432999919 ) ) ;
#11187 = CARTESIAN_POINT ( 'NONE',  ( 14.85692598127801922, 3.602020412581444120, -9.832038460270643654 ) ) ;
#11188 = CIRCLE ( 'NONE', #3496, 1.310040583881000753 ) ;
#11189 = ORIENTED_EDGE ( 'NONE', *, *, #8652, .T. ) ;
#11190 = ORIENTED_EDGE ( 'NONE', *, *, #1344, .F. ) ;
#11191 = CARTESIAN_POINT ( 'NONE',  ( 17.35046285723199944, 17.06999999999999673, -21.01999999999999957 ) ) ;
#11192 = CARTESIAN_POINT ( 'NONE',  ( 14.28546285723199993, 0.5000000000000000000, -19.86500000000000199 ) ) ;
#11193 = EDGE_CURVE ( 'NONE', #2362, #9846, #919, .T. ) ;
#11194 = PLANE ( 'NONE',  #8972 ) ;
#11195 = VECTOR ( 'NONE', #5547, 1000.000000000000000 ) ;
#11196 = EDGE_CURVE ( 'NONE', #6940, #9577, #9755, .T. ) ;
#11197 = CYLINDRICAL_SURFACE ( 'NONE', #5830, 1.210040583880999776 ) ;
#11198 = LINE ( 'NONE', #1196, #10714 ) ;
#11199 = FACE_OUTER_BOUND ( 'NONE', #5777, .T. ) ;
#11200 = VERTEX_POINT ( 'NONE', #6147 ) ;
#11201 = FACE_OUTER_BOUND ( 'NONE', #11588, .T. ) ;
#11202 = EDGE_CURVE ( 'NONE', #5164, #4241, #6977, .T. ) ;
#11203 = DIRECTION ( 'NONE',  ( -1.000000000000000000, 0.000000000000000000, 0.000000000000000000 ) ) ;
#11204 = AXIS2_PLACEMENT_3D ( 'NONE', #6081, #724, #4305 ) ;
#11205 = VERTEX_POINT ( 'NONE', #8783 ) ;
#11206 = ORIENTED_EDGE ( 'NONE', *, *, #5003, .F. ) ;
#11207 = DIRECTION ( 'NONE',  ( 0.000000000000000000, 0.000000000000000000, -1.000000000000000000 ) ) ;
#11208 = CARTESIAN_POINT ( 'NONE',  ( 13.18927949641700081, 17.10000000000000142, -17.64999999999999858 ) ) ;
#11209 = CARTESIAN_POINT ( 'NONE',  ( 13.95546285723199986, 0.000000000000000000, -6.989999999999999325 ) ) ;
#11210 = VECTOR ( 'NONE', #615, 1000.000000000000000 ) ;
#11211 = DIRECTION ( 'NONE',  ( 0.000000000000000000, 0.000000000000000000, 1.000000000000000000 ) ) ;
#11212 = CARTESIAN_POINT ( 'NONE',  ( 17.48818952941654459, 4.092277580433045792, -0.04538042019703208280 ) ) ;
#11213 = VERTEX_POINT ( 'NONE', #6099 ) ;
#11214 = VECTOR ( 'NONE', #5370, 1000.000000000000000 ) ;
#11215 = AXIS2_PLACEMENT_3D ( 'NONE', #5332, #8089, #6987 ) ;
#11216 = CARTESIAN_POINT ( 'NONE',  ( 3.667798670551999596, 0.4000000000000000222, -9.343465628199998818 ) ) ;
#11217 = ADVANCED_FACE ( 'NONE', ( #4326 ), #7909, .T. ) ;
#11218 = EDGE_CURVE ( 'NONE', #10691, #278, #3547, .T. ) ;
#11219 = FACE_OUTER_BOUND ( 'NONE', #11075, .T. ) ;
#11220 = EDGE_LOOP ( 'NONE', ( #1520, #7079, #2895, #3573 ) ) ;
#11221 = CARTESIAN_POINT ( 'NONE',  ( 10.90348519061599930, 17.30000000000000071, -15.45000000000000107 ) ) ;
#11222 = AXIS2_PLACEMENT_3D ( 'NONE', #10827, #10069, #7382 ) ;
#11223 = CARTESIAN_POINT ( 'NONE',  ( 8.755462857231998797, 4.000000000000000000, -19.51500000000000057 ) ) ;
#11224 = VECTOR ( 'NONE', #2326, 1000.000000000000000 ) ;
#11225 = VECTOR ( 'NONE', #2082, 1000.000000000000000 ) ;
#11226 = CARTESIAN_POINT ( 'NONE',  ( 4.395995370695852777, 3.610097424555069878, -11.72872454420143917 ) ) ;
#11227 = DIRECTION ( 'NONE',  ( 1.000000000000000000, 0.000000000000000000, 0.000000000000000000 ) ) ;
#11228 = FACE_OUTER_BOUND ( 'NONE', #925, .T. ) ;
#11229 = ORIENTED_EDGE ( 'NONE', *, *, #9709, .F. ) ;
#11230 = FACE_OUTER_BOUND ( 'NONE', #7914, .T. ) ;
#11231 = EDGE_CURVE ( 'NONE', #8170, #10952, #8076, .T. ) ;
#11232 = EDGE_CURVE ( 'NONE', #686, #5868, #9836, .T. ) ;
#11233 = CARTESIAN_POINT ( 'NONE',  ( 9.435797106966900216, 17.30000000000000071, -17.64999999999999858 ) ) ;
#11234 = ORIENTED_EDGE ( 'NONE', *, *, #10298, .F. ) ;
#11235 = VECTOR ( 'NONE', #1602, 1000.000000000000000 ) ;
#11236 = AXIS2_PLACEMENT_3D ( 'NONE', #6672, #2253, #5843 ) ;
#11237 = ORIENTED_EDGE ( 'NONE', *, *, #8934, .T. ) ;
#11238 = VERTEX_POINT ( 'NONE', #5372 ) ;
#11239 = ORIENTED_EDGE ( 'NONE', *, *, #1705, .F. ) ;
#11240 = DIRECTION ( 'NONE',  ( 0.000000000000000000, 0.000000000000000000, 1.000000000000000000 ) ) ;
#11241 = ORIENTED_EDGE ( 'NONE', *, *, #9860, .F. ) ;
#11242 = CARTESIAN_POINT ( 'NONE',  ( 15.48046285723199844, 4.000000000000000000, -14.75000000000000000 ) ) ;
#11243 = FACE_OUTER_BOUND ( 'NONE', #5970, .T. ) ;
#11244 = AXIS2_PLACEMENT_3D ( 'NONE', #4137, #8715, #1568 ) ;
#11245 = CIRCLE ( 'NONE', #9002, 1.475000000000000755 ) ;
#11246 = DIRECTION ( 'NONE',  ( 0.000000000000000000, -1.000000000000000000, 0.000000000000000000 ) ) ;
#11247 = ORIENTED_EDGE ( 'NONE', *, *, #1820, .T. ) ;
#11248 = LINE ( 'NONE', #8618, #5045 ) ;
#11249 = CARTESIAN_POINT ( 'NONE',  ( 15.38046285723200057, 3.700000000000000178, -4.750000000000000000 ) ) ;
#11250 = ORIENTED_EDGE ( 'NONE', *, *, #2533, .T. ) ;
#11251 = FACE_OUTER_BOUND ( 'NONE', #1198, .T. ) ;
#11252 = ORIENTED_EDGE ( 'NONE', *, *, #5928, .F. ) ;
#11253 = AXIS2_PLACEMENT_3D ( 'NONE', #510, #2331, #396 ) ;
#11254 = AXIS2_PLACEMENT_3D ( 'NONE', #1159, #7547, #10234 ) ;
#11255 = ORIENTED_EDGE ( 'NONE', *, *, #7913, .T. ) ;
#11256 = DIRECTION ( 'NONE',  ( 1.000000000000000000, 0.000000000000000000, 0.000000000000000000 ) ) ;
#11257 = CARTESIAN_POINT ( 'NONE',  ( 15.76546285723199858, 7.450000000000000178, -0.2500000000000000000 ) ) ;
#11258 = PLANE ( 'NONE',  #166 ) ;
#11259 = DIRECTION ( 'NONE',  ( 0.000000000000000000, 0.000000000000000000, 1.000000000000000000 ) ) ;
#11260 = CARTESIAN_POINT ( 'NONE',  ( 5.045462857231999720, 0.000000000000000000, -17.32499999999999929 ) ) ;
#11261 = VECTOR ( 'NONE', #8224, 1000.000000000000000 ) ;
#11262 = CARTESIAN_POINT ( 'NONE',  ( 2.345180392427999916, 4.000000000000000000, -11.04843802984000156 ) ) ;
#11263 = CARTESIAN_POINT ( 'NONE',  ( 5.775462857232000147, 4.000000000000000000, -6.989999999999999325 ) ) ;
#11264 = AXIS2_PLACEMENT_3D ( 'NONE', #9153, #11599, #8974 ) ;
#11265 = AXIS2_PLACEMENT_3D ( 'NONE', #9724, #2397, #4098 ) ;
#11266 = ORIENTED_EDGE ( 'NONE', *, *, #7277, .T. ) ;
#11267 = ORIENTED_EDGE ( 'NONE', *, *, #171, .T. ) ;
#11268 = CARTESIAN_POINT ( 'NONE',  ( 15.66044916634199957, 17.30000000000000071, -16.48871893137700084 ) ) ;
#11269 = VECTOR ( 'NONE', #2936, 1000.000000000000000 ) ;
#11270 = VECTOR ( 'NONE', #6705, 1000.000000000000000 ) ;
#11271 = DIRECTION ( 'NONE',  ( 0.000000000000000000, -1.000000000000000000, 0.000000000000000000 ) ) ;
#11272 = VECTOR ( 'NONE', #2588, 1000.000000000000000 ) ;
#11273 = LINE ( 'NONE', #7597, #7870 ) ;
#11274 = FACE_OUTER_BOUND ( 'NONE', #575, .T. ) ;
#11275 = ORIENTED_EDGE ( 'NONE', *, *, #7919, .T. ) ;
#11276 = CARTESIAN_POINT ( 'NONE',  ( 1.691207820469998513, 0.5179020277200070410, -13.77626524029201072 ) ) ;
#11277 = DIRECTION ( 'NONE',  ( 0.000000000000000000, 0.000000000000000000, 1.000000000000000000 ) ) ;
#11278 = VECTOR ( 'NONE', #3387, 1000.000000000000000 ) ;
#11279 = ORIENTED_EDGE ( 'NONE', *, *, #3663, .T. ) ;
#11280 = EDGE_CURVE ( 'NONE', #9436, #10872, #4510, .T. ) ;
#11281 = EDGE_CURVE ( 'NONE', #2509, #6606, #3484, .T. ) ;
#11282 = DIRECTION ( 'NONE',  ( 0.1961161351382035567, 0.9805806756909162258, 0.000000000000000000 ) ) ;
#11283 = DIRECTION ( 'NONE',  ( 0.000000000000000000, 0.000000000000000000, 1.000000000000000000 ) ) ;
#11284 = EDGE_CURVE ( 'NONE', #6860, #11021, #2732, .T. ) ;
#11285 = ADVANCED_FACE ( 'NONE', ( #10652 ), #8903, .F. ) ;
#11286 = CARTESIAN_POINT ( 'NONE',  ( 7.585462857231999756, 4.750000000000000000, -1.600000000000000089 ) ) ;
#11287 = CARTESIAN_POINT ( 'NONE',  ( 15.99546285723199901, 0.000000000000000000, -6.989999999999999325 ) ) ;
#11288 = PLANE ( 'NONE',  #11402 ) ;
#11289 = ORIENTED_EDGE ( 'NONE', *, *, #3830, .T. ) ;
#11290 = PLANE ( 'NONE',  #2475 ) ;
#11292 = EDGE_CURVE ( 'NONE', #5957, #4011, #9889, .T. ) ;
#11291 = DIRECTION ( 'NONE',  ( 0.06374322529215131761, 0.000000000000000000, 0.9979663327133606598 ) ) ;
#11293 = EDGE_CURVE ( 'NONE', #10784, #4241, #7847, .T. ) ;
#11294 = ORIENTED_EDGE ( 'NONE', *, *, #5637, .F. ) ;
#11295 = VERTEX_POINT ( 'NONE', #6209 ) ;
#11296 = VERTEX_POINT ( 'NONE', #9786 ) ;
#11297 = ORIENTED_EDGE ( 'NONE', *, *, #9640, .T. ) ;
#11298 = CARTESIAN_POINT ( 'NONE',  ( 17.58046285723199986, 0.000000000000000000, -13.87000000000000099 ) ) ;
#11299 = VERTEX_POINT ( 'NONE', #7028 ) ;
#11300 = PLANE ( 'NONE',  #9769 ) ;
#11301 = EDGE_CURVE ( 'NONE', #6531, #5906, #6592, .T. ) ;
#11302 = EDGE_CURVE ( 'NONE', #11360, #7976, #11061, .T. ) ;
#11303 = EDGE_CURVE ( 'NONE', #6636, #11200, #10875, .T. ) ;
#11304 = DIRECTION ( 'NONE',  ( 0.8869588142890469928, 0.000000000000000000, -0.4618485268515729048 ) ) ;
#11305 = DIRECTION ( 'NONE',  ( 0.000000000000000000, -1.000000000000000000, 0.000000000000000000 ) ) ;
#11306 = ORIENTED_EDGE ( 'NONE', *, *, #3851, .F. ) ;
#11307 = CARTESIAN_POINT ( 'NONE',  ( 1.650462857231999925, 0.5000000000000000000, -13.84113101510500066 ) ) ;
#11309 = EDGE_CURVE ( 'NONE', #6188, #5476, #3036, .T. ) ;
#11308 = LINE ( 'NONE', #8734, #6946 ) ;
#11310 = VERTEX_POINT ( 'NONE', #100 ) ;
#11311 = DIRECTION ( 'NONE',  ( -0.5773502691896257311, -0.5773502691896257311, -0.5773502691896257311 ) ) ;
#11312 = ORIENTED_EDGE ( 'NONE', *, *, #3757, .F. ) ;
#11313 = ORIENTED_EDGE ( 'NONE', *, *, #6655, .F. ) ;
#11314 = CARTESIAN_POINT ( 'NONE',  ( 9.615462857231998228, 0.000000000000000000, -21.25000000000000000 ) ) ;
#11315 = CARTESIAN_POINT ( 'NONE',  ( 11.29546285723199972, 4.000000000000000000, -19.86500000000000199 ) ) ;
#11316 = CARTESIAN_POINT ( 'NONE',  ( 14.78046285723200093, 3.700000000000000178, -4.750000000000000000 ) ) ;
#11317 = FACE_OUTER_BOUND ( 'NONE', #8517, .T. ) ;
#11318 = DIRECTION ( 'NONE',  ( 0.000000000000000000, -1.000000000000000000, 0.000000000000000000 ) ) ;
#11319 = CARTESIAN_POINT ( 'NONE',  ( 12.76546285723199858, 5.890000000000000568, -0.4500000000000000111 ) ) ;
#11320 = PLANE ( 'NONE',  #8469 ) ;
#11321 = ORIENTED_EDGE ( 'NONE', *, *, #8918, .T. ) ;
#11322 = VERTEX_POINT ( 'NONE', #3658 ) ;
#11323 = FACE_OUTER_BOUND ( 'NONE', #5693, .T. ) ;
#11324 = CARTESIAN_POINT ( 'NONE',  ( 15.36017068696845023, 17.30000000000000071, -17.07548742582395107 ) ) ;
#11325 = FACE_OUTER_BOUND ( 'NONE', #9371, .T. ) ;
#11326 = DIRECTION ( 'NONE',  ( 0.9874809300343374563, 0.000000000000000000, 0.1577384316472046910 ) ) ;
#11327 = LINE ( 'NONE', #9471, #9190 ) ;
#11328 = VERTEX_POINT ( 'NONE', #2865 ) ;
#11329 = FACE_OUTER_BOUND ( 'NONE', #7596, .T. ) ;
#11330 = CARTESIAN_POINT ( 'NONE',  ( 15.57890088707599929, 4.000000000000000000, -9.244717535199999503 ) ) ;
#11331 = VERTEX_POINT ( 'NONE', #1228 ) ;
#11332 = CARTESIAN_POINT ( 'NONE',  ( 7.050421201930000770, 17.30000000000000071, -17.08927577733999925 ) ) ;
#11333 = LINE ( 'NONE', #7824, #4844 ) ;
#11334 = CARTESIAN_POINT ( 'NONE',  ( 11.64546285723199937, 0.000000000000000000, -19.86500000000000199 ) ) ;
#11335 = DIRECTION ( 'NONE',  ( -1.000000000000000000, 0.000000000000000000, 0.000000000000000000 ) ) ;
#11336 = CYLINDRICAL_SURFACE ( 'NONE', #8044, 0.1499999999999999667 ) ;
#11337 = ORIENTED_EDGE ( 'NONE', *, *, #8934, .F. ) ;
#11338 = ADVANCED_FACE ( 'NONE', ( #4799 ), #8375, .T. ) ;
#11339 = EDGE_CURVE ( 'NONE', #2881, #9919, #6632, .T. ) ;
#11340 = PLANE ( 'NONE',  #5676 ) ;
#11341 = DIRECTION ( 'NONE',  ( 0.9979663327133609929, 0.000000000000000000, 0.06374322529214700161 ) ) ;
#11342 = ORIENTED_EDGE ( 'NONE', *, *, #4938, .F. ) ;
#11343 = EDGE_CURVE ( 'NONE', #32, #7625, #2969, .T. ) ;
#11344 = VERTEX_POINT ( 'NONE', #9200 ) ;
#11345 = ORIENTED_EDGE ( 'NONE', *, *, #2137, .T. ) ;
#11346 = B_SPLINE_CURVE_WITH_KNOTS ( 'NONE', 3,
 ( #6802, #9435, #9373, #10242 ),
 .UNSPECIFIED., .F., .F.,
 ( 4, 4 ),
 ( 0.000000000000000000, 1.000000000000000000 ),
 .UNSPECIFIED. ) ;
#11347 = VERTEX_POINT ( 'NONE', #1167 ) ;
#11348 = DIRECTION ( 'NONE',  ( -0.9805806756909163369, -0.1961161351382035567, 0.000000000000000000 ) ) ;
#11349 = ORIENTED_EDGE ( 'NONE', *, *, #398, .F. ) ;
#11350 = SPHERICAL_SURFACE ( 'NONE', #4154, 0.2300000000000000100 ) ;
#11351 = DIRECTION ( 'NONE',  ( 0.000000000000000000, 0.000000000000000000, -1.000000000000000000 ) ) ;
#11352 = FACE_OUTER_BOUND ( 'NONE', #7406, .T. ) ;
#11353 = EDGE_LOOP ( 'NONE', ( #11570, #3719, #2002, #10337, #10540, #3706 ) ) ;
#11354 = CARTESIAN_POINT ( 'NONE',  ( 8.855462857232000218, 0.000000000000000000, -19.51500000000000057 ) ) ;
#11355 = ORIENTED_EDGE ( 'NONE', *, *, #7299, .F. ) ;
#11356 = EDGE_CURVE ( 'NONE', #1831, #10990, #3, .T. ) ;
#11357 = ADVANCED_FACE ( 'NONE', ( #10190 ), #1098, .T. ) ;
#11358 = EDGE_CURVE ( 'NONE', #6823, #8354, #4672, .T. ) ;
#11359 = CARTESIAN_POINT ( 'NONE',  ( 15.74775042278500337, 14.63228756555300158, -0.2677124344499999808 ) ) ;
#11360 = VERTEX_POINT ( 'NONE', #3791 ) ;
#11361 = CARTESIAN_POINT ( 'NONE',  ( 6.215462857231999649, 4.000000000000000000, -19.51500000000000057 ) ) ;
#11362 = DIRECTION ( 'NONE',  ( 0.9008297724898179926, 0.000000000000000000, -0.4341724553630076366 ) ) ;
#11363 = CARTESIAN_POINT ( 'NONE',  ( 9.615462857231998228, 0.000000000000000000, -21.25000000000000000 ) ) ;
#11364 = ORIENTED_EDGE ( 'NONE', *, *, #10695, .T. ) ;
#11365 = DIRECTION ( 'NONE',  ( 0.000000000000000000, 0.000000000000000000, -1.000000000000000000 ) ) ;
#11366 = FACE_OUTER_BOUND ( 'NONE', #6774, .T. ) ;
#11367 = DIRECTION ( 'NONE',  ( -1.000000000000000000, 0.000000000000000000, 0.000000000000000000 ) ) ;
#11368 = AXIS2_PLACEMENT_3D ( 'NONE', #10450, #7706, #3291 ) ;
#11369 = LINE ( 'NONE', #10608, #780 ) ;
#11370 = ADVANCED_FACE ( 'NONE', ( #9955 ), #10949, .F. ) ;
#11371 = ADVANCED_FACE ( 'NONE', ( #7487 ), #3900, .F. ) ;
#11372 = LINE ( 'NONE', #2474, #5458 ) ;
#11373 =( BOUNDED_SURFACE ( )  B_SPLINE_SURFACE ( 3, 3, ( 
 ( #7521, #10160, #3170, #2304 ),
 ( #9286, #3065, #6656, #1247 ),
 ( #10210, #11147, #3112, #4882 ),
 ( #10328, #1304, #2180, #8464 ) ),
 .UNSPECIFIED., .F., .F., .F. ) 
 B_SPLINE_SURFACE_WITH_KNOTS ( ( 4, 4 ),
 ( 4, 4 ),
 ( 0.000000000000000000, 1.000000000000000000 ),
 ( 0.000000000000000000, 1.000000000000000000 ),
 .UNSPECIFIED. ) 
 GEOMETRIC_REPRESENTATION_ITEM ( )  RATIONAL_B_SPLINE_SURFACE ( (
 ( 1.826639217224000022, 1.203690208500999947, 1.203690208500999947, 1.826639217224000022),
 ( 1.182697249577000065, 0.7793553787268999722, 0.7793553787268999722, 1.182697249577000065),
 ( 1.182697249577000065, 0.7793553787268999722, 0.7793553787268999722, 1.182697249577000065),
 ( 1.826639217224000022, 1.203690208500999947, 1.203690208500999947, 1.826639217224000022) ) ) 
 REPRESENTATION_ITEM ( '' )  SURFACE ( )  );
#11374 = ORIENTED_EDGE ( 'NONE', *, *, #7338, .T. ) ;
#11375 = EDGE_LOOP ( 'NONE', ( #8047, #3613, #1096, #491 ) ) ;
#11376 = CARTESIAN_POINT ( 'NONE',  ( 13.01546285723199858, 4.000000000000000000, -17.32499999999999929 ) ) ;
#11377 = AXIS2_PLACEMENT_3D ( 'NONE', #262, #9179, #3018 ) ;
#11378 = FACE_OUTER_BOUND ( 'NONE', #9704, .T. ) ;
#11379 = CARTESIAN_POINT ( 'NONE',  ( 13.32716239665499813, 17.10000000000000142, -16.98816152811100011 ) ) ;
#11380 = CARTESIAN_POINT ( 'NONE',  ( 9.205462857231999863, 4.000000000000000000, -19.86500000000000199 ) ) ;
#11381 = CARTESIAN_POINT ( 'NONE',  ( 17.43287131811865720, 4.147584255299955558, -0.01526471559730685837 ) ) ;
#11382 = ORIENTED_EDGE ( 'NONE', *, *, #10133, .F. ) ;
#11383 = CARTESIAN_POINT ( 'NONE',  ( 13.32716238510390028, 17.30000000000000071, -16.76448470581705052 ) ) ;
#11384 = AXIS2_PLACEMENT_3D ( 'NONE', #1566, #624, #562 ) ;
#11385 = LINE ( 'NONE', #5180, #7743 ) ;
#11386 = VECTOR ( 'NONE', #7994, 1000.000000000000000 ) ;
#11387 = VERTEX_POINT ( 'NONE', #5687 ) ;
#11388 = CARTESIAN_POINT ( 'NONE',  ( 1.470133353637002482, 4.480504497176994505, -13.99001639344401582 ) ) ;
#11389 = DIRECTION ( 'NONE',  ( 0.000000000000000000, -1.000000000000000000, 0.000000000000000000 ) ) ;
#11390 = VECTOR ( 'NONE', #714, 1000.000000000000000 ) ;
#11391 = CARTESIAN_POINT ( 'NONE',  ( 13.83546285723200064, 4.000000000000000000, -19.86500000000000199 ) ) ;
#11392 = DIRECTION ( 'NONE',  ( -0.7071067811864976127, 0.000000000000000000, -0.7071067811865975328 ) ) ;
#11393 = VECTOR ( 'NONE', #2354, 1000.000000000000000 ) ;
#11394 = VECTOR ( 'NONE', #832, 1000.000000000000000 ) ;
#11395 = CARTESIAN_POINT ( 'NONE',  ( 1.880462857232000129, 17.06999999999999673, 0.000000000000000000 ) ) ;
#11396 = EDGE_LOOP ( 'NONE', ( #8963, #8256, #10880 ) ) ;
#11397 = LINE ( 'NONE', #1571, #2483 ) ;
#11398 = SURFACE_SIDE_STYLE ('',( #5145 ) ) ;
#11399 = ORIENTED_EDGE ( 'NONE', *, *, #4576, .F. ) ;
#11400 = ORIENTED_EDGE ( 'NONE', *, *, #9856, .F. ) ;
#11401 = ORIENTED_EDGE ( 'NONE', *, *, #6943, .F. ) ;
#11402 = AXIS2_PLACEMENT_3D ( 'NONE', #3090, #4967, #6735 ) ;
#11403 = VERTEX_POINT ( 'NONE', #1919 ) ;
#11404 = VECTOR ( 'NONE', #10631, 1000.000000000000000 ) ;
#11405 = DIRECTION ( 'NONE',  ( -1.000000000000000000, 0.000000000000000000, 0.000000000000000000 ) ) ;
#11406 = VERTEX_POINT ( 'NONE', #5502 ) ;
#11407 = LINE ( 'NONE', #3373, #439 ) ;
#11408 = CARTESIAN_POINT ( 'NONE',  ( 16.42783201400199999, 6.500000000000000000, -0.2000000000000000111 ) ) ;
#11409 = ORIENTED_EDGE ( 'NONE', *, *, #10994, .F. ) ;
#11410 = AXIS2_PLACEMENT_3D ( 'NONE', #2951, #4544, #8117 ) ;
#11411 = AXIS2_PLACEMENT_3D ( 'NONE', #11543, #4461, #7106 ) ;
#11412 = DIRECTION ( 'NONE',  ( 0.000000000000000000, -1.000000000000000000, 0.000000000000000000 ) ) ;
#11413 = ORIENTED_EDGE ( 'NONE', *, *, #6356, .F. ) ;
#11414 = CARTESIAN_POINT ( 'NONE',  ( 3.471367002044662087, 14.60612924678075331, -0.2559041448166656796 ) ) ;
#11415 = EDGE_LOOP ( 'NONE', ( #4386, #2161, #11069, #8341, #1908, #7167, #6148 ) ) ;
#11416 = ADVANCED_FACE ( 'NONE', ( #332 ), #2159, .T. ) ;
#11417 = VECTOR ( 'NONE', #7103, 1000.000000000000000 ) ;
#11418 = LINE ( 'NONE', #7801, #3618 ) ;
#11419 = EDGE_CURVE ( 'NONE', #1189, #8685, #7513, .T. ) ;
#11420 = VECTOR ( 'NONE', #7631, 1000.000000000000000 ) ;
#11421 = CARTESIAN_POINT ( 'NONE',  ( 15.33046285723199986, 0.5000000000000000000, -10.80000000000000071 ) ) ;
#11422 = ADVANCED_FACE ( 'NONE', ( #8180 ), #3721, .T. ) ;
#11423 = ADVANCED_FACE ( 'NONE', ( #9316 ), #7610, .F. ) ;
#11424 = DIRECTION ( 'NONE',  ( -1.000000000000000000, 0.000000000000000000, 0.000000000000000000 ) ) ;
#11425 = ORIENTED_EDGE ( 'NONE', *, *, #7653, .T. ) ;
#11426 = CARTESIAN_POINT ( 'NONE',  ( 15.76546285723199858, 7.115000000000000213, 0.000000000000000000 ) ) ;
#11427 = CARTESIAN_POINT ( 'NONE',  ( 15.33046285723199986, 4.000000000000000000, -10.80000000000000071 ) ) ;
#11428 = CARTESIAN_POINT ( 'NONE',  ( 14.96184219096700119, 17.30000000000000071, -17.64999999999999858 ) ) ;
#11429 = AXIS2_PLACEMENT_3D ( 'NONE', #9557, #2455, #9450 ) ;
#11430 = CARTESIAN_POINT ( 'NONE',  ( 10.90348519061599930, 17.30000000000000071, -15.45000000000000107 ) ) ;
#11431 = EDGE_CURVE ( 'NONE', #5471, #811, #944, .T. ) ;
#11432 = CARTESIAN_POINT ( 'NONE',  ( 11.81964114879099981, 17.30000000000000071, -16.37841224074399804 ) ) ;
#11433 = ORIENTED_EDGE ( 'NONE', *, *, #2176, .F. ) ;
#11434 = ORIENTED_EDGE ( 'NONE', *, *, #4626, .T. ) ;
#11435 = DIRECTION ( 'NONE',  ( -8.673694738343999964E-13, -1.000000000000000000, 1.390633328440999963E-13 ) ) ;
#11436 = COLOUR_RGB ( '',0.7921568627450980005, 0.8196078431372548767, 0.9333333333333333481 ) ;
#11437 = VECTOR ( 'NONE', #9191, 1000.000000000000000 ) ;
#11438 = EDGE_CURVE ( 'NONE', #9764, #5007, #4323, .T. ) ;
#11439 = EDGE_CURVE ( 'NONE', #638, #2735, #9483, .T. ) ;
#11440 = PLANE ( 'NONE',  #525 ) ;
#11441 = VECTOR ( 'NONE', #6692, 1000.000000000000000 ) ;
#11442 = CARTESIAN_POINT ( 'NONE',  ( 15.84888880953654677, 17.30000000000000071, -16.78286903039980160 ) ) ;
#11443 = CARTESIAN_POINT ( 'NONE',  ( 16.78699722903299829, 0.5000000000000000000, -10.56733581331999972 ) ) ;
#11444 = CARTESIAN_POINT ( 'NONE',  ( 17.58046285723199986, 0.000000000000000000, -13.83000000000000007 ) ) ;
#11445 = ORIENTED_EDGE ( 'NONE', *, *, #8148, .F. ) ;
#11446 = VECTOR ( 'NONE', #657, 1000.000000000000000 ) ;
#11447 = AXIS2_PLACEMENT_3D ( 'NONE', #9144, #7256, #2924 ) ;
#11448 = CARTESIAN_POINT ( 'NONE',  ( 12.90278829045572095, 17.30000000000000071, -16.65417823791480245 ) ) ;
#11449 = EDGE_CURVE ( 'NONE', #9553, #10583, #11346, .T. ) ;
#11450 = CARTESIAN_POINT ( 'NONE',  ( 15.99546285723199901, 4.000000000000000000, -6.989999999999999325 ) ) ;
#11451 = EDGE_LOOP ( 'NONE', ( #2384, #9112, #7561, #10148 ) ) ;
#11452 = VECTOR ( 'NONE', #2339, 1000.000000000000000 ) ;
#11453 = CARTESIAN_POINT ( 'NONE',  ( 1.691207820469998513, 4.475877390722003746, -13.77626524049900247 ) ) ;
#11454 = AXIS2_PLACEMENT_3D ( 'NONE', #6191, #7066, #8892 ) ;
#11455 = DIRECTION ( 'NONE',  ( 0.000000000000000000, 0.000000000000000000, -1.000000000000000000 ) ) ;
#11456 = VECTOR ( 'NONE', #5884, 1000.000000000000000 ) ;
#11457 = CARTESIAN_POINT ( 'NONE',  ( 11.84546285723200043, 4.549999999999999822, 0.000000000000000000 ) ) ;
#11458 = CARTESIAN_POINT ( 'NONE',  ( 10.12546285723199979, 0.000000000000000000, -17.32499999999999929 ) ) ;
#11459 = FACE_OUTER_BOUND ( 'NONE', #4258, .T. ) ;
#11460 = EDGE_LOOP ( 'NONE', ( #11434, #10006, #9087, #10785 ) ) ;
#11461 = CIRCLE ( 'NONE', #3978, 0.1000000000000002692 ) ;
#11462 = DIRECTION ( 'NONE',  ( 0.000000000000000000, 0.000000000000000000, -1.000000000000000000 ) ) ;
#11463 = AXIS2_PLACEMENT_3D ( 'NONE', #949, #4531, #8107 ) ;
#11464 = ORIENTED_EDGE ( 'NONE', *, *, #9384, .F. ) ;
#11465 = VECTOR ( 'NONE', #10003, 1000.000000000000000 ) ;
#11466 = VERTEX_POINT ( 'NONE', #4081 ) ;
#11467 = ORIENTED_EDGE ( 'NONE', *, *, #9006, .T. ) ;
#11468 = VERTEX_POINT ( 'NONE', #3258 ) ;
#11469 = DIRECTION ( 'NONE',  ( 0.000000000000000000, 0.000000000000000000, -1.000000000000000000 ) ) ;
#11470 = VECTOR ( 'NONE', #7857, 1000.000000000000000 ) ;
#11471 = PLANE ( 'NONE',  #8833 ) ;
#11472 = VECTOR ( 'NONE', #3287, 1000.000000000000227 ) ;
#11473 = DIRECTION ( 'NONE',  ( -1.000000000000000000, 0.000000000000000000, 0.000000000000000000 ) ) ;
#11474 = ORIENTED_EDGE ( 'NONE', *, *, #406, .F. ) ;
#11475 = DIRECTION ( 'NONE',  ( 1.000000000000000000, 0.000000000000000000, 0.000000000000000000 ) ) ;
#11476 = VERTEX_POINT ( 'NONE', #460 ) ;
#11477 = FACE_OUTER_BOUND ( 'NONE', #4564, .T. ) ;
#11478 = ORIENTED_EDGE ( 'NONE', *, *, #5406, .T. ) ;
#11479 = DIRECTION ( 'NONE',  ( 0.000000000000000000, -1.000000000000000000, 0.000000000000000000 ) ) ;
#11480 = DIRECTION ( 'NONE',  ( -0.1961161351382035567, 0.9805806756909163369, 0.000000000000000000 ) ) ;
#11481 = EDGE_LOOP ( 'NONE', ( #7, #5540, #9661, #46 ) ) ;
#11482 = LINE ( 'NONE', #2743, #7672 ) ;
#11483 = CARTESIAN_POINT ( 'NONE',  ( 9.435797106966900216, 17.10000000000000142, -17.64999999999999858 ) ) ;
#11484 = DIRECTION ( 'NONE',  ( 1.000000000000000000, 0.000000000000000000, 0.000000000000000000 ) ) ;
#11485 = EDGE_CURVE ( 'NONE', #4250, #2510, #4203, .T. ) ;
#11486 = EDGE_CURVE ( 'NONE', #5683, #10650, #633, .T. ) ;
#11487 = CARTESIAN_POINT ( 'NONE',  ( 3.850462857231999880, 3.600000000000000089, -9.225793850860000589 ) ) ;
#11488 = LINE ( 'NONE', #826, #11472 ) ;
#11489 = EDGE_CURVE ( 'NONE', #11295, #7565, #6954, .T. ) ;
#11490 = ORIENTED_EDGE ( 'NONE', *, *, #4798, .F. ) ;
#11491 = CARTESIAN_POINT ( 'NONE',  ( 1.470133353637002482, 4.480504497276999842, -13.70998360676699335 ) ) ;
#11492 = EDGE_CURVE ( 'NONE', #8624, #7434, #2211, .T. ) ;
#11493 = DIRECTION ( 'NONE',  ( 0.000000000000000000, -1.000000000000000000, 0.000000000000000000 ) ) ;
#11494 = DIRECTION ( 'NONE',  ( 0.4531010533589870937, 0.000000000000000000, 0.8914591608396742473 ) ) ;
#11495 = DIRECTION ( 'NONE',  ( 0.000000000000000000, 0.000000000000000000, 1.000000000000000000 ) ) ;
#11496 = ORIENTED_EDGE ( 'NONE', *, *, #7854, .F. ) ;
#11497 = B_SPLINE_CURVE_WITH_KNOTS ( 'NONE', 3,
 ( #3832, #8306, #10048, #265 ),
 .UNSPECIFIED., .F., .F.,
 ( 4, 4 ),
 ( 0.000000000000000000, 1.000000000000000000 ),
 .UNSPECIFIED. ) ;
#11498 = CARTESIAN_POINT ( 'NONE',  ( 15.36017067444104889, 17.30000000000000071, -16.76448470581724948 ) ) ;
#11499 = DIRECTION ( 'NONE',  ( 1.000000000000000000, 0.000000000000000000, 0.000000000000000000 ) ) ;
#11500 = EDGE_CURVE ( 'NONE', #8672, #6134, #7704, .T. ) ;
#11501 = EDGE_CURVE ( 'NONE', #3351, #4452, #3146, .T. ) ;
#11502 = ADVANCED_FACE ( 'NONE', ( #5966 ), #10302, .F. ) ;
#11503 = ORIENTED_EDGE ( 'NONE', *, *, #10647, .T. ) ;
#11504 = PLANE ( 'NONE',  #5086 ) ;
#11505 = PLANE ( 'NONE',  #9541 ) ;
#11506 = DIRECTION ( 'NONE',  ( 0.000000000000000000, -1.000000000000000000, 0.000000000000000000 ) ) ;
#11507 = LINE ( 'NONE', #8940, #6526 ) ;
#11508 = CARTESIAN_POINT ( 'NONE',  ( 7.485462857232000111, 0.5000000000000000000, -17.32499999999999929 ) ) ;
#11509 = FACE_OUTER_BOUND ( 'NONE', #1264, .T. ) ;
#11510 = EDGE_LOOP ( 'NONE', ( #907, #7031, #1085, #8723 ) ) ;
#11511 = DIRECTION ( 'NONE',  ( 0.000000000000000000, -1.000000000000000000, 0.000000000000000000 ) ) ;
#11512 = CARTESIAN_POINT ( 'NONE',  ( 3.465462857232000093, 9.679999999999999716, 0.000000000000000000 ) ) ;
#11513 = ORIENTED_EDGE ( 'NONE', *, *, #6376, .T. ) ;
#11514 = ORIENTED_EDGE ( 'NONE', *, *, #10927, .F. ) ;
#11515 = VERTEX_POINT ( 'NONE', #4029 ) ;
#11516 = VERTEX_POINT ( 'NONE', #11174 ) ;
#11517 = CARTESIAN_POINT ( 'NONE',  ( 11.64546285723199937, 0.000000000000000000, -19.86500000000000199 ) ) ;
#11518 = DIRECTION ( 'NONE',  ( 0.1577384316472061065, 0.000000000000000000, 0.9874809300343372342 ) ) ;
#11519 = CARTESIAN_POINT ( 'NONE',  ( 12.61170228694399853, 17.30000000000000071, -15.45000000000000107 ) ) ;
#11520 = CARTESIAN_POINT ( 'NONE',  ( 1.650462857231999925, 4.000000000000000000, -13.08000000000000007 ) ) ;
#11521 = VERTEX_POINT ( 'NONE', #8549 ) ;
#11522 = DIRECTION ( 'NONE',  ( 0.000000000000000000, 0.000000000000000000, -1.000000000000000000 ) ) ;
#11523 = EDGE_LOOP ( 'NONE', ( #5263, #8832, #10143, #22, #881, #10345 ) ) ;
#11524 = PLANE ( 'NONE',  #1170 ) ;
#11525 = VERTEX_POINT ( 'NONE', #10471 ) ;
#11526 = DIRECTION ( 'NONE',  ( -0.9979663327133573292, 0.000000000000000000, 0.06374322529220315114 ) ) ;
#11527 = FACE_OUTER_BOUND ( 'NONE', #5254, .T. ) ;
#11528 = CARTESIAN_POINT ( 'NONE',  ( 15.09779867055200064, 0.5000000000000000000, -12.25653437180100092 ) ) ;
#11529 = VERTEX_POINT ( 'NONE', #3306 ) ;
#11530 = DIRECTION ( 'NONE',  ( 1.000000000000000000, 0.000000000000000000, 0.000000000000000000 ) ) ;
#11531 = CARTESIAN_POINT ( 'NONE',  ( 1.880462857232000129, 17.06999999999999673, -0.2300000000000000100 ) ) ;
#11532 = CARTESIAN_POINT ( 'NONE',  ( 13.49399962550600129, 17.10000000000000142, -17.56236614695500009 ) ) ;
#11533 = CARTESIAN_POINT ( 'NONE',  ( 17.58046285723199986, 4.203779420528999999, -13.55113101483900095 ) ) ;
#11534 = DIRECTION ( 'NONE',  ( 0.000000000000000000, -1.000000000000000000, 0.000000000000000000 ) ) ;
#11535 = VERTEX_POINT ( 'NONE', #7665 ) ;
#11536 = ADVANCED_FACE ( 'NONE', ( #7730 ), #5862, .F. ) ;
#11537 = CYLINDRICAL_SURFACE ( 'NONE', #5474, 1.210040583880999776 ) ;
#11538 = EDGE_CURVE ( 'NONE', #5897, #8511, #3207, .T. ) ;
#11539 = CARTESIAN_POINT ( 'NONE',  ( 11.81964114879099981, 17.30000000000000071, -16.10264624357199992 ) ) ;
#11540 = EDGE_CURVE ( 'NONE', #3223, #736, #5269, .T. ) ;
#11541 = DIRECTION ( 'NONE',  ( 0.9979663327133606598, 0.000000000000000000, -0.06374322529215076250 ) ) ;
#11542 = CARTESIAN_POINT ( 'NONE',  ( 15.11546285723200000, 11.67999999999999972, 0.000000000000000000 ) ) ;
#11543 = CARTESIAN_POINT ( 'NONE',  ( 2.360422273350999856, 0.5000000000000000000, -12.34004058388099878 ) ) ;
#11544 = ORIENTED_EDGE ( 'NONE', *, *, #10574, .F. ) ;
#11545 = EDGE_CURVE ( 'NONE', #10598, #334, #6852, .T. ) ;
#11546 = CARTESIAN_POINT ( 'NONE',  ( 12.90278829045572095, 17.10000000000000142, -16.65417823791480245 ) ) ;
#11547 = LINE ( 'NONE', #3511, #800 ) ;
#11548 = ORIENTED_EDGE ( 'NONE', *, *, #6664, .F. ) ;
#11549 = CIRCLE ( 'NONE', #4263, 0.2300000000000010369 ) ;
#11550 = DIRECTION ( 'NONE',  ( 1.000000000000000000, 0.000000000000000000, 0.000000000000000000 ) ) ;
#11551 = EDGE_CURVE ( 'NONE', #9436, #7611, #2507, .T. ) ;
#11552 = FACE_BOUND ( 'NONE', #1063, .T. ) ;
#11553 = CARTESIAN_POINT ( 'NONE',  ( 16.78699722903299829, 0.5000000000000000000, -11.03266418667999993 ) ) ;
#11554 = ADVANCED_FACE ( 'NONE', ( #7067 ), #6604, .T. ) ;
#11555 = LINE ( 'NONE', #11391, #8591 ) ;
#11556 = CARTESIAN_POINT ( 'NONE',  ( 15.76546285723199858, 11.67999999999999972, -0.2500000000000000000 ) ) ;
#11557 = ORIENTED_EDGE ( 'NONE', *, *, #4204, .T. ) ;
#11558 = EDGE_CURVE ( 'NONE', #9560, #5657, #8848, .T. ) ;
#11559 = AXIS2_PLACEMENT_3D ( 'NONE', #8082, #227, #2037 ) ;
#11560 = EDGE_CURVE ( 'NONE', #4250, #152, #676, .T. ) ;
#11561 = CARTESIAN_POINT ( 'NONE',  ( 15.78607534144900093, 17.30000000000000071, -16.61434546709099891 ) ) ;
#11562 = DIRECTION ( 'NONE',  ( 0.000000000000000000, -1.000000000000000000, 0.000000000000000000 ) ) ;
#11563 = VERTEX_POINT ( 'NONE', #10635 ) ;
#11564 = VECTOR ( 'NONE', #9820, 1000.000000000000000 ) ;
#11565 = LINE ( 'NONE', #5144, #7545 ) ;
#11566 =( LENGTH_UNIT ( ) NAMED_UNIT ( * ) SI_UNIT ( .MILLI., .METRE. ) );
#11567 = ORIENTED_EDGE ( 'NONE', *, *, #6212, .T. ) ;
#11568 = EDGE_CURVE ( 'NONE', #8484, #4809, #4314, .T. ) ;
#11569 = ORIENTED_EDGE ( 'NONE', *, *, #6849, .T. ) ;
#11570 = ORIENTED_EDGE ( 'NONE', *, *, #2041, .F. ) ;
#11571 = B_SPLINE_SURFACE_WITH_KNOTS ( 'NONE', 3, 1, ( 
 ( #7641, #3180 ),
 ( #9468, #5001 ),
 ( #8583, #546 ),
 ( #6235, #4455 ) ),
 .UNSPECIFIED., .F., .F., .F.,
 ( 4, 4 ),
 ( 2, 2 ),
 ( 0.04464829712404464607, 0.9518067635356539657 ),
 ( 0.000000000000000000, 1.000000000000000000 ),
 .UNSPECIFIED. ) ;
#11572 = ORIENTED_EDGE ( 'NONE', *, *, #1572, .T. ) ;
#11573 = DIRECTION ( 'NONE',  ( -1.000000000000000000, 0.000000000000000000, 0.000000000000000000 ) ) ;
#11574 = AXIS2_PLACEMENT_3D ( 'NONE', #7371, #10815, #9078 ) ;
#11575 = DIRECTION ( 'NONE',  ( -1.000000000000000000, 0.000000000000000000, 0.000000000000000000 ) ) ;
#11576 = VECTOR ( 'NONE', #651, 1000.000000000000000 ) ;
#11577 = VECTOR ( 'NONE', #9283, 1000.000000000000000 ) ;
#11578 = CARTESIAN_POINT ( 'NONE',  ( 15.09779867055200064, 0.5000000000000000000, -9.343465628199998818 ) ) ;
#11579 = EDGE_CURVE ( 'NONE', #5020, #2151, #9767, .T. ) ;
#11580 = EDGE_CURVE ( 'NONE', #9866, #9647, #4254, .T. ) ;
#11581 = DIRECTION ( 'NONE',  ( -0.9874809300343376783, 0.000000000000000000, -0.1577384316472046077 ) ) ;
#11582 = ORIENTED_EDGE ( 'NONE', *, *, #6665, .F. ) ;
#11583 = VECTOR ( 'NONE', #4650, 1000.000000000000000 ) ;
#11584 = CARTESIAN_POINT ( 'NONE',  ( 5.440503441113000882, 0.5000000000000000000, -12.34004058388099878 ) ) ;
#11585 = ORIENTED_EDGE ( 'NONE', *, *, #11085, .T. ) ;
#11586 = CIRCLE ( 'NONE', #8785, 0.2000000000000005107 ) ;
#11587 = VECTOR ( 'NONE', #2987, 1000.000000000000000 ) ;
#11588 = EDGE_LOOP ( 'NONE', ( #5671, #6682, #3289 ) ) ;
#11589 = EDGE_LOOP ( 'NONE', ( #9196, #5326, #9976, #4257 ) ) ;
#11590 = DIRECTION ( 'NONE',  ( 1.000000000000000000, 0.000000000000000000, 0.000000000000000000 ) ) ;
#11591 = VECTOR ( 'NONE', #5368, 1000.000000000000000 ) ;
#11592 = LINE ( 'NONE', #930, #11278 ) ;
#11593 = AXIS2_PLACEMENT_3D ( 'NONE', #5186, #3423, #3363 ) ;
#11594 = CARTESIAN_POINT ( 'NONE',  ( 11.81964114879099981, 17.30000000000000071, -16.37841224074399804 ) ) ;
#11595 = ORIENTED_EDGE ( 'NONE', *, *, #1041, .F. ) ;
#11596 = CARTESIAN_POINT ( 'NONE',  ( 14.61546285723200000, 11.67999999999999972, -9.799999999999998934 ) ) ;
#11597 = FACE_OUTER_BOUND ( 'NONE', #7208, .T. ) ;
#11598 = FACE_OUTER_BOUND ( 'NONE', #131, .T. ) ;
#11599 = DIRECTION ( 'NONE',  ( 0.000000000000000000, -1.000000000000000000, 0.000000000000000000 ) ) ;
#11600 = CARTESIAN_POINT ( 'NONE',  ( 13.62744035248599950, 17.10000000000000142, -16.48871840685599821 ) ) ;
#11601 = VECTOR ( 'NONE', #7222, 1000.000000000000000 ) ;
#11602 = ORIENTED_EDGE ( 'NONE', *, *, #2910, .T. ) ;
#11603 = VECTOR ( 'NONE', #8389, 1000.000000000000000 ) ;
#11604 = ORIENTED_EDGE ( 'NONE', *, *, #912, .T. ) ;
ENDSEC;
END-ISO-10303-21;
